seed,threshold,n,t_max,dt,peak_drift,final_drift,peak_time,branches,passed_i16,passed_i18,reference,run_id
7,0.3,16,3.0,0.01,0.06185634398650864,0.04145574335591185,2.02,4,true,false,I16,000000
8,0.3,8,0.3,0.01,0.01775983693785932,0.01775983693785932,0.3,1,false,true,I18,000001
0,0.05,4,0.3,0.005,0.0021340333344894713,0.0021340333344894713,0.3,4,true,true,candidate,000002
0,0.05,4,0.3,0.01,0.002134033339700192,0.002134033339700192,0.3,4,true,true,candidate,000003
0,0.05,4,0.3,0.02,0.002134033411837377,0.002134033411837377,0.3,4,true,true,candidate,000004
0,0.05,4,0.5,0.005,0.00774883753265998,0.00774883753265998,0.5,4,true,true,candidate,000005
0,0.05,4,0.5,0.01,0.007748837540554776,0.007748837540554776,0.5,4,true,true,candidate,000006
0,0.05,4,0.5,0.02,0.00774883764817913,0.00774883764817913,0.5,4,true,true,candidate,000007
0,0.05,4,1.0,0.005,0.02890109149210507,0.02890109149210507,1.0,4,true,true,candidate,000008
0,0.05,4,1.0,0.01,0.028901091508172216,0.028901091508172216,1.0,4,true,true,candidate,000009
0,0.05,4,1.0,0.02,0.02890109172785893,0.02890109172785893,1.0,4,true,true,candidate,000010
0,0.05,4,3.0,0.005,0.048529716186282545,0.030683037163186322,1.85,4,true,false,candidate,000011
0,0.05,4,3.0,0.01,0.048529716229163355,0.030683037231689747,1.85,4,true,false,candidate,000012
0,0.05,4,3.0,0.02,0.04852769571923998,0.030683038227996562,1.84,4,true,false,candidate,000013
0,0.05,6,0.3,0.005,0.00451096167385634,0.00451096167385634,0.3,6,true,true,candidate,000014
0,0.05,6,0.3,0.01,0.004510961656028378,0.004510961656028378,0.3,6,true,true,candidate,000015
0,0.05,6,0.3,0.02,0.004510961337693464,0.004510961337693464,0.3,6,true,true,candidate,000016
0,0.05,6,0.5,0.005,0.01095078345409739,0.01095078345409739,0.5,6,true,true,candidate,000017
0,0.05,6,0.5,0.01,0.010950783421492805,0.010950783421492805,0.5,6,true,true,candidate,000018
0,0.05,6,0.5,0.02,0.010950782843379248,0.010950782843379248,0.5,6,true,true,candidate,000019
0,0.05,6,1.0,0.005,0.02778541018375269,0.02778541018375269,1.0,6,true,true,candidate,000020
0,0.05,6,1.0,0.01,0.027785410114131937,0.027785410114131937,1.0,6,true,true,candidate,000021
0,0.05,6,1.0,0.02,0.027785408880728113,0.027785408880728113,1.0,6,true,true,candidate,000022
0,0.05,6,3.0,0.005,0.05632542307070665,0.05632542307070665,3.0,6,true,false,candidate,000023
0,0.05,6,3.0,0.01,0.056325422841547956,0.056325422841547956,3.0,6,true,false,candidate,000024
0,0.05,6,3.0,0.02,0.05632541874988983,0.05632541874988983,3.0,6,true,false,candidate,000025
0,0.05,8,0.3,0.005,0.0022053907798356143,0.0022053907798356143,0.3,8,true,true,candidate,000026
0,0.05,8,0.3,0.01,0.0022053907688546204,0.0022053907688546204,0.3,8,true,true,candidate,000027
0,0.05,8,0.3,0.02,0.002205390345605185,0.002205390345605185,0.3,8,true,true,candidate,000028
0,0.05,8,0.5,0.005,0.0028211130866093725,0.002685295535572285,0.44,8,true,true,candidate,000029
0,0.05,8,0.5,0.01,0.0028211130830393394,0.0026852955389593536,0.44,8,true,true,candidate,000030
0,0.05,8,0.5,0.02,0.00282111266107421,0.002685295178353364,0.44,8,true,true,candidate,000031
0,0.05,8,1.0,0.005,0.00955488528168602,0.00955488528168602,1.0,8,true,true,candidate,000032
0,0.05,8,1.0,0.01,0.009554885179731465,0.009554885179731465,1.0,8,true,true,candidate,000033
0,0.05,8,1.0,0.02,0.009554884348561776,0.009554884348561776,1.0,8,true,true,candidate,000034
0,0.05,8,3.0,0.005,0.02975322584609863,0.02975322584609863,3.0,8,true,true,candidate,000035
0,0.05,8,3.0,0.01,0.02975322556975768,0.02975322556975768,3.0,8,true,true,candidate,000036
0,0.05,8,3.0,0.02,0.029753218851909402,0.029753218851909402,3.0,8,true,true,candidate,000037
0,0.05,12,0.3,0.005,0.01004426342250342,0.01004426342250342,0.3,12,true,true,candidate,000038
0,0.05,12,0.3,0.01,0.010044263078100248,0.010044263078100248,0.3,12,true,true,candidate,000039
0,0.05,12,0.3,0.02,0.010044255748953403,0.010044255748953403,0.3,12,true,true,candidate,000040
0,0.05,12,0.5,0.005,0.022158024050163653,0.022158024050163653,0.5,12,true,true,candidate,000041
0,0.05,12,0.5,0.01,0.022158023432317434,0.022158023432317434,0.5,12,true,true,candidate,000042
0,0.05,12,0.5,0.02,0.02215801044731636,0.02215801044731636,0.5,12,true,true,candidate,000043
0,0.05,12,1.0,0.005,0.039044013882512225,0.039044013882512225,1.0,12,true,false,candidate,000044
0,0.05,12,1.0,0.01,0.039044012778615696,0.039044012778615696,1.0,12,true,false,candidate,000045
0,0.05,12,1.0,0.02,0.03904398864793624,0.03904398864793624,1.0,12,true,false,candidate,000046
0,0.05,12,3.0,0.005,0.03927621298285578,0.017825791436613895,1.08,12,true,false,candidate,000047
0,0.05,12,3.0,0.01,0.03927621182484032,0.017825791072805578,1.08,12,true,false,candidate,000048
0,0.05,12,3.0,0.02,0.039276186275865384,0.0178257648395902,1.08,12,true,false,candidate,000049
0,0.05,16,0.3,0.005,0.004950271244858584,0.004950271244858584,0.3,16,true,true,candidate,000050
0,0.05,16,0.3,0.01,0.004950270784312538,0.004950270784312538,0.3,16,true,true,candidate,000051
0,0.05,16,0.3,0.02,0.004950258761589943,0.004950258761589943,0.3,16,true,true,candidate,000052
0,0.05,16,0.5,0.005,0.009389279319237165,0.009389279319237165,0.5,16,true,true,candidate,000053
0,0.05,16,0.5,0.01,0.009389278613450625,0.009389278613450625,0.5,16,true,true,candidate,000054
0,0.05,16,0.5,0.02,0.009389259472641909,0.009389259472641909,0.5,16,true,true,candidate,000055
0,0.05,16,1.0,0.005,0.016541458754130156,0.016541458754130156,1.0,16,true,true,candidate,000056
0,0.05,16,1.0,0.01,0.01654145740960211,0.01654145740960211,1.0,16,true,true,candidate,000057
0,0.05,16,1.0,0.02,0.016541420176558574,0.016541420176558574,1.0,16,true,true,candidate,000058
0,0.05,16,3.0,0.005,0.032385271554382644,0.02670138521084109,2.57,16,true,false,candidate,000059
0,0.05,16,3.0,0.01,0.03238526964549626,0.02670138281920953,2.57,16,true,false,candidate,000060
0,0.05,16,3.0,0.02,0.032374528809563596,0.026701297447038197,2.58,16,true,false,candidate,000061
0,0.1,4,0.3,0.005,0.0021340333344894713,0.0021340333344894713,0.3,4,true,true,candidate,000062
0,0.1,4,0.3,0.01,0.002134033339700192,0.002134033339700192,0.3,4,true,true,candidate,000063
0,0.1,4,0.3,0.02,0.002134033411837377,0.002134033411837377,0.3,4,true,true,candidate,000064
0,0.1,4,0.5,0.005,0.00774883753265998,0.00774883753265998,0.5,4,true,true,candidate,000065
0,0.1,4,0.5,0.01,0.007748837540554776,0.007748837540554776,0.5,4,true,true,candidate,000066
0,0.1,4,0.5,0.02,0.00774883764817913,0.00774883764817913,0.5,4,true,true,candidate,000067
0,0.1,4,1.0,0.005,0.02890109149210507,0.02890109149210507,1.0,4,true,true,candidate,000068
0,0.1,4,1.0,0.01,0.028901091508172216,0.028901091508172216,1.0,4,true,true,candidate,000069
0,0.1,4,1.0,0.02,0.02890109172785893,0.02890109172785893,1.0,4,true,true,candidate,000070
0,0.1,4,3.0,0.005,0.048529716186282545,0.030683037163186322,1.85,4,true,false,candidate,000071
0,0.1,4,3.0,0.01,0.048529716229163355,0.030683037231689747,1.85,4,true,false,candidate,000072
0,0.1,4,3.0,0.02,0.04852769571923998,0.030683038227996562,1.84,4,true,false,candidate,000073
0,0.1,6,0.3,0.005,0.00451096167385634,0.00451096167385634,0.3,6,true,true,candidate,000074
0,0.1,6,0.3,0.01,0.004510961656028378,0.004510961656028378,0.3,6,true,true,candidate,000075
0,0.1,6,0.3,0.02,0.004510961337693464,0.004510961337693464,0.3,6,true,true,candidate,000076
0,0.1,6,0.5,0.005,0.01095078345409739,0.01095078345409739,0.5,6,true,true,candidate,000077
0,0.1,6,0.5,0.01,0.010950783421492805,0.010950783421492805,0.5,6,true,true,candidate,000078
0,0.1,6,0.5,0.02,0.010950782843379248,0.010950782843379248,0.5,6,true,true,candidate,000079
0,0.1,6,1.0,0.005,0.02778541018375269,0.02778541018375269,1.0,6,true,true,candidate,000080
0,0.1,6,1.0,0.01,0.027785410114131937,0.027785410114131937,1.0,6,true,true,candidate,000081
0,0.1,6,1.0,0.02,0.027785408880728113,0.027785408880728113,1.0,6,true,true,candidate,000082
0,0.1,6,3.0,0.005,0.05632542307070665,0.05632542307070665,3.0,6,true,false,candidate,000083
0,0.1,6,3.0,0.01,0.056325422841547956,0.056325422841547956,3.0,6,true,false,candidate,000084
0,0.1,6,3.0,0.02,0.05632541874988983,0.05632541874988983,3.0,6,true,false,candidate,000085
0,0.1,8,0.3,0.005,0.0022053907798356143,0.0022053907798356143,0.3,8,true,true,candidate,000086
0,0.1,8,0.3,0.01,0.0022053907688546204,0.0022053907688546204,0.3,8,true,true,candidate,000087
0,0.1,8,0.3,0.02,0.002205390345605185,0.002205390345605185,0.3,8,true,true,candidate,000088
0,0.1,8,0.5,0.005,0.0028211130866093725,0.002685295535572285,0.44,8,true,true,candidate,000089
0,0.1,8,0.5,0.01,0.0028211130830393394,0.0026852955389593536,0.44,8,true,true,candidate,000090
0,0.1,8,0.5,0.02,0.00282111266107421,0.002685295178353364,0.44,8,true,true,candidate,000091
0,0.1,8,1.0,0.005,0.00955488528168602,0.00955488528168602,1.0,8,true,true,candidate,000092
0,0.1,8,1.0,0.01,0.009554885179731465,0.009554885179731465,1.0,8,true,true,candidate,000093
0,0.1,8,1.0,0.02,0.009554884348561776,0.009554884348561776,1.0,8,true,true,candidate,000094
0,0.1,8,3.0,0.005,0.02975322584609863,0.02975322584609863,3.0,8,true,true,candidate,000095
0,0.1,8,3.0,0.01,0.02975322556975768,0.02975322556975768,3.0,8,true,true,candidate,000096
0,0.1,8,3.0,0.02,0.029753218851909402,0.029753218851909402,3.0,8,true,true,candidate,000097
0,0.1,12,0.3,0.005,0.01004426342250342,0.01004426342250342,0.3,3,false,true,candidate,000098
0,0.1,12,0.3,0.01,0.010044263078100248,0.010044263078100248,0.3,3,false,true,candidate,000099
0,0.1,12,0.3,0.02,0.010044255748953403,0.010044255748953403,0.3,3,false,true,candidate,000100
0,0.1,12,0.5,0.005,0.022158024050163653,0.022158024050163653,0.5,4,true,true,candidate,000101
0,0.1,12,0.5,0.01,0.022158023432317434,0.022158023432317434,0.5,4,true,true,candidate,000102
0,0.1,12,0.5,0.02,0.02215801044731636,0.02215801044731636,0.5,4,true,true,candidate,000103
0,0.1,12,1.0,0.005,0.039044013882512225,0.039044013882512225,1.0,5,true,false,candidate,000104
0,0.1,12,1.0,0.01,0.039044012778615696,0.039044012778615696,1.0,5,true,false,candidate,000105
0,0.1,12,1.0,0.02,0.03904398864793624,0.03904398864793624,1.0,5,true,false,candidate,000106
0,0.1,12,3.0,0.005,0.03927621298285578,0.017825791436613895,1.08,9,true,false,candidate,000107
0,0.1,12,3.0,0.01,0.03927621182484032,0.017825791072805578,1.08,9,true,false,candidate,000108
0,0.1,12,3.0,0.02,0.039276186275865384,0.0178257648395902,1.08,9,true,false,candidate,000109
0,0.1,16,0.3,0.005,0.004950271244858584,0.004950271244858584,0.3,4,true,true,candidate,000110
0,0.1,16,0.3,0.01,0.004950270784312538,0.004950270784312538,0.3,4,true,true,candidate,000111
0,0.1,16,0.3,0.02,0.004950258761589943,0.004950258761589943,0.3,4,true,true,candidate,000112
0,0.1,16,0.5,0.005,0.009389279319237165,0.009389279319237165,0.5,4,true,true,candidate,000113
0,0.1,16,0.5,0.01,0.009389278613450625,0.009389278613450625,0.5,4,true,true,candidate,000114
0,0.1,16,0.5,0.02,0.009389259472641909,0.009389259472641909,0.5,4,true,true,candidate,000115
0,0.1,16,1.0,0.005,0.016541458754130156,0.016541458754130156,1.0,7,true,true,candidate,000116
0,0.1,16,1.0,0.01,0.01654145740960211,0.01654145740960211,1.0,7,true,true,candidate,000117
0,0.1,16,1.0,0.02,0.016541420176558574,0.016541420176558574,1.0,7,true,true,candidate,000118
0,0.1,16,3.0,0.005,0.032385271554382644,0.02670138521084109,2.57,12,true,false,candidate,000119
0,0.1,16,3.0,0.01,0.03238526964549626,0.02670138281920953,2.57,12,true,false,candidate,000120
0,0.1,16,3.0,0.02,0.032374528809563596,0.026701297447038197,2.58,12,true,false,candidate,000121
0,0.15,4,0.3,0.005,0.0021340333344894713,0.0021340333344894713,0.3,4,true,true,candidate,000122
0,0.15,4,0.3,0.01,0.002134033339700192,0.002134033339700192,0.3,4,true,true,candidate,000123
0,0.15,4,0.3,0.02,0.002134033411837377,0.002134033411837377,0.3,4,true,true,candidate,000124
0,0.15,4,0.5,0.005,0.00774883753265998,0.00774883753265998,0.5,4,true,true,candidate,000125
0,0.15,4,0.5,0.01,0.007748837540554776,0.007748837540554776,0.5,4,true,true,candidate,000126
0,0.15,4,0.5,0.02,0.00774883764817913,0.00774883764817913,0.5,4,true,true,candidate,000127
0,0.15,4,1.0,0.005,0.02890109149210507,0.02890109149210507,1.0,4,true,true,candidate,000128
0,0.15,4,1.0,0.01,0.028901091508172216,0.028901091508172216,1.0,4,true,true,candidate,000129
0,0.15,4,1.0,0.02,0.02890109172785893,0.02890109172785893,1.0,4,true,true,candidate,000130
0,0.15,4,3.0,0.005,0.048529716186282545,0.030683037163186322,1.85,4,true,false,candidate,000131
0,0.15,4,3.0,0.01,0.048529716229163355,0.030683037231689747,1.85,4,true,false,candidate,000132
0,0.15,4,3.0,0.02,0.04852769571923998,0.030683038227996562,1.84,4,true,false,candidate,000133
0,0.15,6,0.3,0.005,0.00451096167385634,0.00451096167385634,0.3,6,true,true,candidate,000134
0,0.15,6,0.3,0.01,0.004510961656028378,0.004510961656028378,0.3,6,true,true,candidate,000135
0,0.15,6,0.3,0.02,0.004510961337693464,0.004510961337693464,0.3,6,true,true,candidate,000136
0,0.15,6,0.5,0.005,0.01095078345409739,0.01095078345409739,0.5,6,true,true,candidate,000137
0,0.15,6,0.5,0.01,0.010950783421492805,0.010950783421492805,0.5,6,true,true,candidate,000138
0,0.15,6,0.5,0.02,0.010950782843379248,0.010950782843379248,0.5,6,true,true,candidate,000139
0,0.15,6,1.0,0.005,0.02778541018375269,0.02778541018375269,1.0,6,true,true,candidate,000140
0,0.15,6,1.0,0.01,0.027785410114131937,0.027785410114131937,1.0,6,true,true,candidate,000141
0,0.15,6,1.0,0.02,0.027785408880728113,0.027785408880728113,1.0,6,true,true,candidate,000142
0,0.15,6,3.0,0.005,0.05632542307070665,0.05632542307070665,3.0,6,true,false,candidate,000143
0,0.15,6,3.0,0.01,0.056325422841547956,0.056325422841547956,3.0,6,true,false,candidate,000144
0,0.15,6,3.0,0.02,0.05632541874988983,0.05632541874988983,3.0,6,true,false,candidate,000145
0,0.15,8,0.3,0.005,0.0022053907798356143,0.0022053907798356143,0.3,4,true,true,candidate,000146
0,0.15,8,0.3,0.01,0.0022053907688546204,0.0022053907688546204,0.3,4,true,true,candidate,000147
0,0.15,8,0.3,0.02,0.002205390345605185,0.002205390345605185,0.3,4,true,true,candidate,000148
0,0.15,8,0.5,0.005,0.0028211130866093725,0.002685295535572285,0.44,4,true,true,candidate,000149
0,0.15,8,0.5,0.01,0.0028211130830393394,0.0026852955389593536,0.44,4,true,true,candidate,000150
0,0.15,8,0.5,0.02,0.00282111266107421,0.002685295178353364,0.44,4,true,true,candidate,000151
0,0.15,8,1.0,0.005,0.00955488528168602,0.00955488528168602,1.0,4,true,true,candidate,000152
0,0.15,8,1.0,0.01,0.009554885179731465,0.009554885179731465,1.0,4,true,true,candidate,000153
0,0.15,8,1.0,0.02,0.009554884348561776,0.009554884348561776,1.0,4,true,true,candidate,000154
0,0.15,8,3.0,0.005,0.02975322584609863,0.02975322584609863,3.0,6,true,true,candidate,000155
0,0.15,8,3.0,0.01,0.02975322556975768,0.02975322556975768,3.0,6,true,true,candidate,000156
0,0.15,8,3.0,0.02,0.029753218851909402,0.029753218851909402,3.0,6,true,true,candidate,000157
0,0.15,12,0.3,0.005,0.01004426342250342,0.01004426342250342,0.3,1,false,true,candidate,000158
0,0.15,12,0.3,0.01,0.010044263078100248,0.010044263078100248,0.3,1,false,true,candidate,000159
0,0.15,12,0.3,0.02,0.010044255748953403,0.010044255748953403,0.3,1,false,true,candidate,000160
0,0.15,12,0.5,0.005,0.022158024050163653,0.022158024050163653,0.5,2,false,true,candidate,000161
0,0.15,12,0.5,0.01,0.022158023432317434,0.022158023432317434,0.5,2,false,true,candidate,000162
0,0.15,12,0.5,0.02,0.02215801044731636,0.02215801044731636,0.5,2,false,true,candidate,000163
0,0.15,12,1.0,0.005,0.039044013882512225,0.039044013882512225,1.0,3,false,false,candidate,000164
0,0.15,12,1.0,0.01,0.039044012778615696,0.039044012778615696,1.0,3,false,false,candidate,000165
0,0.15,12,1.0,0.02,0.03904398864793624,0.03904398864793624,1.0,3,false,false,candidate,000166
0,0.15,12,3.0,0.005,0.03927621298285578,0.017825791436613895,1.08,8,true,false,candidate,000167
0,0.15,12,3.0,0.01,0.03927621182484032,0.017825791072805578,1.08,8,true,false,candidate,000168
0,0.15,12,3.0,0.02,0.039276186275865384,0.0178257648395902,1.08,8,true,false,candidate,000169
0,0.15,16,0.3,0.005,0.004950271244858584,0.004950271244858584,0.3,1,false,true,candidate,000170
0,0.15,16,0.3,0.01,0.004950270784312538,0.004950270784312538,0.3,1,false,true,candidate,000171
0,0.15,16,0.3,0.02,0.004950258761589943,0.004950258761589943,0.3,1,false,true,candidate,000172
0,0.15,16,0.5,0.005,0.009389279319237165,0.009389279319237165,0.5,2,false,true,candidate,000173
0,0.15,16,0.5,0.01,0.009389278613450625,0.009389278613450625,0.5,2,false,true,candidate,000174
0,0.15,16,0.5,0.02,0.009389259472641909,0.009389259472641909,0.5,2,false,true,candidate,000175
0,0.15,16,1.0,0.005,0.016541458754130156,0.016541458754130156,1.0,3,false,true,candidate,000176
0,0.15,16,1.0,0.01,0.01654145740960211,0.01654145740960211,1.0,3,false,true,candidate,000177
0,0.15,16,1.0,0.02,0.016541420176558574,0.016541420176558574,1.0,3,false,true,candidate,000178
0,0.15,16,3.0,0.005,0.032385271554382644,0.02670138521084109,2.57,8,true,false,candidate,000179
0,0.15,16,3.0,0.01,0.03238526964549626,0.02670138281920953,2.57,8,true,false,candidate,000180
0,0.15,16,3.0,0.02,0.032374528809563596,0.026701297447038197,2.58,8,true,false,candidate,000181
0,0.2,4,0.3,0.005,0.0021340333344894713,0.0021340333344894713,0.3,4,true,true,candidate,000182
0,0.2,4,0.3,0.01,0.002134033339700192,0.002134033339700192,0.3,4,true,true,candidate,000183
0,0.2,4,0.3,0.02,0.002134033411837377,0.002134033411837377,0.3,4,true,true,candidate,000184
0,0.2,4,0.5,0.005,0.00774883753265998,0.00774883753265998,0.5,4,true,true,candidate,000185
0,0.2,4,0.5,0.01,0.007748837540554776,0.007748837540554776,0.5,4,true,true,candidate,000186
0,0.2,4,0.5,0.02,0.00774883764817913,0.00774883764817913,0.5,4,true,true,candidate,000187
0,0.2,4,1.0,0.005,0.02890109149210507,0.02890109149210507,1.0,4,true,true,candidate,000188
0,0.2,4,1.0,0.01,0.028901091508172216,0.028901091508172216,1.0,4,true,true,candidate,000189
0,0.2,4,1.0,0.02,0.02890109172785893,0.02890109172785893,1.0,4,true,true,candidate,000190
0,0.2,4,3.0,0.005,0.048529716186282545,0.030683037163186322,1.85,4,true,false,candidate,000191
0,0.2,4,3.0,0.01,0.048529716229163355,0.030683037231689747,1.85,4,true,false,candidate,000192
0,0.2,4,3.0,0.02,0.04852769571923998,0.030683038227996562,1.84,4,true,false,candidate,000193
0,0.2,6,0.3,0.005,0.00451096167385634,0.00451096167385634,0.3,3,false,true,candidate,000194
0,0.2,6,0.3,0.01,0.004510961656028378,0.004510961656028378,0.3,3,false,true,candidate,000195
0,0.2,6,0.3,0.02,0.004510961337693464,0.004510961337693464,0.3,3,false,true,candidate,000196
0,0.2,6,0.5,0.005,0.01095078345409739,0.01095078345409739,0.5,3,false,true,candidate,000197
0,0.2,6,0.5,0.01,0.010950783421492805,0.010950783421492805,0.5,3,false,true,candidate,000198
0,0.2,6,0.5,0.02,0.010950782843379248,0.010950782843379248,0.5,3,false,true,candidate,000199
0,0.2,6,1.0,0.005,0.02778541018375269,0.02778541018375269,1.0,3,false,true,candidate,000200
0,0.2,6,1.0,0.01,0.027785410114131937,0.027785410114131937,1.0,3,false,true,candidate,000201
0,0.2,6,1.0,0.02,0.027785408880728113,0.027785408880728113,1.0,3,false,true,candidate,000202
0,0.2,6,3.0,0.005,0.05632542307070665,0.05632542307070665,3.0,4,true,false,candidate,000203
0,0.2,6,3.0,0.01,0.056325422841547956,0.056325422841547956,3.0,4,true,false,candidate,000204
0,0.2,6,3.0,0.02,0.05632541874988983,0.05632541874988983,3.0,4,true,false,candidate,000205
0,0.2,8,0.3,0.005,0.0022053907798356143,0.0022053907798356143,0.3,1,false,true,candidate,000206
0,0.2,8,0.3,0.01,0.0022053907688546204,0.0022053907688546204,0.3,1,false,true,candidate,000207
0,0.2,8,0.3,0.02,0.002205390345605185,0.002205390345605185,0.3,1,false,true,candidate,000208
0,0.2,8,0.5,0.005,0.0028211130866093725,0.002685295535572285,0.44,2,false,true,candidate,000209
0,0.2,8,0.5,0.01,0.0028211130830393394,0.0026852955389593536,0.44,2,false,true,candidate,000210
0,0.2,8,0.5,0.02,0.00282111266107421,0.002685295178353364,0.44,2,false,true,candidate,000211
0,0.2,8,1.0,0.005,0.00955488528168602,0.00955488528168602,1.0,2,false,true,candidate,000212
0,0.2,8,1.0,0.01,0.009554885179731465,0.009554885179731465,1.0,2,false,true,candidate,000213
0,0.2,8,1.0,0.02,0.009554884348561776,0.009554884348561776,1.0,2,false,true,candidate,000214
0,0.2,8,3.0,0.005,0.02975322584609863,0.02975322584609863,3.0,4,true,true,candidate,000215
0,0.2,8,3.0,0.01,0.02975322556975768,0.02975322556975768,3.0,4,true,true,candidate,000216
0,0.2,8,3.0,0.02,0.029753218851909402,0.029753218851909402,3.0,4,true,true,candidate,000217
0,0.2,12,0.3,0.005,0.01004426342250342,0.01004426342250342,0.3,1,false,true,candidate,000218
0,0.2,12,0.3,0.01,0.010044263078100248,0.010044263078100248,0.3,1,false,true,candidate,000219
0,0.2,12,0.3,0.02,0.010044255748953403,0.010044255748953403,0.3,1,false,true,candidate,000220
0,0.2,12,0.5,0.005,0.022158024050163653,0.022158024050163653,0.5,1,false,true,candidate,000221
0,0.2,12,0.5,0.01,0.022158023432317434,0.022158023432317434,0.5,1,false,true,candidate,000222
0,0.2,12,0.5,0.02,0.02215801044731636,0.02215801044731636,0.5,1,false,true,candidate,000223
0,0.2,12,1.0,0.005,0.039044013882512225,0.039044013882512225,1.0,3,false,false,candidate,000224
0,0.2,12,1.0,0.01,0.039044012778615696,0.039044012778615696,1.0,3,false,false,candidate,000225
0,0.2,12,1.0,0.02,0.03904398864793624,0.03904398864793624,1.0,3,false,false,candidate,000226
0,0.2,12,3.0,0.005,0.03927621298285578,0.017825791436613895,1.08,8,true,false,candidate,000227
0,0.2,12,3.0,0.01,0.03927621182484032,0.017825791072805578,1.08,8,true,false,candidate,000228
0,0.2,12,3.0,0.02,0.039276186275865384,0.0178257648395902,1.08,8,true,false,candidate,000229
0,0.2,16,0.3,0.005,0.004950271244858584,0.004950271244858584,0.3,1,false,true,candidate,000230
0,0.2,16,0.3,0.01,0.004950270784312538,0.004950270784312538,0.3,1,false,true,candidate,000231
0,0.2,16,0.3,0.02,0.004950258761589943,0.004950258761589943,0.3,1,false,true,candidate,000232
0,0.2,16,0.5,0.005,0.009389279319237165,0.009389279319237165,0.5,2,false,true,candidate,000233
0,0.2,16,0.5,0.01,0.009389278613450625,0.009389278613450625,0.5,2,false,true,candidate,000234
0,0.2,16,0.5,0.02,0.009389259472641909,0.009389259472641909,0.5,2,false,true,candidate,000235
0,0.2,16,1.0,0.005,0.016541458754130156,0.016541458754130156,1.0,3,false,true,candidate,000236
0,0.2,16,1.0,0.01,0.01654145740960211,0.01654145740960211,1.0,3,false,true,candidate,000237
0,0.2,16,1.0,0.02,0.016541420176558574,0.016541420176558574,1.0,3,false,true,candidate,000238
0,0.2,16,3.0,0.005,0.032385271554382644,0.02670138521084109,2.57,5,true,false,candidate,000239
0,0.2,16,3.0,0.01,0.03238526964549626,0.02670138281920953,2.57,5,true,false,candidate,000240
0,0.2,16,3.0,0.02,0.032374528809563596,0.026701297447038197,2.58,5,true,false,candidate,000241
0,0.25,4,0.3,0.005,0.0021340333344894713,0.0021340333344894713,0.3,2,false,true,candidate,000242
0,0.25,4,0.3,0.01,0.002134033339700192,0.002134033339700192,0.3,2,false,true,candidate,000243
0,0.25,4,0.3,0.02,0.002134033411837377,0.002134033411837377,0.3,2,false,true,candidate,000244
0,0.25,4,0.5,0.005,0.00774883753265998,0.00774883753265998,0.5,2,false,true,candidate,000245
0,0.25,4,0.5,0.01,0.007748837540554776,0.007748837540554776,0.5,2,false,true,candidate,000246
0,0.25,4,0.5,0.02,0.00774883764817913,0.00774883764817913,0.5,2,false,true,candidate,000247
0,0.25,4,1.0,0.005,0.02890109149210507,0.02890109149210507,1.0,3,false,true,candidate,000248
0,0.25,4,1.0,0.01,0.028901091508172216,0.028901091508172216,1.0,3,false,true,candidate,000249
0,0.25,4,1.0,0.02,0.02890109172785893,0.02890109172785893,1.0,3,false,true,candidate,000250
0,0.25,4,3.0,0.005,0.048529716186282545,0.030683037163186322,1.85,4,true,false,candidate,000251
0,0.25,4,3.0,0.01,0.048529716229163355,0.030683037231689747,1.85,4,true,false,candidate,000252
0,0.25,4,3.0,0.02,0.04852769571923998,0.030683038227996562,1.84,4,true,false,candidate,000253
0,0.25,6,0.3,0.005,0.00451096167385634,0.00451096167385634,0.3,1,false,true,candidate,000254
0,0.25,6,0.3,0.01,0.004510961656028378,0.004510961656028378,0.3,1,false,true,candidate,000255
0,0.25,6,0.3,0.02,0.004510961337693464,0.004510961337693464,0.3,1,false,true,candidate,000256
0,0.25,6,0.5,0.005,0.01095078345409739,0.01095078345409739,0.5,1,false,true,candidate,000257
0,0.25,6,0.5,0.01,0.010950783421492805,0.010950783421492805,0.5,1,false,true,candidate,000258
0,0.25,6,0.5,0.02,0.010950782843379248,0.010950782843379248,0.5,1,false,true,candidate,000259
0,0.25,6,1.0,0.005,0.02778541018375269,0.02778541018375269,1.0,1,false,true,candidate,000260
0,0.25,6,1.0,0.01,0.027785410114131937,0.027785410114131937,1.0,1,false,true,candidate,000261
0,0.25,6,1.0,0.02,0.027785408880728113,0.027785408880728113,1.0,1,false,true,candidate,000262
0,0.25,6,3.0,0.005,0.05632542307070665,0.05632542307070665,3.0,3,false,false,candidate,000263
0,0.25,6,3.0,0.01,0.056325422841547956,0.056325422841547956,3.0,3,false,false,candidate,000264
0,0.25,6,3.0,0.02,0.05632541874988983,0.05632541874988983,3.0,3,false,false,candidate,000265
0,0.25,8,0.3,0.005,0.0022053907798356143,0.0022053907798356143,0.3,0,false,true,candidate,000266
0,0.25,8,0.3,0.01,0.0022053907688546204,0.0022053907688546204,0.3,0,false,true,candidate,000267
0,0.25,8,0.3,0.02,0.002205390345605185,0.002205390345605185,0.3,0,false,true,candidate,000268
0,0.25,8,0.5,0.005,0.0028211130866093725,0.002685295535572285,0.44,1,false,true,candidate,000269
0,0.25,8,0.5,0.01,0.0028211130830393394,0.0026852955389593536,0.44,1,false,true,candidate,000270
0,0.25,8,0.5,0.02,0.00282111266107421,0.002685295178353364,0.44,1,false,true,candidate,000271
0,0.25,8,1.0,0.005,0.00955488528168602,0.00955488528168602,1.0,1,false,true,candidate,000272
0,0.25,8,1.0,0.01,0.009554885179731465,0.009554885179731465,1.0,1,false,true,candidate,000273
0,0.25,8,1.0,0.02,0.009554884348561776,0.009554884348561776,1.0,1,false,true,candidate,000274
0,0.25,8,3.0,0.005,0.02975322584609863,0.02975322584609863,3.0,3,false,true,candidate,000275
0,0.25,8,3.0,0.01,0.02975322556975768,0.02975322556975768,3.0,3,false,true,candidate,000276
0,0.25,8,3.0,0.02,0.029753218851909402,0.029753218851909402,3.0,3,false,true,candidate,000277
0,0.25,12,0.3,0.005,0.01004426342250342,0.01004426342250342,0.3,1,false,true,candidate,000278
0,0.25,12,0.3,0.01,0.010044263078100248,0.010044263078100248,0.3,1,false,true,candidate,000279
0,0.25,12,0.3,0.02,0.010044255748953403,0.010044255748953403,0.3,1,false,true,candidate,000280
0,0.25,12,0.5,0.005,0.022158024050163653,0.022158024050163653,0.5,1,false,true,candidate,000281
0,0.25,12,0.5,0.01,0.022158023432317434,0.022158023432317434,0.5,1,false,true,candidate,000282
0,0.25,12,0.5,0.02,0.02215801044731636,0.02215801044731636,0.5,1,false,true,candidate,000283
0,0.25,12,1.0,0.005,0.039044013882512225,0.039044013882512225,1.0,2,false,false,candidate,000284
0,0.25,12,1.0,0.01,0.039044012778615696,0.039044012778615696,1.0,2,false,false,candidate,000285
0,0.25,12,1.0,0.02,0.03904398864793624,0.03904398864793624,1.0,2,false,false,candidate,000286
0,0.25,12,3.0,0.005,0.03927621298285578,0.017825791436613895,1.08,5,true,false,candidate,000287
0,0.25,12,3.0,0.01,0.03927621182484032,0.017825791072805578,1.08,5,true,false,candidate,000288
0,0.25,12,3.0,0.02,0.039276186275865384,0.0178257648395902,1.08,5,true,false,candidate,000289
0,0.25,16,0.3,0.005,0.004950271244858584,0.004950271244858584,0.3,1,false,true,candidate,000290
0,0.25,16,0.3,0.01,0.004950270784312538,0.004950270784312538,0.3,1,false,true,candidate,000291
0,0.25,16,0.3,0.02,0.004950258761589943,0.004950258761589943,0.3,1,false,true,candidate,000292
0,0.25,16,0.5,0.005,0.009389279319237165,0.009389279319237165,0.5,1,false,true,candidate,000293
0,0.25,16,0.5,0.01,0.009389278613450625,0.009389278613450625,0.5,1,false,true,candidate,000294
0,0.25,16,0.5,0.02,0.009389259472641909,0.009389259472641909,0.5,1,false,true,candidate,000295
0,0.25,16,1.0,0.005,0.016541458754130156,0.016541458754130156,1.0,2,false,true,candidate,000296
0,0.25,16,1.0,0.01,0.01654145740960211,0.01654145740960211,1.0,2,false,true,candidate,000297
0,0.25,16,1.0,0.02,0.016541420176558574,0.016541420176558574,1.0,2,false,true,candidate,000298
0,0.25,16,3.0,0.005,0.032385271554382644,0.02670138521084109,2.57,4,true,false,candidate,000299
0,0.25,16,3.0,0.01,0.03238526964549626,0.02670138281920953,2.57,4,true,false,candidate,000300
0,0.25,16,3.0,0.02,0.032374528809563596,0.026701297447038197,2.58,4,true,false,candidate,000301
1,0.05,4,0.3,0.005,0.00873189164637722,0.00873189164637722,0.3,4,true,true,candidate,000302
1,0.05,4,0.3,0.01,0.00873189164577681,0.00873189164577681,0.3,4,true,true,candidate,000303
1,0.05,4,0.3,0.02,0.008731891635708198,0.008731891635708198,0.3,4,true,true,candidate,000304
1,0.05,4,0.5,0.005,0.01962991259380997,0.01962991259380997,0.5,4,true,true,candidate,000305
1,0.05,4,0.5,0.01,0.019629912592696194,0.019629912592696194,0.5,4,true,true,candidate,000306
1,0.05,4,0.5,0.02,0.01962991257406976,0.01962991257406976,0.5,4,true,true,candidate,000307
1,0.05,4,1.0,0.005,0.05367963994392409,0.05367963994392409,1.0,4,true,false,candidate,000308
1,0.05,4,1.0,0.01,0.05367963994178314,0.05367963994178314,1.0,4,true,false,candidate,000309
1,0.05,4,1.0,0.02,0.05367963990578882,0.05367963990578882,1.0,4,true,false,candidate,000310
1,0.05,4,3.0,0.005,0.07909004969415932,0.03520985437896195,1.665,4,true,false,candidate,000311
1,0.05,4,3.0,0.01,0.0790887660082542,0.0352098543719721,1.6600000000000001,4,true,false,candidate,000312
1,0.05,4,3.0,0.02,0.07908876598643676,0.0352098542651622,1.6600000000000001,4,true,false,candidate,000313
1,0.05,6,0.3,0.005,0.003138144697857114,0.003138144697857114,0.3,6,true,true,candidate,000314
1,0.05,6,0.3,0.01,0.003138144697667266,0.003138144697667266,0.3,6,true,true,candidate,000315
1,0.05,6,0.3,0.02,0.003138144693780153,0.003138144693780153,0.3,6,true,true,candidate,000316
1,0.05,6,0.5,0.005,0.010873837947277696,0.010873837947277696,0.5,6,true,true,candidate,000317
1,0.05,6,0.5,0.01,0.010873837944926466,0.010873837944926466,0.5,6,true,true,candidate,000318
1,0.05,6,0.5,0.02,0.010873837905743809,0.010873837905743809,0.5,6,true,true,candidate,000319
1,0.05,6,1.0,0.005,0.04712718201111098,0.04712718201111098,1.0,6,true,false,candidate,000320
1,0.05,6,1.0,0.01,0.04712718200043707,0.04712718200043707,1.0,6,true,false,candidate,000321
1,0.05,6,1.0,0.02,0.04712718182462215,0.04712718182462215,1.0,6,true,false,candidate,000322
1,0.05,6,3.0,0.005,0.24095749950944828,0.24095749950944828,3.0,6,true,false,candidate,000323
1,0.05,6,3.0,0.01,0.24095749953267703,0.24095749953267703,3.0,6,true,false,candidate,000324
1,0.05,6,3.0,0.02,0.2409574998937531,0.2409574998937531,3.0,6,true,false,candidate,000325
1,0.05,8,0.3,0.005,0.008515497385806148,0.008515497385806148,0.3,8,true,true,candidate,000326
1,0.05,8,0.3,0.01,0.008515497383123405,0.008515497383123405,0.3,8,true,true,candidate,000327
1,0.05,8,0.3,0.02,0.008515497288239082,0.008515497288239082,0.3,8,true,true,candidate,000328
1,0.05,8,0.5,0.005,0.01970874820476598,0.01970874820476598,0.5,8,true,true,candidate,000329
1,0.05,8,0.5,0.01,0.0197087481899052,0.0197087481899052,0.5,8,true,true,candidate,000330
1,0.05,8,0.5,0.02,0.01970874786259258,0.01970874786259258,0.5,8,true,true,candidate,000331
1,0.05,8,1.0,0.005,0.05068464699586839,0.05068464699586839,1.0,8,true,false,candidate,000332
1,0.05,8,1.0,0.01,0.05068464695456143,0.05068464695456143,1.0,8,true,false,candidate,000333
1,0.05,8,1.0,0.02,0.050684646106315734,0.050684646106315734,1.0,8,true,false,candidate,000334
1,0.05,8,3.0,0.005,0.10828082233469738,0.06615117241159751,2.255,8,true,false,candidate,000335
1,0.05,8,3.0,0.01,0.10828036140467434,0.06615117243448942,2.25,8,true,false,candidate,000336
1,0.05,8,3.0,0.02,0.10827713384196547,0.06615117214469879,2.2600000000000002,8,true,false,candidate,000337
1,0.05,12,0.3,0.005,0.008242868841332962,0.008242868841332962,0.3,12,true,true,candidate,000338
1,0.05,12,0.3,0.01,0.008242868797523561,0.008242868797523561,0.3,12,true,true,candidate,000339
1,0.05,12,0.3,0.02,0.008242867311020419,0.008242867311020419,0.3,12,true,true,candidate,000340
1,0.05,12,0.5,0.005,0.017176832640027673,0.017176832640027673,0.5,12,true,true,candidate,000341
1,0.05,12,0.5,0.01,0.01717683249780788,0.01717683249780788,0.5,12,true,true,candidate,000342
1,0.05,12,0.5,0.02,0.017176828886403595,0.017176828886403595,0.5,12,true,true,candidate,000343
1,0.05,12,1.0,0.005,0.02338941039609921,0.02055329097062386,0.785,12,true,true,candidate,000344
1,0.05,12,1.0,0.01,0.023389037874951724,0.020553290701630367,0.79,12,true,true,candidate,000345
1,0.05,12,1.0,0.02,0.023386002841201847,0.020553283674624057,0.78,12,true,true,candidate,000346
1,0.05,12,3.0,0.005,0.029875491908240237,0.015134430594371917,2.345,12,true,true,candidate,000347
1,0.05,12,3.0,0.01,0.029875190232022453,0.015134430998129389,2.35,12,true,true,candidate,000348
1,0.05,12,3.0,0.02,0.029873501179459083,0.01513442931974951,2.34,12,true,true,candidate,000349
1,0.05,16,0.3,0.005,0.0096027295038148,0.0096027295038148,0.3,16,true,true,candidate,000350
1,0.05,16,0.3,0.01,0.009602729162949242,0.009602729162949242,0.3,16,true,true,candidate,000351
1,0.05,16,0.3,0.02,0.009602717805477612,0.009602717805477612,0.3,16,true,true,candidate,000352
1,0.05,16,0.5,0.005,0.02380161345936993,0.02380161345936993,0.5,16,true,true,candidate,000353
1,0.05,16,0.5,0.01,0.023801612794031257,0.023801612794031257,0.5,16,true,true,candidate,000354
1,0.05,16,0.5,0.02,0.02380159221727518,0.02380159221727518,0.5,16,true,true,candidate,000355
1,0.05,16,1.0,0.005,0.03364615970735185,0.025866534407731345,0.75,16,true,false,candidate,000356
1,0.05,16,1.0,0.01,0.03364615913702185,0.025866534039153066,0.75,16,true,false,candidate,000357
1,0.05,16,1.0,0.02,0.03363627672587066,0.025866508533754384,0.76,16,true,false,candidate,000358
1,0.05,16,3.0,0.005,0.03364615970735185,0.028970441719513573,0.75,16,true,false,candidate,000359
1,0.05,16,3.0,0.01,0.03364615913702185,0.02897044066931631,0.75,16,true,false,candidate,000360
1,0.05,16,3.0,0.02,0.03363627672587066,0.02897036619315152,0.76,16,true,false,candidate,000361
1,0.1,4,0.3,0.005,0.00873189164637722,0.00873189164637722,0.3,4,true,true,candidate,000362
1,0.1,4,0.3,0.01,0.00873189164577681,0.00873189164577681,0.3,4,true,true,candidate,000363
1,0.1,4,0.3,0.02,0.008731891635708198,0.008731891635708198,0.3,4,true,true,candidate,000364
1,0.1,4,0.5,0.005,0.01962991259380997,0.01962991259380997,0.5,4,true,true,candidate,000365
1,0.1,4,0.5,0.01,0.019629912592696194,0.019629912592696194,0.5,4,true,true,candidate,000366
1,0.1,4,0.5,0.02,0.01962991257406976,0.01962991257406976,0.5,4,true,true,candidate,000367
1,0.1,4,1.0,0.005,0.05367963994392409,0.05367963994392409,1.0,4,true,false,candidate,000368
1,0.1,4,1.0,0.01,0.05367963994178314,0.05367963994178314,1.0,4,true,false,candidate,000369
1,0.1,4,1.0,0.02,0.05367963990578882,0.05367963990578882,1.0,4,true,false,candidate,000370
1,0.1,4,3.0,0.005,0.07909004969415932,0.03520985437896195,1.665,4,true,false,candidate,000371
1,0.1,4,3.0,0.01,0.0790887660082542,0.0352098543719721,1.6600000000000001,4,true,false,candidate,000372
1,0.1,4,3.0,0.02,0.07908876598643676,0.0352098542651622,1.6600000000000001,4,true,false,candidate,000373
1,0.1,6,0.3,0.005,0.003138144697857114,0.003138144697857114,0.3,6,true,true,candidate,000374
1,0.1,6,0.3,0.01,0.003138144697667266,0.003138144697667266,0.3,6,true,true,candidate,000375
1,0.1,6,0.3,0.02,0.003138144693780153,0.003138144693780153,0.3,6,true,true,candidate,000376
1,0.1,6,0.5,0.005,0.010873837947277696,0.010873837947277696,0.5,6,true,true,candidate,000377
1,0.1,6,0.5,0.01,0.010873837944926466,0.010873837944926466,0.5,6,true,true,candidate,000378
1,0.1,6,0.5,0.02,0.010873837905743809,0.010873837905743809,0.5,6,true,true,candidate,000379
1,0.1,6,1.0,0.005,0.04712718201111098,0.04712718201111098,1.0,6,true,false,candidate,000380
1,0.1,6,1.0,0.01,0.04712718200043707,0.04712718200043707,1.0,6,true,false,candidate,000381
1,0.1,6,1.0,0.02,0.04712718182462215,0.04712718182462215,1.0,6,true,false,candidate,000382
1,0.1,6,3.0,0.005,0.24095749950944828,0.24095749950944828,3.0,6,true,false,candidate,000383
1,0.1,6,3.0,0.01,0.24095749953267703,0.24095749953267703,3.0,6,true,false,candidate,000384
1,0.1,6,3.0,0.02,0.2409574998937531,0.2409574998937531,3.0,6,true,false,candidate,000385
1,0.1,8,0.3,0.005,0.008515497385806148,0.008515497385806148,0.3,8,true,true,candidate,000386
1,0.1,8,0.3,0.01,0.008515497383123405,0.008515497383123405,0.3,8,true,true,candidate,000387
1,0.1,8,0.3,0.02,0.008515497288239082,0.008515497288239082,0.3,8,true,true,candidate,000388
1,0.1,8,0.5,0.005,0.01970874820476598,0.01970874820476598,0.5,8,true,true,candidate,000389
1,0.1,8,0.5,0.01,0.0197087481899052,0.0197087481899052,0.5,8,true,true,candidate,000390
1,0.1,8,0.5,0.02,0.01970874786259258,0.01970874786259258,0.5,8,true,true,candidate,000391
1,0.1,8,1.0,0.005,0.05068464699586839,0.05068464699586839,1.0,8,true,false,candidate,000392
1,0.1,8,1.0,0.01,0.05068464695456143,0.05068464695456143,1.0,8,true,false,candidate,000393
1,0.1,8,1.0,0.02,0.050684646106315734,0.050684646106315734,1.0,8,true,false,candidate,000394
1,0.1,8,3.0,0.005,0.10828082233469738,0.06615117241159751,2.255,8,true,false,candidate,000395
1,0.1,8,3.0,0.01,0.10828036140467434,0.06615117243448942,2.25,8,true,false,candidate,000396
1,0.1,8,3.0,0.02,0.10827713384196547,0.06615117214469879,2.2600000000000002,8,true,false,candidate,000397
1,0.1,12,0.3,0.005,0.008242868841332962,0.008242868841332962,0.3,7,true,true,candidate,000398
1,0.1,12,0.3,0.01,0.008242868797523561,0.008242868797523561,0.3,7,true,true,candidate,000399
1,0.1,12,0.3,0.02,0.008242867311020419,0.008242867311020419,0.3,7,true,true,candidate,000400
1,0.1,12,0.5,0.005,0.017176832640027673,0.017176832640027673,0.5,7,true,true,candidate,000401
1,0.1,12,0.5,0.01,0.01717683249780788,0.01717683249780788,0.5,7,true,true,candidate,000402
1,0.1,12,0.5,0.02,0.017176828886403595,0.017176828886403595,0.5,7,true,true,candidate,000403
1,0.1,12,1.0,0.005,0.02338941039609921,0.02055329097062386,0.785,9,true,true,candidate,000404
1,0.1,12,1.0,0.01,0.023389037874951724,0.020553290701630367,0.79,9,true,true,candidate,000405
1,0.1,12,1.0,0.02,0.023386002841201847,0.020553283674624057,0.78,9,true,true,candidate,000406
1,0.1,12,3.0,0.005,0.029875491908240237,0.015134430594371917,2.345,10,true,true,candidate,000407
1,0.1,12,3.0,0.01,0.029875190232022453,0.015134430998129389,2.35,10,true,true,candidate,000408
1,0.1,12,3.0,0.02,0.029873501179459083,0.01513442931974951,2.34,10,true,true,candidate,000409
1,0.1,16,0.3,0.005,0.0096027295038148,0.0096027295038148,0.3,6,true,true,candidate,000410
1,0.1,16,0.3,0.01,0.009602729162949242,0.009602729162949242,0.3,6,true,true,candidate,000411
1,0.1,16,0.3,0.02,0.009602717805477612,0.009602717805477612,0.3,6,true,true,candidate,000412
1,0.1,16,0.5,0.005,0.02380161345936993,0.02380161345936993,0.5,6,true,true,candidate,000413
1,0.1,16,0.5,0.01,0.023801612794031257,0.023801612794031257,0.5,6,true,true,candidate,000414
1,0.1,16,0.5,0.02,0.02380159221727518,0.02380159221727518,0.5,6,true,true,candidate,000415
1,0.1,16,1.0,0.005,0.03364615970735185,0.025866534407731345,0.75,11,true,false,candidate,000416
1,0.1,16,1.0,0.01,0.03364615913702185,0.025866534039153066,0.75,11,true,false,candidate,000417
1,0.1,16,1.0,0.02,0.03363627672587066,0.025866508533754384,0.76,11,true,false,candidate,000418
1,0.1,16,3.0,0.005,0.03364615970735185,0.028970441719513573,0.75,15,true,false,candidate,000419
1,0.1,16,3.0,0.01,0.03364615913702185,0.02897044066931631,0.75,15,true,false,candidate,000420
1,0.1,16,3.0,0.02,0.03363627672587066,0.02897036619315152,0.76,15,true,false,candidate,000421
1,0.15,4,0.3,0.005,0.00873189164637722,0.00873189164637722,0.3,4,true,true,candidate,000422
1,0.15,4,0.3,0.01,0.00873189164577681,0.00873189164577681,0.3,4,true,true,candidate,000423
1,0.15,4,0.3,0.02,0.008731891635708198,0.008731891635708198,0.3,4,true,true,candidate,000424
1,0.15,4,0.5,0.005,0.01962991259380997,0.01962991259380997,0.5,4,true,true,candidate,000425
1,0.15,4,0.5,0.01,0.019629912592696194,0.019629912592696194,0.5,4,true,true,candidate,000426
1,0.15,4,0.5,0.02,0.01962991257406976,0.01962991257406976,0.5,4,true,true,candidate,000427
1,0.15,4,1.0,0.005,0.05367963994392409,0.05367963994392409,1.0,4,true,false,candidate,000428
1,0.15,4,1.0,0.01,0.05367963994178314,0.05367963994178314,1.0,4,true,false,candidate,000429
1,0.15,4,1.0,0.02,0.05367963990578882,0.05367963990578882,1.0,4,true,false,candidate,000430
1,0.15,4,3.0,0.005,0.07909004969415932,0.03520985437896195,1.665,4,true,false,candidate,000431
1,0.15,4,3.0,0.01,0.0790887660082542,0.0352098543719721,1.6600000000000001,4,true,false,candidate,000432
1,0.15,4,3.0,0.02,0.07908876598643676,0.0352098542651622,1.6600000000000001,4,true,false,candidate,000433
1,0.15,6,0.3,0.005,0.003138144697857114,0.003138144697857114,0.3,5,true,true,candidate,000434
1,0.15,6,0.3,0.01,0.003138144697667266,0.003138144697667266,0.3,5,true,true,candidate,000435
1,0.15,6,0.3,0.02,0.003138144693780153,0.003138144693780153,0.3,5,true,true,candidate,000436
1,0.15,6,0.5,0.005,0.010873837947277696,0.010873837947277696,0.5,5,true,true,candidate,000437
1,0.15,6,0.5,0.01,0.010873837944926466,0.010873837944926466,0.5,5,true,true,candidate,000438
1,0.15,6,0.5,0.02,0.010873837905743809,0.010873837905743809,0.5,5,true,true,candidate,000439
1,0.15,6,1.0,0.005,0.04712718201111098,0.04712718201111098,1.0,5,true,false,candidate,000440
1,0.15,6,1.0,0.01,0.04712718200043707,0.04712718200043707,1.0,5,true,false,candidate,000441
1,0.15,6,1.0,0.02,0.04712718182462215,0.04712718182462215,1.0,5,true,false,candidate,000442
1,0.15,6,3.0,0.005,0.24095749950944828,0.24095749950944828,3.0,5,true,false,candidate,000443
1,0.15,6,3.0,0.01,0.24095749953267703,0.24095749953267703,3.0,5,true,false,candidate,000444
1,0.15,6,3.0,0.02,0.2409574998937531,0.2409574998937531,3.0,5,true,false,candidate,000445
1,0.15,8,0.3,0.005,0.008515497385806148,0.008515497385806148,0.3,2,false,true,candidate,000446
1,0.15,8,0.3,0.01,0.008515497383123405,0.008515497383123405,0.3,2,false,true,candidate,000447
1,0.15,8,0.3,0.02,0.008515497288239082,0.008515497288239082,0.3,2,false,true,candidate,000448
1,0.15,8,0.5,0.005,0.01970874820476598,0.01970874820476598,0.5,2,false,true,candidate,000449
1,0.15,8,0.5,0.01,0.0197087481899052,0.0197087481899052,0.5,2,false,true,candidate,000450
1,0.15,8,0.5,0.02,0.01970874786259258,0.01970874786259258,0.5,2,false,true,candidate,000451
1,0.15,8,1.0,0.005,0.05068464699586839,0.05068464699586839,1.0,2,false,false,candidate,000452
1,0.15,8,1.0,0.01,0.05068464695456143,0.05068464695456143,1.0,2,false,false,candidate,000453
1,0.15,8,1.0,0.02,0.050684646106315734,0.050684646106315734,1.0,2,false,false,candidate,000454
1,0.15,8,3.0,0.005,0.10828082233469738,0.06615117241159751,2.255,4,true,false,candidate,000455
1,0.15,8,3.0,0.01,0.10828036140467434,0.06615117243448942,2.25,4,true,false,candidate,000456
1,0.15,8,3.0,0.02,0.10827713384196547,0.06615117214469879,2.2600000000000002,4,true,false,candidate,000457
1,0.15,12,0.3,0.005,0.008242868841332962,0.008242868841332962,0.3,2,false,true,candidate,000458
1,0.15,12,0.3,0.01,0.008242868797523561,0.008242868797523561,0.3,2,false,true,candidate,000459
1,0.15,12,0.3,0.02,0.008242867311020419,0.008242867311020419,0.3,2,false,true,candidate,000460
1,0.15,12,0.5,0.005,0.017176832640027673,0.017176832640027673,0.5,2,false,true,candidate,000461
1,0.15,12,0.5,0.01,0.01717683249780788,0.01717683249780788,0.5,2,false,true,candidate,000462
1,0.15,12,0.5,0.02,0.017176828886403595,0.017176828886403595,0.5,2,false,true,candidate,000463
1,0.15,12,1.0,0.005,0.02338941039609921,0.02055329097062386,0.785,3,false,true,candidate,000464
1,0.15,12,1.0,0.01,0.023389037874951724,0.020553290701630367,0.79,3,false,true,candidate,000465
1,0.15,12,1.0,0.02,0.023386002841201847,0.020553283674624057,0.78,3,false,true,candidate,000466
1,0.15,12,3.0,0.005,0.029875491908240237,0.015134430594371917,2.345,8,true,true,candidate,000467
1,0.15,12,3.0,0.01,0.029875190232022453,0.015134430998129389,2.35,8,true,true,candidate,000468
1,0.15,12,3.0,0.02,0.029873501179459083,0.01513442931974951,2.34,8,true,true,candidate,000469
1,0.15,16,0.3,0.005,0.0096027295038148,0.0096027295038148,0.3,2,false,true,candidate,000470
1,0.15,16,0.3,0.01,0.009602729162949242,0.009602729162949242,0.3,2,false,true,candidate,000471
1,0.15,16,0.3,0.02,0.009602717805477612,0.009602717805477612,0.3,2,false,true,candidate,000472
1,0.15,16,0.5,0.005,0.02380161345936993,0.02380161345936993,0.5,2,false,true,candidate,000473
1,0.15,16,0.5,0.01,0.023801612794031257,0.023801612794031257,0.5,2,false,true,candidate,000474
1,0.15,16,0.5,0.02,0.02380159221727518,0.02380159221727518,0.5,2,false,true,candidate,000475
1,0.15,16,1.0,0.005,0.03364615970735185,0.025866534407731345,0.75,4,true,false,candidate,000476
1,0.15,16,1.0,0.01,0.03364615913702185,0.025866534039153066,0.75,4,true,false,candidate,000477
1,0.15,16,1.0,0.02,0.03363627672587066,0.025866508533754384,0.76,4,true,false,candidate,000478
1,0.15,16,3.0,0.005,0.03364615970735185,0.028970441719513573,0.75,10,true,false,candidate,000479
1,0.15,16,3.0,0.01,0.03364615913702185,0.02897044066931631,0.75,10,true,false,candidate,000480
1,0.15,16,3.0,0.02,0.03363627672587066,0.02897036619315152,0.76,10,true,false,candidate,000481
1,0.2,4,0.3,0.005,0.00873189164637722,0.00873189164637722,0.3,4,true,true,candidate,000482
1,0.2,4,0.3,0.01,0.00873189164577681,0.00873189164577681,0.3,4,true,true,candidate,000483
1,0.2,4,0.3,0.02,0.008731891635708198,0.008731891635708198,0.3,4,true,true,candidate,000484
1,0.2,4,0.5,0.005,0.01962991259380997,0.01962991259380997,0.5,4,true,true,candidate,000485
1,0.2,4,0.5,0.01,0.019629912592696194,0.019629912592696194,0.5,4,true,true,candidate,000486
1,0.2,4,0.5,0.02,0.01962991257406976,0.01962991257406976,0.5,4,true,true,candidate,000487
1,0.2,4,1.0,0.005,0.05367963994392409,0.05367963994392409,1.0,4,true,false,candidate,000488
1,0.2,4,1.0,0.01,0.05367963994178314,0.05367963994178314,1.0,4,true,false,candidate,000489
1,0.2,4,1.0,0.02,0.05367963990578882,0.05367963990578882,1.0,4,true,false,candidate,000490
1,0.2,4,3.0,0.005,0.07909004969415932,0.03520985437896195,1.665,4,true,false,candidate,000491
1,0.2,4,3.0,0.01,0.0790887660082542,0.0352098543719721,1.6600000000000001,4,true,false,candidate,000492
1,0.2,4,3.0,0.02,0.07908876598643676,0.0352098542651622,1.6600000000000001,4,true,false,candidate,000493
1,0.2,6,0.3,0.005,0.003138144697857114,0.003138144697857114,0.3,1,false,true,candidate,000494
1,0.2,6,0.3,0.01,0.003138144697667266,0.003138144697667266,0.3,1,false,true,candidate,000495
1,0.2,6,0.3,0.02,0.003138144693780153,0.003138144693780153,0.3,1,false,true,candidate,000496
1,0.2,6,0.5,0.005,0.010873837947277696,0.010873837947277696,0.5,2,false,true,candidate,000497
1,0.2,6,0.5,0.01,0.010873837944926466,0.010873837944926466,0.5,2,false,true,candidate,000498
1,0.2,6,0.5,0.02,0.010873837905743809,0.010873837905743809,0.5,2,false,true,candidate,000499
1,0.2,6,1.0,0.005,0.04712718201111098,0.04712718201111098,1.0,2,false,false,candidate,000500
1,0.2,6,1.0,0.01,0.04712718200043707,0.04712718200043707,1.0,2,false,false,candidate,000501
1,0.2,6,1.0,0.02,0.04712718182462215,0.04712718182462215,1.0,2,false,false,candidate,000502
1,0.2,6,3.0,0.005,0.24095749950944828,0.24095749950944828,3.0,2,false,false,candidate,000503
1,0.2,6,3.0,0.01,0.24095749953267703,0.24095749953267703,3.0,2,false,false,candidate,000504
1,0.2,6,3.0,0.02,0.2409574998937531,0.2409574998937531,3.0,2,false,false,candidate,000505
1,0.2,8,0.3,0.005,0.008515497385806148,0.008515497385806148,0.3,1,false,true,candidate,000506
1,0.2,8,0.3,0.01,0.008515497383123405,0.008515497383123405,0.3,1,false,true,candidate,000507
1,0.2,8,0.3,0.02,0.008515497288239082,0.008515497288239082,0.3,1,false,true,candidate,000508
1,0.2,8,0.5,0.005,0.01970874820476598,0.01970874820476598,0.5,2,false,true,candidate,000509
1,0.2,8,0.5,0.01,0.0197087481899052,0.0197087481899052,0.5,2,false,true,candidate,000510
1,0.2,8,0.5,0.02,0.01970874786259258,0.01970874786259258,0.5,2,false,true,candidate,000511
1,0.2,8,1.0,0.005,0.05068464699586839,0.05068464699586839,1.0,2,false,false,candidate,000512
1,0.2,8,1.0,0.01,0.05068464695456143,0.05068464695456143,1.0,2,false,false,candidate,000513
1,0.2,8,1.0,0.02,0.050684646106315734,0.050684646106315734,1.0,2,false,false,candidate,000514
1,0.2,8,3.0,0.005,0.10828082233469738,0.06615117241159751,2.255,3,false,false,candidate,000515
1,0.2,8,3.0,0.01,0.10828036140467434,0.06615117243448942,2.25,3,false,false,candidate,000516
1,0.2,8,3.0,0.02,0.10827713384196547,0.06615117214469879,2.2600000000000002,3,false,false,candidate,000517
1,0.2,12,0.3,0.005,0.008242868841332962,0.008242868841332962,0.3,0,false,true,candidate,000518
1,0.2,12,0.3,0.01,0.008242868797523561,0.008242868797523561,0.3,0,false,true,candidate,000519
1,0.2,12,0.3,0.02,0.008242867311020419,0.008242867311020419,0.3,0,false,true,candidate,000520
1,0.2,12,0.5,0.005,0.017176832640027673,0.017176832640027673,0.5,1,false,true,candidate,000521
1,0.2,12,0.5,0.01,0.01717683249780788,0.01717683249780788,0.5,1,false,true,candidate,000522
1,0.2,12,0.5,0.02,0.017176828886403595,0.017176828886403595,0.5,1,false,true,candidate,000523
1,0.2,12,1.0,0.005,0.02338941039609921,0.02055329097062386,0.785,2,false,true,candidate,000524
1,0.2,12,1.0,0.01,0.023389037874951724,0.020553290701630367,0.79,2,false,true,candidate,000525
1,0.2,12,1.0,0.02,0.023386002841201847,0.020553283674624057,0.78,2,false,true,candidate,000526
1,0.2,12,3.0,0.005,0.029875491908240237,0.015134430594371917,2.345,7,true,true,candidate,000527
1,0.2,12,3.0,0.01,0.029875190232022453,0.015134430998129389,2.35,7,true,true,candidate,000528
1,0.2,12,3.0,0.02,0.029873501179459083,0.01513442931974951,2.34,7,true,true,candidate,000529
1,0.2,16,0.3,0.005,0.0096027295038148,0.0096027295038148,0.3,1,false,true,candidate,000530
1,0.2,16,0.3,0.01,0.009602729162949242,0.009602729162949242,0.3,1,false,true,candidate,000531
1,0.2,16,0.3,0.02,0.009602717805477612,0.009602717805477612,0.3,1,false,true,candidate,000532
1,0.2,16,0.5,0.005,0.02380161345936993,0.02380161345936993,0.5,1,false,true,candidate,000533
1,0.2,16,0.5,0.01,0.023801612794031257,0.023801612794031257,0.5,1,false,true,candidate,000534
1,0.2,16,0.5,0.02,0.02380159221727518,0.02380159221727518,0.5,1,false,true,candidate,000535
1,0.2,16,1.0,0.005,0.03364615970735185,0.025866534407731345,0.75,2,false,false,candidate,000536
1,0.2,16,1.0,0.01,0.03364615913702185,0.025866534039153066,0.75,2,false,false,candidate,000537
1,0.2,16,1.0,0.02,0.03363627672587066,0.025866508533754384,0.76,2,false,false,candidate,000538
1,0.2,16,3.0,0.005,0.03364615970735185,0.028970441719513573,0.75,7,true,false,candidate,000539
1,0.2,16,3.0,0.01,0.03364615913702185,0.02897044066931631,0.75,7,true,false,candidate,000540
1,0.2,16,3.0,0.02,0.03363627672587066,0.02897036619315152,0.76,7,true,false,candidate,000541
1,0.25,4,0.3,0.005,0.00873189164637722,0.00873189164637722,0.3,3,false,true,candidate,000542
1,0.25,4,0.3,0.01,0.00873189164577681,0.00873189164577681,0.3,3,false,true,candidate,000543
1,0.25,4,0.3,0.02,0.008731891635708198,0.008731891635708198,0.3,3,false,true,candidate,000544
1,0.25,4,0.5,0.005,0.01962991259380997,0.01962991259380997,0.5,3,false,true,candidate,000545
1,0.25,4,0.5,0.01,0.019629912592696194,0.019629912592696194,0.5,3,false,true,candidate,000546
1,0.25,4,0.5,0.02,0.01962991257406976,0.01962991257406976,0.5,3,false,true,candidate,000547
1,0.25,4,1.0,0.005,0.05367963994392409,0.05367963994392409,1.0,3,false,false,candidate,000548
1,0.25,4,1.0,0.01,0.05367963994178314,0.05367963994178314,1.0,3,false,false,candidate,000549
1,0.25,4,1.0,0.02,0.05367963990578882,0.05367963990578882,1.0,3,false,false,candidate,000550
1,0.25,4,3.0,0.005,0.07909004969415932,0.03520985437896195,1.665,4,true,false,candidate,000551
1,0.25,4,3.0,0.01,0.0790887660082542,0.0352098543719721,1.6600000000000001,4,true,false,candidate,000552
1,0.25,4,3.0,0.02,0.07908876598643676,0.0352098542651622,1.6600000000000001,4,true,false,candidate,000553
1,0.25,6,0.3,0.005,0.003138144697857114,0.003138144697857114,0.3,0,false,true,candidate,000554
1,0.25,6,0.3,0.01,0.003138144697667266,0.003138144697667266,0.3,0,false,true,candidate,000555
1,0.25,6,0.3,0.02,0.003138144693780153,0.003138144693780153,0.3,0,false,true,candidate,000556
1,0.25,6,0.5,0.005,0.010873837947277696,0.010873837947277696,0.5,1,false,true,candidate,000557
1,0.25,6,0.5,0.01,0.010873837944926466,0.010873837944926466,0.5,1,false,true,candidate,000558
1,0.25,6,0.5,0.02,0.010873837905743809,0.010873837905743809,0.5,1,false,true,candidate,000559
1,0.25,6,1.0,0.005,0.04712718201111098,0.04712718201111098,1.0,2,false,false,candidate,000560
1,0.25,6,1.0,0.01,0.04712718200043707,0.04712718200043707,1.0,2,false,false,candidate,000561
1,0.25,6,1.0,0.02,0.04712718182462215,0.04712718182462215,1.0,2,false,false,candidate,000562
1,0.25,6,3.0,0.005,0.24095749950944828,0.24095749950944828,3.0,2,false,false,candidate,000563
1,0.25,6,3.0,0.01,0.24095749953267703,0.24095749953267703,3.0,2,false,false,candidate,000564
1,0.25,6,3.0,0.02,0.2409574998937531,0.2409574998937531,3.0,2,false,false,candidate,000565
1,0.25,8,0.3,0.005,0.008515497385806148,0.008515497385806148,0.3,1,false,true,candidate,000566
1,0.25,8,0.3,0.01,0.008515497383123405,0.008515497383123405,0.3,1,false,true,candidate,000567
1,0.25,8,0.3,0.02,0.008515497288239082,0.008515497288239082,0.3,1,false,true,candidate,000568
1,0.25,8,0.5,0.005,0.01970874820476598,0.01970874820476598,0.5,1,false,true,candidate,000569
1,0.25,8,0.5,0.01,0.0197087481899052,0.0197087481899052,0.5,1,false,true,candidate,000570
1,0.25,8,0.5,0.02,0.01970874786259258,0.01970874786259258,0.5,1,false,true,candidate,000571
1,0.25,8,1.0,0.005,0.05068464699586839,0.05068464699586839,1.0,1,false,false,candidate,000572
1,0.25,8,1.0,0.01,0.05068464695456143,0.05068464695456143,1.0,1,false,false,candidate,000573
1,0.25,8,1.0,0.02,0.050684646106315734,0.050684646106315734,1.0,1,false,false,candidate,000574
1,0.25,8,3.0,0.005,0.10828082233469738,0.06615117241159751,2.255,2,false,false,candidate,000575
1,0.25,8,3.0,0.01,0.10828036140467434,0.06615117243448942,2.25,2,false,false,candidate,000576
1,0.25,8,3.0,0.02,0.10827713384196547,0.06615117214469879,2.2600000000000002,2,false,false,candidate,000577
1,0.25,12,0.3,0.005,0.008242868841332962,0.008242868841332962,0.3,0,false,true,candidate,000578
1,0.25,12,0.3,0.01,0.008242868797523561,0.008242868797523561,0.3,0,false,true,candidate,000579
1,0.25,12,0.3,0.02,0.008242867311020419,0.008242867311020419,0.3,0,false,true,candidate,000580
1,0.25,12,0.5,0.005,0.017176832640027673,0.017176832640027673,0.5,0,false,true,candidate,000581
1,0.25,12,0.5,0.01,0.01717683249780788,0.01717683249780788,0.5,0,false,true,candidate,000582
1,0.25,12,0.5,0.02,0.017176828886403595,0.017176828886403595,0.5,0,false,true,candidate,000583
1,0.25,12,1.0,0.005,0.02338941039609921,0.02055329097062386,0.785,2,false,true,candidate,000584
1,0.25,12,1.0,0.01,0.023389037874951724,0.020553290701630367,0.79,2,false,true,candidate,000585
1,0.25,12,1.0,0.02,0.023386002841201847,0.020553283674624057,0.78,2,false,true,candidate,000586
1,0.25,12,3.0,0.005,0.029875491908240237,0.015134430594371917,2.345,6,true,true,candidate,000587
1,0.25,12,3.0,0.01,0.029875190232022453,0.015134430998129389,2.35,6,true,true,candidate,000588
1,0.25,12,3.0,0.02,0.029873501179459083,0.01513442931974951,2.34,6,true,true,candidate,000589
1,0.25,16,0.3,0.005,0.0096027295038148,0.0096027295038148,0.3,0,false,true,candidate,000590
1,0.25,16,0.3,0.01,0.009602729162949242,0.009602729162949242,0.3,0,false,true,candidate,000591
1,0.25,16,0.3,0.02,0.009602717805477612,0.009602717805477612,0.3,0,false,true,candidate,000592
1,0.25,16,0.5,0.005,0.02380161345936993,0.02380161345936993,0.5,1,false,true,candidate,000593
1,0.25,16,0.5,0.01,0.023801612794031257,0.023801612794031257,0.5,1,false,true,candidate,000594
1,0.25,16,0.5,0.02,0.02380159221727518,0.02380159221727518,0.5,1,false,true,candidate,000595
1,0.25,16,1.0,0.005,0.03364615970735185,0.025866534407731345,0.75,2,false,false,candidate,000596
1,0.25,16,1.0,0.01,0.03364615913702185,0.025866534039153066,0.75,2,false,false,candidate,000597
1,0.25,16,1.0,0.02,0.03363627672587066,0.025866508533754384,0.76,2,false,false,candidate,000598
1,0.25,16,3.0,0.005,0.03364615970735185,0.028970441719513573,0.75,4,true,false,candidate,000599
1,0.25,16,3.0,0.01,0.03364615913702185,0.02897044066931631,0.75,4,true,false,candidate,000600
1,0.25,16,3.0,0.02,0.03363627672587066,0.02897036619315152,0.76,4,true,false,candidate,000601
2,0.05,4,0.3,0.005,0.0018898818534740514,0.0018898818534740514,0.3,4,true,true,candidate,000602
2,0.05,4,0.3,0.01,0.0018898818504480275,0.0018898818504480275,0.3,4,true,true,candidate,000603
2,0.05,4,0.3,0.02,0.0018898817827213144,0.0018898817827213144,0.3,4,true,true,candidate,000604
2,0.05,4,0.5,0.005,0.004675022875437307,0.004675022875437307,0.5,4,true,true,candidate,000605
2,0.05,4,0.5,0.01,0.004675022869801149,0.004675022869801149,0.5,4,true,true,candidate,000606
2,0.05,4,0.5,0.02,0.0046750227473753014,0.0046750227473753014,0.5,4,true,true,candidate,000607
2,0.05,4,1.0,0.005,0.015584017612308987,0.015584017612308987,1.0,4,true,true,candidate,000608
2,0.05,4,1.0,0.01,0.015584017599417965,0.015584017599417965,1.0,4,true,true,candidate,000609
2,0.05,4,1.0,0.02,0.015584017328004851,0.015584017328004851,1.0,4,true,true,candidate,000610
2,0.05,4,3.0,0.005,0.03123636432926591,0.03123636432926591,3.0,4,true,false,candidate,000611
2,0.05,4,3.0,0.01,0.031236364297558827,0.031236364297558827,3.0,4,true,false,candidate,000612
2,0.05,4,3.0,0.02,0.031236363592224148,0.031236363592224148,3.0,4,true,false,candidate,000613
2,0.05,6,0.3,0.005,0.0017595060382735728,0.0017595060382735728,0.3,6,true,true,candidate,000614
2,0.05,6,0.3,0.01,0.0017595060415110941,0.0017595060415110941,0.3,6,true,true,candidate,000615
2,0.05,6,0.3,0.02,0.0017595061266568734,0.0017595061266568734,0.3,6,true,true,candidate,000616
2,0.05,6,0.5,0.005,0.005096907713160181,0.005096907713160181,0.5,6,true,true,candidate,000617
2,0.05,6,0.5,0.01,0.0050969077177950295,0.0050969077177950295,0.5,6,true,true,candidate,000618
2,0.05,6,0.5,0.02,0.005096907847200738,0.005096907847200738,0.5,6,true,true,candidate,000619
2,0.05,6,1.0,0.005,0.016044382493414444,0.016044382493414444,1.0,6,true,true,candidate,000620
2,0.05,6,1.0,0.01,0.016044382510348676,0.016044382510348676,1.0,6,true,true,candidate,000621
2,0.05,6,1.0,0.02,0.01604438288966814,0.01604438288966814,1.0,6,true,true,candidate,000622
2,0.05,6,3.0,0.005,0.051357424258634765,0.051357424258634765,3.0,6,true,false,candidate,000623
2,0.05,6,3.0,0.01,0.05135742418201206,0.05135742418201206,3.0,6,true,false,candidate,000624
2,0.05,6,3.0,0.02,0.05135742259130138,0.05135742259130138,3.0,6,true,false,candidate,000625
2,0.05,8,0.3,0.005,0.0002757750105260026,0.00023918956942448055,0.135,8,true,true,candidate,000626
2,0.05,8,0.3,0.01,0.0002757693415864626,0.0002391896270981242,0.13,8,true,true,candidate,000627
2,0.05,8,0.3,0.02,0.00027485319852549317,0.00023919130059724125,0.14,8,true,true,candidate,000628
2,0.05,8,0.5,0.005,0.0015451377666260147,0.0015451377666260147,0.5,8,true,true,candidate,000629
2,0.05,8,0.5,0.01,0.0015451378641248015,0.0015451378641248015,0.5,8,true,true,candidate,000630
2,0.05,8,0.5,0.02,0.0015451406713116178,0.0015451406713116178,0.5,8,true,true,candidate,000631
2,0.05,8,1.0,0.005,0.004402481883012843,0.004402481883012843,1.0,8,true,true,candidate,000632
2,0.05,8,1.0,0.01,0.004402481546368575,0.004402481546368575,1.0,8,true,true,candidate,000633
2,0.05,8,1.0,0.02,0.004402473661608397,0.004402473661608397,1.0,8,true,true,candidate,000634
2,0.05,8,3.0,0.005,0.07485399130878179,0.07485399130878179,3.0,8,true,false,candidate,000635
2,0.05,8,3.0,0.01,0.07485398990682324,0.07485398990682324,3.0,8,true,false,candidate,000636
2,0.05,8,3.0,0.02,0.07485395937391193,0.07485395937391193,3.0,8,true,false,candidate,000637
2,0.05,12,0.3,0.005,0.001714983933770453,0.001714983933770453,0.3,12,true,true,candidate,000638
2,0.05,12,0.3,0.01,0.0017149839837627967,0.0017149839837627967,0.3,12,true,true,candidate,000639
2,0.05,12,0.3,0.02,0.001714986278416153,0.001714986278416153,0.3,12,true,true,candidate,000640
2,0.05,12,0.5,0.005,0.007751695655606294,0.007751695655606294,0.5,12,true,true,candidate,000641
2,0.05,12,0.5,0.01,0.007751695702908679,0.007751695702908679,0.5,12,true,true,candidate,000642
2,0.05,12,0.5,0.02,0.007751698932531692,0.007751698932531692,0.5,12,true,true,candidate,000643
2,0.05,12,1.0,0.005,0.03137586226814626,0.03137586226814626,1.0,12,true,false,candidate,000644
2,0.05,12,1.0,0.01,0.0313758625539613,0.0313758625539613,1.0,12,true,false,candidate,000645
2,0.05,12,1.0,0.02,0.031375872032819774,0.031375872032819774,1.0,12,true,false,candidate,000646
2,0.05,12,3.0,0.005,0.055070349639910754,0.014659761234037338,1.675,12,true,false,candidate,000647
2,0.05,12,3.0,0.01,0.055068975462168046,0.014659762792849973,1.68,12,true,false,candidate,000648
2,0.05,12,3.0,0.02,0.055068994416675454,0.014659803161064744,1.68,12,true,false,candidate,000649
2,0.05,16,0.3,0.005,0.004375820248041062,0.004375820248041062,0.3,16,true,true,candidate,000650
2,0.05,16,0.3,0.01,0.004375820284018728,0.004375820284018728,0.3,16,true,true,candidate,000651
2,0.05,16,0.3,0.02,0.004375824626289715,0.004375824626289715,0.3,16,true,true,candidate,000652
2,0.05,16,0.5,0.005,0.009497695154822794,0.009497695154822794,0.5,16,true,true,candidate,000653
2,0.05,16,0.5,0.01,0.00949769536793088,0.00949769536793088,0.5,16,true,true,candidate,000654
2,0.05,16,0.5,0.02,0.00949770494563329,0.00949770494563329,0.5,16,true,true,candidate,000655
2,0.05,16,1.0,0.005,0.011157687188928511,0.0012848219787732207,0.65,16,true,true,candidate,000656
2,0.05,16,1.0,0.01,0.01115768770000758,0.001284823521829237,0.65,16,true,true,candidate,000657
2,0.05,16,1.0,0.02,0.011152413081842338,0.0012848607002553525,0.66,16,true,true,candidate,000658
2,0.05,16,3.0,0.005,0.029142476622085134,0.029142476622085134,3.0,16,true,true,candidate,000659
2,0.05,16,3.0,0.01,0.029142470758801498,0.029142470758801498,3.0,16,true,true,candidate,000660
2,0.05,16,3.0,0.02,0.029142335180048606,0.029142335180048606,3.0,16,true,true,candidate,000661
2,0.1,4,0.3,0.005,0.0018898818534740514,0.0018898818534740514,0.3,4,true,true,candidate,000662
2,0.1,4,0.3,0.01,0.0018898818504480275,0.0018898818504480275,0.3,4,true,true,candidate,000663
2,0.1,4,0.3,0.02,0.0018898817827213144,0.0018898817827213144,0.3,4,true,true,candidate,000664
2,0.1,4,0.5,0.005,0.004675022875437307,0.004675022875437307,0.5,4,true,true,candidate,000665
2,0.1,4,0.5,0.01,0.004675022869801149,0.004675022869801149,0.5,4,true,true,candidate,000666
2,0.1,4,0.5,0.02,0.0046750227473753014,0.0046750227473753014,0.5,4,true,true,candidate,000667
2,0.1,4,1.0,0.005,0.015584017612308987,0.015584017612308987,1.0,4,true,true,candidate,000668
2,0.1,4,1.0,0.01,0.015584017599417965,0.015584017599417965,1.0,4,true,true,candidate,000669
2,0.1,4,1.0,0.02,0.015584017328004851,0.015584017328004851,1.0,4,true,true,candidate,000670
2,0.1,4,3.0,0.005,0.03123636432926591,0.03123636432926591,3.0,4,true,false,candidate,000671
2,0.1,4,3.0,0.01,0.031236364297558827,0.031236364297558827,3.0,4,true,false,candidate,000672
2,0.1,4,3.0,0.02,0.031236363592224148,0.031236363592224148,3.0,4,true,false,candidate,000673
2,0.1,6,0.3,0.005,0.0017595060382735728,0.0017595060382735728,0.3,6,true,true,candidate,000674
2,0.1,6,0.3,0.01,0.0017595060415110941,0.0017595060415110941,0.3,6,true,true,candidate,000675
2,0.1,6,0.3,0.02,0.0017595061266568734,0.0017595061266568734,0.3,6,true,true,candidate,000676
2,0.1,6,0.5,0.005,0.005096907713160181,0.005096907713160181,0.5,6,true,true,candidate,000677
2,0.1,6,0.5,0.01,0.0050969077177950295,0.0050969077177950295,0.5,6,true,true,candidate,000678
2,0.1,6,0.5,0.02,0.005096907847200738,0.005096907847200738,0.5,6,true,true,candidate,000679
2,0.1,6,1.0,0.005,0.016044382493414444,0.016044382493414444,1.0,6,true,true,candidate,000680
2,0.1,6,1.0,0.01,0.016044382510348676,0.016044382510348676,1.0,6,true,true,candidate,000681
2,0.1,6,1.0,0.02,0.01604438288966814,0.01604438288966814,1.0,6,true,true,candidate,000682
2,0.1,6,3.0,0.005,0.051357424258634765,0.051357424258634765,3.0,6,true,false,candidate,000683
2,0.1,6,3.0,0.01,0.05135742418201206,0.05135742418201206,3.0,6,true,false,candidate,000684
2,0.1,6,3.0,0.02,0.05135742259130138,0.05135742259130138,3.0,6,true,false,candidate,000685
2,0.1,8,0.3,0.005,0.0002757750105260026,0.00023918956942448055,0.135,8,true,true,candidate,000686
2,0.1,8,0.3,0.01,0.0002757693415864626,0.0002391896270981242,0.13,8,true,true,candidate,000687
2,0.1,8,0.3,0.02,0.00027485319852549317,0.00023919130059724125,0.14,8,true,true,candidate,000688
2,0.1,8,0.5,0.005,0.0015451377666260147,0.0015451377666260147,0.5,8,true,true,candidate,000689
2,0.1,8,0.5,0.01,0.0015451378641248015,0.0015451378641248015,0.5,8,true,true,candidate,000690
2,0.1,8,0.5,0.02,0.0015451406713116178,0.0015451406713116178,0.5,8,true,true,candidate,000691
2,0.1,8,1.0,0.005,0.004402481883012843,0.004402481883012843,1.0,8,true,true,candidate,000692
2,0.1,8,1.0,0.01,0.004402481546368575,0.004402481546368575,1.0,8,true,true,candidate,000693
2,0.1,8,1.0,0.02,0.004402473661608397,0.004402473661608397,1.0,8,true,true,candidate,000694
2,0.1,8,3.0,0.005,0.07485399130878179,0.07485399130878179,3.0,8,true,false,candidate,000695
2,0.1,8,3.0,0.01,0.07485398990682324,0.07485398990682324,3.0,8,true,false,candidate,000696
2,0.1,8,3.0,0.02,0.07485395937391193,0.07485395937391193,3.0,8,true,false,candidate,000697
2,0.1,12,0.3,0.005,0.001714983933770453,0.001714983933770453,0.3,7,true,true,candidate,000698
2,0.1,12,0.3,0.01,0.0017149839837627967,0.0017149839837627967,0.3,7,true,true,candidate,000699
2,0.1,12,0.3,0.02,0.001714986278416153,0.001714986278416153,0.3,7,true,true,candidate,000700
2,0.1,12,0.5,0.005,0.007751695655606294,0.007751695655606294,0.5,8,true,true,candidate,000701
2,0.1,12,0.5,0.01,0.007751695702908679,0.007751695702908679,0.5,8,true,true,candidate,000702
2,0.1,12,0.5,0.02,0.007751698932531692,0.007751698932531692,0.5,8,true,true,candidate,000703
2,0.1,12,1.0,0.005,0.03137586226814626,0.03137586226814626,1.0,9,true,false,candidate,000704
2,0.1,12,1.0,0.01,0.0313758625539613,0.0313758625539613,1.0,9,true,false,candidate,000705
2,0.1,12,1.0,0.02,0.031375872032819774,0.031375872032819774,1.0,9,true,false,candidate,000706
2,0.1,12,3.0,0.005,0.055070349639910754,0.014659761234037338,1.675,11,true,false,candidate,000707
2,0.1,12,3.0,0.01,0.055068975462168046,0.014659762792849973,1.68,11,true,false,candidate,000708
2,0.1,12,3.0,0.02,0.055068994416675454,0.014659803161064744,1.68,11,true,false,candidate,000709
2,0.1,16,0.3,0.005,0.004375820248041062,0.004375820248041062,0.3,4,true,true,candidate,000710
2,0.1,16,0.3,0.01,0.004375820284018728,0.004375820284018728,0.3,4,true,true,candidate,000711
2,0.1,16,0.3,0.02,0.004375824626289715,0.004375824626289715,0.3,4,true,true,candidate,000712
2,0.1,16,0.5,0.005,0.009497695154822794,0.009497695154822794,0.5,6,true,true,candidate,000713
2,0.1,16,0.5,0.01,0.00949769536793088,0.00949769536793088,0.5,6,true,true,candidate,000714
2,0.1,16,0.5,0.02,0.00949770494563329,0.00949770494563329,0.5,6,true,true,candidate,000715
2,0.1,16,1.0,0.005,0.011157687188928511,0.0012848219787732207,0.65,9,true,true,candidate,000716
2,0.1,16,1.0,0.01,0.01115768770000758,0.001284823521829237,0.65,9,true,true,candidate,000717
2,0.1,16,1.0,0.02,0.011152413081842338,0.0012848607002553525,0.66,9,true,true,candidate,000718
2,0.1,16,3.0,0.005,0.029142476622085134,0.029142476622085134,3.0,14,true,true,candidate,000719
2,0.1,16,3.0,0.01,0.029142470758801498,0.029142470758801498,3.0,14,true,true,candidate,000720
2,0.1,16,3.0,0.02,0.029142335180048606,0.029142335180048606,3.0,14,true,true,candidate,000721
2,0.15,4,0.3,0.005,0.0018898818534740514,0.0018898818534740514,0.3,4,true,true,candidate,000722
2,0.15,4,0.3,0.01,0.0018898818504480275,0.0018898818504480275,0.3,4,true,true,candidate,000723
2,0.15,4,0.3,0.02,0.0018898817827213144,0.0018898817827213144,0.3,4,true,true,candidate,000724
2,0.15,4,0.5,0.005,0.004675022875437307,0.004675022875437307,0.5,4,true,true,candidate,000725
2,0.15,4,0.5,0.01,0.004675022869801149,0.004675022869801149,0.5,4,true,true,candidate,000726
2,0.15,4,0.5,0.02,0.0046750227473753014,0.0046750227473753014,0.5,4,true,true,candidate,000727
2,0.15,4,1.0,0.005,0.015584017612308987,0.015584017612308987,1.0,4,true,true,candidate,000728
2,0.15,4,1.0,0.01,0.015584017599417965,0.015584017599417965,1.0,4,true,true,candidate,000729
2,0.15,4,1.0,0.02,0.015584017328004851,0.015584017328004851,1.0,4,true,true,candidate,000730
2,0.15,4,3.0,0.005,0.03123636432926591,0.03123636432926591,3.0,4,true,false,candidate,000731
2,0.15,4,3.0,0.01,0.031236364297558827,0.031236364297558827,3.0,4,true,false,candidate,000732
2,0.15,4,3.0,0.02,0.031236363592224148,0.031236363592224148,3.0,4,true,false,candidate,000733
2,0.15,6,0.3,0.005,0.0017595060382735728,0.0017595060382735728,0.3,5,true,true,candidate,000734
2,0.15,6,0.3,0.01,0.0017595060415110941,0.0017595060415110941,0.3,5,true,true,candidate,000735
2,0.15,6,0.3,0.02,0.0017595061266568734,0.0017595061266568734,0.3,5,true,true,candidate,000736
2,0.15,6,0.5,0.005,0.005096907713160181,0.005096907713160181,0.5,5,true,true,candidate,000737
2,0.15,6,0.5,0.01,0.0050969077177950295,0.0050969077177950295,0.5,5,true,true,candidate,000738
2,0.15,6,0.5,0.02,0.005096907847200738,0.005096907847200738,0.5,5,true,true,candidate,000739
2,0.15,6,1.0,0.005,0.016044382493414444,0.016044382493414444,1.0,5,true,true,candidate,000740
2,0.15,6,1.0,0.01,0.016044382510348676,0.016044382510348676,1.0,5,true,true,candidate,000741
2,0.15,6,1.0,0.02,0.01604438288966814,0.01604438288966814,1.0,5,true,true,candidate,000742
2,0.15,6,3.0,0.005,0.051357424258634765,0.051357424258634765,3.0,6,true,false,candidate,000743
2,0.15,6,3.0,0.01,0.05135742418201206,0.05135742418201206,3.0,6,true,false,candidate,000744
2,0.15,6,3.0,0.02,0.05135742259130138,0.05135742259130138,3.0,6,true,false,candidate,000745
2,0.15,8,0.3,0.005,0.0002757750105260026,0.00023918956942448055,0.135,3,false,true,candidate,000746
2,0.15,8,0.3,0.01,0.0002757693415864626,0.0002391896270981242,0.13,3,false,true,candidate,000747
2,0.15,8,0.3,0.02,0.00027485319852549317,0.00023919130059724125,0.14,3,false,true,candidate,000748
2,0.15,8,0.5,0.005,0.0015451377666260147,0.0015451377666260147,0.5,3,false,true,candidate,000749
2,0.15,8,0.5,0.01,0.0015451378641248015,0.0015451378641248015,0.5,3,false,true,candidate,000750
2,0.15,8,0.5,0.02,0.0015451406713116178,0.0015451406713116178,0.5,3,false,true,candidate,000751
2,0.15,8,1.0,0.005,0.004402481883012843,0.004402481883012843,1.0,6,true,true,candidate,000752
2,0.15,8,1.0,0.01,0.004402481546368575,0.004402481546368575,1.0,6,true,true,candidate,000753
2,0.15,8,1.0,0.02,0.004402473661608397,0.004402473661608397,1.0,6,true,true,candidate,000754
2,0.15,8,3.0,0.005,0.07485399130878179,0.07485399130878179,3.0,7,true,false,candidate,000755
2,0.15,8,3.0,0.01,0.07485398990682324,0.07485398990682324,3.0,7,true,false,candidate,000756
2,0.15,8,3.0,0.02,0.07485395937391193,0.07485395937391193,3.0,7,true,false,candidate,000757
2,0.15,12,0.3,0.005,0.001714983933770453,0.001714983933770453,0.3,2,false,true,candidate,000758
2,0.15,12,0.3,0.01,0.0017149839837627967,0.0017149839837627967,0.3,2,false,true,candidate,000759
2,0.15,12,0.3,0.02,0.001714986278416153,0.001714986278416153,0.3,2,false,true,candidate,000760
2,0.15,12,0.5,0.005,0.007751695655606294,0.007751695655606294,0.5,3,false,true,candidate,000761
2,0.15,12,0.5,0.01,0.007751695702908679,0.007751695702908679,0.5,3,false,true,candidate,000762
2,0.15,12,0.5,0.02,0.007751698932531692,0.007751698932531692,0.5,3,false,true,candidate,000763
2,0.15,12,1.0,0.005,0.03137586226814626,0.03137586226814626,1.0,4,true,false,candidate,000764
2,0.15,12,1.0,0.01,0.0313758625539613,0.0313758625539613,1.0,4,true,false,candidate,000765
2,0.15,12,1.0,0.02,0.031375872032819774,0.031375872032819774,1.0,4,true,false,candidate,000766
2,0.15,12,3.0,0.005,0.055070349639910754,0.014659761234037338,1.675,7,true,false,candidate,000767
2,0.15,12,3.0,0.01,0.055068975462168046,0.014659762792849973,1.68,7,true,false,candidate,000768
2,0.15,12,3.0,0.02,0.055068994416675454,0.014659803161064744,1.68,7,true,false,candidate,000769
2,0.15,16,0.3,0.005,0.004375820248041062,0.004375820248041062,0.3,1,false,true,candidate,000770
2,0.15,16,0.3,0.01,0.004375820284018728,0.004375820284018728,0.3,1,false,true,candidate,000771
2,0.15,16,0.3,0.02,0.004375824626289715,0.004375824626289715,0.3,1,false,true,candidate,000772
2,0.15,16,0.5,0.005,0.009497695154822794,0.009497695154822794,0.5,1,false,true,candidate,000773
2,0.15,16,0.5,0.01,0.00949769536793088,0.00949769536793088,0.5,1,false,true,candidate,000774
2,0.15,16,0.5,0.02,0.00949770494563329,0.00949770494563329,0.5,1,false,true,candidate,000775
2,0.15,16,1.0,0.005,0.011157687188928511,0.0012848219787732207,0.65,5,true,true,candidate,000776
2,0.15,16,1.0,0.01,0.01115768770000758,0.001284823521829237,0.65,5,true,true,candidate,000777
2,0.15,16,1.0,0.02,0.011152413081842338,0.0012848607002553525,0.66,5,true,true,candidate,000778
2,0.15,16,3.0,0.005,0.029142476622085134,0.029142476622085134,3.0,12,true,true,candidate,000779
2,0.15,16,3.0,0.01,0.029142470758801498,0.029142470758801498,3.0,12,true,true,candidate,000780
2,0.15,16,3.0,0.02,0.029142335180048606,0.029142335180048606,3.0,12,true,true,candidate,000781
2,0.2,4,0.3,0.005,0.0018898818534740514,0.0018898818534740514,0.3,4,true,true,candidate,000782
2,0.2,4,0.3,0.01,0.0018898818504480275,0.0018898818504480275,0.3,4,true,true,candidate,000783
2,0.2,4,0.3,0.02,0.0018898817827213144,0.0018898817827213144,0.3,4,true,true,candidate,000784
2,0.2,4,0.5,0.005,0.004675022875437307,0.004675022875437307,0.5,4,true,true,candidate,000785
2,0.2,4,0.5,0.01,0.004675022869801149,0.004675022869801149,0.5,4,true,true,candidate,000786
2,0.2,4,0.5,0.02,0.0046750227473753014,0.0046750227473753014,0.5,4,true,true,candidate,000787
2,0.2,4,1.0,0.005,0.015584017612308987,0.015584017612308987,1.0,4,true,true,candidate,000788
2,0.2,4,1.0,0.01,0.015584017599417965,0.015584017599417965,1.0,4,true,true,candidate,000789
2,0.2,4,1.0,0.02,0.015584017328004851,0.015584017328004851,1.0,4,true,true,candidate,000790
2,0.2,4,3.0,0.005,0.03123636432926591,0.03123636432926591,3.0,4,true,false,candidate,000791
2,0.2,4,3.0,0.01,0.031236364297558827,0.031236364297558827,3.0,4,true,false,candidate,000792
2,0.2,4,3.0,0.02,0.031236363592224148,0.031236363592224148,3.0,4,true,false,candidate,000793
2,0.2,6,0.3,0.005,0.0017595060382735728,0.0017595060382735728,0.3,3,false,true,candidate,000794
2,0.2,6,0.3,0.01,0.0017595060415110941,0.0017595060415110941,0.3,3,false,true,candidate,000795
2,0.2,6,0.3,0.02,0.0017595061266568734,0.0017595061266568734,0.3,3,false,true,candidate,000796
2,0.2,6,0.5,0.005,0.005096907713160181,0.005096907713160181,0.5,3,false,true,candidate,000797
2,0.2,6,0.5,0.01,0.0050969077177950295,0.0050969077177950295,0.5,3,false,true,candidate,000798
2,0.2,6,0.5,0.02,0.005096907847200738,0.005096907847200738,0.5,3,false,true,candidate,000799
2,0.2,6,1.0,0.005,0.016044382493414444,0.016044382493414444,1.0,3,false,true,candidate,000800
2,0.2,6,1.0,0.01,0.016044382510348676,0.016044382510348676,1.0,3,false,true,candidate,000801
2,0.2,6,1.0,0.02,0.01604438288966814,0.01604438288966814,1.0,3,false,true,candidate,000802
2,0.2,6,3.0,0.005,0.051357424258634765,0.051357424258634765,3.0,5,true,false,candidate,000803
2,0.2,6,3.0,0.01,0.05135742418201206,0.05135742418201206,3.0,5,true,false,candidate,000804
2,0.2,6,3.0,0.02,0.05135742259130138,0.05135742259130138,3.0,5,true,false,candidate,000805
2,0.2,8,0.3,0.005,0.0002757750105260026,0.00023918956942448055,0.135,3,false,true,candidate,000806
2,0.2,8,0.3,0.01,0.0002757693415864626,0.0002391896270981242,0.13,3,false,true,candidate,000807
2,0.2,8,0.3,0.02,0.00027485319852549317,0.00023919130059724125,0.14,3,false,true,candidate,000808
2,0.2,8,0.5,0.005,0.0015451377666260147,0.0015451377666260147,0.5,3,false,true,candidate,000809
2,0.2,8,0.5,0.01,0.0015451378641248015,0.0015451378641248015,0.5,3,false,true,candidate,000810
2,0.2,8,0.5,0.02,0.0015451406713116178,0.0015451406713116178,0.5,3,false,true,candidate,000811
2,0.2,8,1.0,0.005,0.004402481883012843,0.004402481883012843,1.0,5,true,true,candidate,000812
2,0.2,8,1.0,0.01,0.004402481546368575,0.004402481546368575,1.0,5,true,true,candidate,000813
2,0.2,8,1.0,0.02,0.004402473661608397,0.004402473661608397,1.0,5,true,true,candidate,000814
2,0.2,8,3.0,0.005,0.07485399130878179,0.07485399130878179,3.0,7,true,false,candidate,000815
2,0.2,8,3.0,0.01,0.07485398990682324,0.07485398990682324,3.0,7,true,false,candidate,000816
2,0.2,8,3.0,0.02,0.07485395937391193,0.07485395937391193,3.0,7,true,false,candidate,000817
2,0.2,12,0.3,0.005,0.001714983933770453,0.001714983933770453,0.3,0,false,true,candidate,000818
2,0.2,12,0.3,0.01,0.0017149839837627967,0.0017149839837627967,0.3,0,false,true,candidate,000819
2,0.2,12,0.3,0.02,0.001714986278416153,0.001714986278416153,0.3,0,false,true,candidate,000820
2,0.2,12,0.5,0.005,0.007751695655606294,0.007751695655606294,0.5,1,false,true,candidate,000821
2,0.2,12,0.5,0.01,0.007751695702908679,0.007751695702908679,0.5,1,false,true,candidate,000822
2,0.2,12,0.5,0.02,0.007751698932531692,0.007751698932531692,0.5,1,false,true,candidate,000823
2,0.2,12,1.0,0.005,0.03137586226814626,0.03137586226814626,1.0,2,false,false,candidate,000824
2,0.2,12,1.0,0.01,0.0313758625539613,0.0313758625539613,1.0,2,false,false,candidate,000825
2,0.2,12,1.0,0.02,0.031375872032819774,0.031375872032819774,1.0,2,false,false,candidate,000826
2,0.2,12,3.0,0.005,0.055070349639910754,0.014659761234037338,1.675,6,true,false,candidate,000827
2,0.2,12,3.0,0.01,0.055068975462168046,0.014659762792849973,1.68,6,true,false,candidate,000828
2,0.2,12,3.0,0.02,0.055068994416675454,0.014659803161064744,1.68,6,true,false,candidate,000829
2,0.2,16,0.3,0.005,0.004375820248041062,0.004375820248041062,0.3,0,false,true,candidate,000830
2,0.2,16,0.3,0.01,0.004375820284018728,0.004375820284018728,0.3,0,false,true,candidate,000831
2,0.2,16,0.3,0.02,0.004375824626289715,0.004375824626289715,0.3,0,false,true,candidate,000832
2,0.2,16,0.5,0.005,0.009497695154822794,0.009497695154822794,0.5,0,false,true,candidate,000833
2,0.2,16,0.5,0.01,0.00949769536793088,0.00949769536793088,0.5,0,false,true,candidate,000834
2,0.2,16,0.5,0.02,0.00949770494563329,0.00949770494563329,0.5,0,false,true,candidate,000835
2,0.2,16,1.0,0.005,0.011157687188928511,0.0012848219787732207,0.65,4,true,true,candidate,000836
2,0.2,16,1.0,0.01,0.01115768770000758,0.001284823521829237,0.65,4,true,true,candidate,000837
2,0.2,16,1.0,0.02,0.011152413081842338,0.0012848607002553525,0.66,4,true,true,candidate,000838
2,0.2,16,3.0,0.005,0.029142476622085134,0.029142476622085134,3.0,7,true,true,candidate,000839
2,0.2,16,3.0,0.01,0.029142470758801498,0.029142470758801498,3.0,7,true,true,candidate,000840
2,0.2,16,3.0,0.02,0.029142335180048606,0.029142335180048606,3.0,7,true,true,candidate,000841
2,0.25,4,0.3,0.005,0.0018898818534740514,0.0018898818534740514,0.3,2,false,true,candidate,000842
2,0.25,4,0.3,0.01,0.0018898818504480275,0.0018898818504480275,0.3,2,false,true,candidate,000843
2,0.25,4,0.3,0.02,0.0018898817827213144,0.0018898817827213144,0.3,2,false,true,candidate,000844
2,0.25,4,0.5,0.005,0.004675022875437307,0.004675022875437307,0.5,2,false,true,candidate,000845
2,0.25,4,0.5,0.01,0.004675022869801149,0.004675022869801149,0.5,2,false,true,candidate,000846
2,0.25,4,0.5,0.02,0.0046750227473753014,0.0046750227473753014,0.5,2,false,true,candidate,000847
2,0.25,4,1.0,0.005,0.015584017612308987,0.015584017612308987,1.0,2,false,true,candidate,000848
2,0.25,4,1.0,0.01,0.015584017599417965,0.015584017599417965,1.0,2,false,true,candidate,000849
2,0.25,4,1.0,0.02,0.015584017328004851,0.015584017328004851,1.0,2,false,true,candidate,000850
2,0.25,4,3.0,0.005,0.03123636432926591,0.03123636432926591,3.0,3,false,false,candidate,000851
2,0.25,4,3.0,0.01,0.031236364297558827,0.031236364297558827,3.0,3,false,false,candidate,000852
2,0.25,4,3.0,0.02,0.031236363592224148,0.031236363592224148,3.0,3,false,false,candidate,000853
2,0.25,6,0.3,0.005,0.0017595060382735728,0.0017595060382735728,0.3,1,false,true,candidate,000854
2,0.25,6,0.3,0.01,0.0017595060415110941,0.0017595060415110941,0.3,1,false,true,candidate,000855
2,0.25,6,0.3,0.02,0.0017595061266568734,0.0017595061266568734,0.3,1,false,true,candidate,000856
2,0.25,6,0.5,0.005,0.005096907713160181,0.005096907713160181,0.5,3,false,true,candidate,000857
2,0.25,6,0.5,0.01,0.0050969077177950295,0.0050969077177950295,0.5,3,false,true,candidate,000858
2,0.25,6,0.5,0.02,0.005096907847200738,0.005096907847200738,0.5,3,false,true,candidate,000859
2,0.25,6,1.0,0.005,0.016044382493414444,0.016044382493414444,1.0,3,false,true,candidate,000860
2,0.25,6,1.0,0.01,0.016044382510348676,0.016044382510348676,1.0,3,false,true,candidate,000861
2,0.25,6,1.0,0.02,0.01604438288966814,0.01604438288966814,1.0,3,false,true,candidate,000862
2,0.25,6,3.0,0.005,0.051357424258634765,0.051357424258634765,3.0,5,true,false,candidate,000863
2,0.25,6,3.0,0.01,0.05135742418201206,0.05135742418201206,3.0,5,true,false,candidate,000864
2,0.25,6,3.0,0.02,0.05135742259130138,0.05135742259130138,3.0,5,true,false,candidate,000865
2,0.25,8,0.3,0.005,0.0002757750105260026,0.00023918956942448055,0.135,2,false,true,candidate,000866
2,0.25,8,0.3,0.01,0.0002757693415864626,0.0002391896270981242,0.13,2,false,true,candidate,000867
2,0.25,8,0.3,0.02,0.00027485319852549317,0.00023919130059724125,0.14,2,false,true,candidate,000868
2,0.25,8,0.5,0.005,0.0015451377666260147,0.0015451377666260147,0.5,2,false,true,candidate,000869
2,0.25,8,0.5,0.01,0.0015451378641248015,0.0015451378641248015,0.5,2,false,true,candidate,000870
2,0.25,8,0.5,0.02,0.0015451406713116178,0.0015451406713116178,0.5,2,false,true,candidate,000871
2,0.25,8,1.0,0.005,0.004402481883012843,0.004402481883012843,1.0,3,false,true,candidate,000872
2,0.25,8,1.0,0.01,0.004402481546368575,0.004402481546368575,1.0,3,false,true,candidate,000873
2,0.25,8,1.0,0.02,0.004402473661608397,0.004402473661608397,1.0,3,false,true,candidate,000874
2,0.25,8,3.0,0.005,0.07485399130878179,0.07485399130878179,3.0,5,true,false,candidate,000875
2,0.25,8,3.0,0.01,0.07485398990682324,0.07485398990682324,3.0,5,true,false,candidate,000876
2,0.25,8,3.0,0.02,0.07485395937391193,0.07485395937391193,3.0,5,true,false,candidate,000877
2,0.25,12,0.3,0.005,0.001714983933770453,0.001714983933770453,0.3,0,false,true,candidate,000878
2,0.25,12,0.3,0.01,0.0017149839837627967,0.0017149839837627967,0.3,0,false,true,candidate,000879
2,0.25,12,0.3,0.02,0.001714986278416153,0.001714986278416153,0.3,0,false,true,candidate,000880
2,0.25,12,0.5,0.005,0.007751695655606294,0.007751695655606294,0.5,0,false,true,candidate,000881
2,0.25,12,0.5,0.01,0.007751695702908679,0.007751695702908679,0.5,0,false,true,candidate,000882
2,0.25,12,0.5,0.02,0.007751698932531692,0.007751698932531692,0.5,0,false,true,candidate,000883
2,0.25,12,1.0,0.005,0.03137586226814626,0.03137586226814626,1.0,1,false,false,candidate,000884
2,0.25,12,1.0,0.01,0.0313758625539613,0.0313758625539613,1.0,1,false,false,candidate,000885
2,0.25,12,1.0,0.02,0.031375872032819774,0.031375872032819774,1.0,1,false,false,candidate,000886
2,0.25,12,3.0,0.005,0.055070349639910754,0.014659761234037338,1.675,6,true,false,candidate,000887
2,0.25,12,3.0,0.01,0.055068975462168046,0.014659762792849973,1.68,6,true,false,candidate,000888
2,0.25,12,3.0,0.02,0.055068994416675454,0.014659803161064744,1.68,6,true,false,candidate,000889
2,0.25,16,0.3,0.005,0.004375820248041062,0.004375820248041062,0.3,0,false,true,candidate,000890
2,0.25,16,0.3,0.01,0.004375820284018728,0.004375820284018728,0.3,0,false,true,candidate,000891
2,0.25,16,0.3,0.02,0.004375824626289715,0.004375824626289715,0.3,0,false,true,candidate,000892
2,0.25,16,0.5,0.005,0.009497695154822794,0.009497695154822794,0.5,0,false,true,candidate,000893
2,0.25,16,0.5,0.01,0.00949769536793088,0.00949769536793088,0.5,0,false,true,candidate,000894
2,0.25,16,0.5,0.02,0.00949770494563329,0.00949770494563329,0.5,0,false,true,candidate,000895
2,0.25,16,1.0,0.005,0.011157687188928511,0.0012848219787732207,0.65,0,false,true,candidate,000896
2,0.25,16,1.0,0.01,0.01115768770000758,0.001284823521829237,0.65,0,false,true,candidate,000897
2,0.25,16,1.0,0.02,0.011152413081842338,0.0012848607002553525,0.66,0,false,true,candidate,000898
2,0.25,16,3.0,0.005,0.029142476622085134,0.029142476622085134,3.0,2,false,true,candidate,000899
2,0.25,16,3.0,0.01,0.029142470758801498,0.029142470758801498,3.0,2,false,true,candidate,000900
2,0.25,16,3.0,0.02,0.029142335180048606,0.029142335180048606,3.0,2,false,true,candidate,000901
3,0.05,4,0.3,0.005,0.0008124584810924596,0.0008124584810924596,0.3,4,true,true,candidate,000902
3,0.05,4,0.3,0.01,0.000812458485719425,0.000812458485719425,0.3,4,true,true,candidate,000903
3,0.05,4,0.3,0.02,0.0008124585573354715,0.0008124585573354715,0.3,4,true,true,candidate,000904
3,0.05,4,0.5,0.005,0.0031094408572334142,0.0031094408572334142,0.5,4,true,true,candidate,000905
3,0.05,4,0.5,0.01,0.0031094408642788895,0.0031094408642788895,0.5,4,true,true,candidate,000906
3,0.05,4,0.5,0.02,0.00310944097313981,0.00310944097313981,0.5,4,true,true,candidate,000907
3,0.05,4,1.0,0.005,0.019459611199845517,0.019459611199845517,1.0,4,true,true,candidate,000908
3,0.05,4,1.0,0.01,0.01945961120966677,0.01945961120966677,1.0,4,true,true,candidate,000909
3,0.05,4,1.0,0.02,0.019459611359568196,0.019459611359568196,1.0,4,true,true,candidate,000910
3,0.05,4,3.0,0.005,0.21812510652383232,0.21812510652383232,3.0,4,true,false,candidate,000911
3,0.05,4,3.0,0.01,0.21812510652562755,0.21812510652562755,3.0,4,true,false,candidate,000912
3,0.05,4,3.0,0.02,0.2181251065326606,0.2181251065326606,3.0,4,true,false,candidate,000913
3,0.05,6,0.3,0.005,0.006590324790945011,0.006590324790945011,0.3,6,true,true,candidate,000914
3,0.05,6,0.3,0.01,0.00659032481654964,0.00659032481654964,0.3,6,true,true,candidate,000915
3,0.05,6,0.3,0.02,0.006590325390916639,0.006590325390916639,0.3,6,true,true,candidate,000916
3,0.05,6,0.5,0.005,0.02049517865252048,0.02049517865252048,0.5,6,true,true,candidate,000917
3,0.05,6,0.5,0.01,0.02049517868191619,0.02049517868191619,0.5,6,true,true,candidate,000918
3,0.05,6,0.5,0.02,0.02049517942523937,0.02049517942523937,0.5,6,true,true,candidate,000919
3,0.05,6,1.0,0.005,0.06154843610581116,0.06154843610581116,1.0,6,true,false,candidate,000920
3,0.05,6,1.0,0.01,0.06154843618440774,0.06154843618440774,1.0,6,true,false,candidate,000921
3,0.05,6,1.0,0.02,0.06154843797247343,0.06154843797247343,1.0,6,true,false,candidate,000922
3,0.05,6,3.0,0.005,0.07938974152682075,0.07938974152682075,3.0,6,true,false,candidate,000923
3,0.05,6,3.0,0.01,0.07938974095473726,0.07938974095473726,3.0,6,true,false,candidate,000924
3,0.05,6,3.0,0.02,0.07938973003153114,0.07938973003153114,3.0,6,true,false,candidate,000925
3,0.05,8,0.3,0.005,0.004175259712902334,0.004175259712902334,0.3,8,true,true,candidate,000926
3,0.05,8,0.3,0.01,0.004175259702909217,0.004175259702909217,0.3,8,true,true,candidate,000927
3,0.05,8,0.3,0.02,0.004175259994622315,0.004175259994622315,0.3,8,true,true,candidate,000928
3,0.05,8,0.5,0.005,0.00992383794385465,0.00992383794385465,0.5,8,true,true,candidate,000929
3,0.05,8,0.5,0.01,0.009923837936737233,0.009923837936737233,0.5,8,true,true,candidate,000930
3,0.05,8,0.5,0.02,0.009923838566433195,0.009923838566433195,0.5,8,true,true,candidate,000931
3,0.05,8,1.0,0.005,0.01210781289024276,0.0044985845951667205,0.675,8,true,true,candidate,000932
3,0.05,8,1.0,0.01,0.012106426245801268,0.004498584703543917,0.67,8,true,true,candidate,000933
3,0.05,8,1.0,0.02,0.012105272345682257,0.004498587922473595,0.68,8,true,true,candidate,000934
3,0.05,8,3.0,0.005,0.05684430439214004,0.04896117352796202,2.7800000000000002,8,true,false,candidate,000935
3,0.05,8,3.0,0.01,0.056844304300711176,0.04896117375282659,2.7800000000000002,8,true,false,candidate,000936
3,0.05,8,3.0,0.02,0.05684429860088812,0.048961172807779216,2.7800000000000002,8,true,false,candidate,000937
3,0.05,12,0.3,0.005,0.004105521221204555,0.004105521221204555,0.3,12,true,true,candidate,000938
3,0.05,12,0.3,0.01,0.004105521249865739,0.004105521249865739,0.3,12,true,true,candidate,000939
3,0.05,12,0.3,0.02,0.004105522744252021,0.004105522744252021,0.3,12,true,true,candidate,000940
3,0.05,12,0.5,0.005,0.0166042300963638,0.0166042300963638,0.5,12,true,true,candidate,000941
3,0.05,12,0.5,0.01,0.016604230020435092,0.016604230020435092,0.5,12,true,true,candidate,000942
3,0.05,12,0.5,0.02,0.016604230501116254,0.016604230501116254,0.5,12,true,true,candidate,000943
3,0.05,12,1.0,0.005,0.061798908547281414,0.061798908547281414,1.0,12,true,false,candidate,000944
3,0.05,12,1.0,0.01,0.06179890845205492,0.06179890845205492,1.0,12,true,false,candidate,000945
3,0.05,12,1.0,0.02,0.06179891008561465,0.06179891008561465,1.0,12,true,false,candidate,000946
3,0.05,12,3.0,0.005,0.10199983111248553,0.09742825051915768,2.195,12,true,false,candidate,000947
3,0.05,12,3.0,0.01,0.1019995645283229,0.09742825115317275,2.2,12,true,false,candidate,000948
3,0.05,12,3.0,0.02,0.10199958275753138,0.09742827084310188,2.2,12,true,false,candidate,000949
3,0.05,16,0.3,0.005,0.003019055916664848,0.003019055916664848,0.3,16,true,true,candidate,000950
3,0.05,16,0.3,0.01,0.003019056043889079,0.003019056043889079,0.3,16,true,true,candidate,000951
3,0.05,16,0.3,0.02,0.0030190595443416735,0.0030190595443416735,0.3,16,true,true,candidate,000952
3,0.05,16,0.5,0.005,0.012401590072407931,0.012401590072407931,0.5,16,true,true,candidate,000953
3,0.05,16,0.5,0.01,0.01240159025161236,0.01240159025161236,0.5,16,true,true,candidate,000954
3,0.05,16,0.5,0.02,0.01240159555875009,0.01240159555875009,0.5,16,true,true,candidate,000955
3,0.05,16,1.0,0.005,0.030975096826699744,0.030149203683471737,0.925,16,true,false,candidate,000956
3,0.05,16,1.0,0.01,0.030974761148232943,0.03014920431548196,0.93,16,true,false,candidate,000957
3,0.05,16,1.0,0.02,0.03096780795496079,0.030149219259027693,0.92,16,true,false,candidate,000958
3,0.05,16,3.0,0.005,0.04153692097883832,0.04153692097883832,3.0,16,true,false,candidate,000959
3,0.05,16,3.0,0.01,0.04153692095855366,0.04153692095855366,3.0,16,true,false,candidate,000960
3,0.05,16,3.0,0.02,0.041536905798234436,0.041536905798234436,3.0,16,true,false,candidate,000961
3,0.1,4,0.3,0.005,0.0008124584810924596,0.0008124584810924596,0.3,4,true,true,candidate,000962
3,0.1,4,0.3,0.01,0.000812458485719425,0.000812458485719425,0.3,4,true,true,candidate,000963
3,0.1,4,0.3,0.02,0.0008124585573354715,0.0008124585573354715,0.3,4,true,true,candidate,000964
3,0.1,4,0.5,0.005,0.0031094408572334142,0.0031094408572334142,0.5,4,true,true,candidate,000965
3,0.1,4,0.5,0.01,0.0031094408642788895,0.0031094408642788895,0.5,4,true,true,candidate,000966
3,0.1,4,0.5,0.02,0.00310944097313981,0.00310944097313981,0.5,4,true,true,candidate,000967
3,0.1,4,1.0,0.005,0.019459611199845517,0.019459611199845517,1.0,4,true,true,candidate,000968
3,0.1,4,1.0,0.01,0.01945961120966677,0.01945961120966677,1.0,4,true,true,candidate,000969
3,0.1,4,1.0,0.02,0.019459611359568196,0.019459611359568196,1.0,4,true,true,candidate,000970
3,0.1,4,3.0,0.005,0.21812510652383232,0.21812510652383232,3.0,4,true,false,candidate,000971
3,0.1,4,3.0,0.01,0.21812510652562755,0.21812510652562755,3.0,4,true,false,candidate,000972
3,0.1,4,3.0,0.02,0.2181251065326606,0.2181251065326606,3.0,4,true,false,candidate,000973
3,0.1,6,0.3,0.005,0.006590324790945011,0.006590324790945011,0.3,6,true,true,candidate,000974
3,0.1,6,0.3,0.01,0.00659032481654964,0.00659032481654964,0.3,6,true,true,candidate,000975
3,0.1,6,0.3,0.02,0.006590325390916639,0.006590325390916639,0.3,6,true,true,candidate,000976
3,0.1,6,0.5,0.005,0.02049517865252048,0.02049517865252048,0.5,6,true,true,candidate,000977
3,0.1,6,0.5,0.01,0.02049517868191619,0.02049517868191619,0.5,6,true,true,candidate,000978
3,0.1,6,0.5,0.02,0.02049517942523937,0.02049517942523937,0.5,6,true,true,candidate,000979
3,0.1,6,1.0,0.005,0.06154843610581116,0.06154843610581116,1.0,6,true,false,candidate,000980
3,0.1,6,1.0,0.01,0.06154843618440774,0.06154843618440774,1.0,6,true,false,candidate,000981
3,0.1,6,1.0,0.02,0.06154843797247343,0.06154843797247343,1.0,6,true,false,candidate,000982
3,0.1,6,3.0,0.005,0.07938974152682075,0.07938974152682075,3.0,6,true,false,candidate,000983
3,0.1,6,3.0,0.01,0.07938974095473726,0.07938974095473726,3.0,6,true,false,candidate,000984
3,0.1,6,3.0,0.02,0.07938973003153114,0.07938973003153114,3.0,6,true,false,candidate,000985
3,0.1,8,0.3,0.005,0.004175259712902334,0.004175259712902334,0.3,8,true,true,candidate,000986
3,0.1,8,0.3,0.01,0.004175259702909217,0.004175259702909217,0.3,8,true,true,candidate,000987
3,0.1,8,0.3,0.02,0.004175259994622315,0.004175259994622315,0.3,8,true,true,candidate,000988
3,0.1,8,0.5,0.005,0.00992383794385465,0.00992383794385465,0.5,8,true,true,candidate,000989
3,0.1,8,0.5,0.01,0.009923837936737233,0.009923837936737233,0.5,8,true,true,candidate,000990
3,0.1,8,0.5,0.02,0.009923838566433195,0.009923838566433195,0.5,8,true,true,candidate,000991
3,0.1,8,1.0,0.005,0.01210781289024276,0.0044985845951667205,0.675,8,true,true,candidate,000992
3,0.1,8,1.0,0.01,0.012106426245801268,0.004498584703543917,0.67,8,true,true,candidate,000993
3,0.1,8,1.0,0.02,0.012105272345682257,0.004498587922473595,0.68,8,true,true,candidate,000994
3,0.1,8,3.0,0.005,0.05684430439214004,0.04896117352796202,2.7800000000000002,8,true,false,candidate,000995
3,0.1,8,3.0,0.01,0.056844304300711176,0.04896117375282659,2.7800000000000002,8,true,false,candidate,000996
3,0.1,8,3.0,0.02,0.05684429860088812,0.048961172807779216,2.7800000000000002,8,true,false,candidate,000997
3,0.1,12,0.3,0.005,0.004105521221204555,0.004105521221204555,0.3,3,false,true,candidate,000998
3,0.1,12,0.3,0.01,0.004105521249865739,0.004105521249865739,0.3,3,false,true,candidate,000999
3,0.1,12,0.3,0.02,0.004105522744252021,0.004105522744252021,0.3,3,false,true,candidate,001000
3,0.1,12,0.5,0.005,0.0166042300963638,0.0166042300963638,0.5,3,false,true,candidate,001001
3,0.1,12,0.5,0.01,0.016604230020435092,0.016604230020435092,0.5,3,false,true,candidate,001002
3,0.1,12,0.5,0.02,0.016604230501116254,0.016604230501116254,0.5,3,false,true,candidate,001003
3,0.1,12,1.0,0.005,0.061798908547281414,0.061798908547281414,1.0,4,true,false,candidate,001004
3,0.1,12,1.0,0.01,0.06179890845205492,0.06179890845205492,1.0,4,true,false,candidate,001005
3,0.1,12,1.0,0.02,0.06179891008561465,0.06179891008561465,1.0,4,true,false,candidate,001006
3,0.1,12,3.0,0.005,0.10199983111248553,0.09742825051915768,2.195,10,true,false,candidate,001007
3,0.1,12,3.0,0.01,0.1019995645283229,0.09742825115317275,2.2,10,true,false,candidate,001008
3,0.1,12,3.0,0.02,0.10199958275753138,0.09742827084310188,2.2,10,true,false,candidate,001009
3,0.1,16,0.3,0.005,0.003019055916664848,0.003019055916664848,0.3,2,false,true,candidate,001010
3,0.1,16,0.3,0.01,0.003019056043889079,0.003019056043889079,0.3,2,false,true,candidate,001011
3,0.1,16,0.3,0.02,0.0030190595443416735,0.0030190595443416735,0.3,2,false,true,candidate,001012
3,0.1,16,0.5,0.005,0.012401590072407931,0.012401590072407931,0.5,3,false,true,candidate,001013
3,0.1,16,0.5,0.01,0.01240159025161236,0.01240159025161236,0.5,3,false,true,candidate,001014
3,0.1,16,0.5,0.02,0.01240159555875009,0.01240159555875009,0.5,3,false,true,candidate,001015
3,0.1,16,1.0,0.005,0.030975096826699744,0.030149203683471737,0.925,4,true,false,candidate,001016
3,0.1,16,1.0,0.01,0.030974761148232943,0.03014920431548196,0.93,4,true,false,candidate,001017
3,0.1,16,1.0,0.02,0.03096780795496079,0.030149219259027693,0.92,4,true,false,candidate,001018
3,0.1,16,3.0,0.005,0.04153692097883832,0.04153692097883832,3.0,12,true,false,candidate,001019
3,0.1,16,3.0,0.01,0.04153692095855366,0.04153692095855366,3.0,12,true,false,candidate,001020
3,0.1,16,3.0,0.02,0.041536905798234436,0.041536905798234436,3.0,12,true,false,candidate,001021
3,0.15,4,0.3,0.005,0.0008124584810924596,0.0008124584810924596,0.3,4,true,true,candidate,001022
3,0.15,4,0.3,0.01,0.000812458485719425,0.000812458485719425,0.3,4,true,true,candidate,001023
3,0.15,4,0.3,0.02,0.0008124585573354715,0.0008124585573354715,0.3,4,true,true,candidate,001024
3,0.15,4,0.5,0.005,0.0031094408572334142,0.0031094408572334142,0.5,4,true,true,candidate,001025
3,0.15,4,0.5,0.01,0.0031094408642788895,0.0031094408642788895,0.5,4,true,true,candidate,001026
3,0.15,4,0.5,0.02,0.00310944097313981,0.00310944097313981,0.5,4,true,true,candidate,001027
3,0.15,4,1.0,0.005,0.019459611199845517,0.019459611199845517,1.0,4,true,true,candidate,001028
3,0.15,4,1.0,0.01,0.01945961120966677,0.01945961120966677,1.0,4,true,true,candidate,001029
3,0.15,4,1.0,0.02,0.019459611359568196,0.019459611359568196,1.0,4,true,true,candidate,001030
3,0.15,4,3.0,0.005,0.21812510652383232,0.21812510652383232,3.0,4,true,false,candidate,001031
3,0.15,4,3.0,0.01,0.21812510652562755,0.21812510652562755,3.0,4,true,false,candidate,001032
3,0.15,4,3.0,0.02,0.2181251065326606,0.2181251065326606,3.0,4,true,false,candidate,001033
3,0.15,6,0.3,0.005,0.006590324790945011,0.006590324790945011,0.3,6,true,true,candidate,001034
3,0.15,6,0.3,0.01,0.00659032481654964,0.00659032481654964,0.3,6,true,true,candidate,001035
3,0.15,6,0.3,0.02,0.006590325390916639,0.006590325390916639,0.3,6,true,true,candidate,001036
3,0.15,6,0.5,0.005,0.02049517865252048,0.02049517865252048,0.5,6,true,true,candidate,001037
3,0.15,6,0.5,0.01,0.02049517868191619,0.02049517868191619,0.5,6,true,true,candidate,001038
3,0.15,6,0.5,0.02,0.02049517942523937,0.02049517942523937,0.5,6,true,true,candidate,001039
3,0.15,6,1.0,0.005,0.06154843610581116,0.06154843610581116,1.0,6,true,false,candidate,001040
3,0.15,6,1.0,0.01,0.06154843618440774,0.06154843618440774,1.0,6,true,false,candidate,001041
3,0.15,6,1.0,0.02,0.06154843797247343,0.06154843797247343,1.0,6,true,false,candidate,001042
3,0.15,6,3.0,0.005,0.07938974152682075,0.07938974152682075,3.0,6,true,false,candidate,001043
3,0.15,6,3.0,0.01,0.07938974095473726,0.07938974095473726,3.0,6,true,false,candidate,001044
3,0.15,6,3.0,0.02,0.07938973003153114,0.07938973003153114,3.0,6,true,false,candidate,001045
3,0.15,8,0.3,0.005,0.004175259712902334,0.004175259712902334,0.3,3,false,true,candidate,001046
3,0.15,8,0.3,0.01,0.004175259702909217,0.004175259702909217,0.3,3,false,true,candidate,001047
3,0.15,8,0.3,0.02,0.004175259994622315,0.004175259994622315,0.3,3,false,true,candidate,001048
3,0.15,8,0.5,0.005,0.00992383794385465,0.00992383794385465,0.5,3,false,true,candidate,001049
3,0.15,8,0.5,0.01,0.009923837936737233,0.009923837936737233,0.5,3,false,true,candidate,001050
3,0.15,8,0.5,0.02,0.009923838566433195,0.009923838566433195,0.5,3,false,true,candidate,001051
3,0.15,8,1.0,0.005,0.01210781289024276,0.0044985845951667205,0.675,5,true,true,candidate,001052
3,0.15,8,1.0,0.01,0.012106426245801268,0.004498584703543917,0.67,5,true,true,candidate,001053
3,0.15,8,1.0,0.02,0.012105272345682257,0.004498587922473595,0.68,5,true,true,candidate,001054
3,0.15,8,3.0,0.005,0.05684430439214004,0.04896117352796202,2.7800000000000002,5,true,false,candidate,001055
3,0.15,8,3.0,0.01,0.056844304300711176,0.04896117375282659,2.7800000000000002,5,true,false,candidate,001056
3,0.15,8,3.0,0.02,0.05684429860088812,0.048961172807779216,2.7800000000000002,5,true,false,candidate,001057
3,0.15,12,0.3,0.005,0.004105521221204555,0.004105521221204555,0.3,2,false,true,candidate,001058
3,0.15,12,0.3,0.01,0.004105521249865739,0.004105521249865739,0.3,2,false,true,candidate,001059
3,0.15,12,0.3,0.02,0.004105522744252021,0.004105522744252021,0.3,2,false,true,candidate,001060
3,0.15,12,0.5,0.005,0.0166042300963638,0.0166042300963638,0.5,2,false,true,candidate,001061
3,0.15,12,0.5,0.01,0.016604230020435092,0.016604230020435092,0.5,2,false,true,candidate,001062
3,0.15,12,0.5,0.02,0.016604230501116254,0.016604230501116254,0.5,2,false,true,candidate,001063
3,0.15,12,1.0,0.005,0.061798908547281414,0.061798908547281414,1.0,3,false,false,candidate,001064
3,0.15,12,1.0,0.01,0.06179890845205492,0.06179890845205492,1.0,3,false,false,candidate,001065
3,0.15,12,1.0,0.02,0.06179891008561465,0.06179891008561465,1.0,3,false,false,candidate,001066
3,0.15,12,3.0,0.005,0.10199983111248553,0.09742825051915768,2.195,8,true,false,candidate,001067
3,0.15,12,3.0,0.01,0.1019995645283229,0.09742825115317275,2.2,8,true,false,candidate,001068
3,0.15,12,3.0,0.02,0.10199958275753138,0.09742827084310188,2.2,8,true,false,candidate,001069
3,0.15,16,0.3,0.005,0.003019055916664848,0.003019055916664848,0.3,1,false,true,candidate,001070
3,0.15,16,0.3,0.01,0.003019056043889079,0.003019056043889079,0.3,1,false,true,candidate,001071
3,0.15,16,0.3,0.02,0.0030190595443416735,0.0030190595443416735,0.3,1,false,true,candidate,001072
3,0.15,16,0.5,0.005,0.012401590072407931,0.012401590072407931,0.5,2,false,true,candidate,001073
3,0.15,16,0.5,0.01,0.01240159025161236,0.01240159025161236,0.5,2,false,true,candidate,001074
3,0.15,16,0.5,0.02,0.01240159555875009,0.01240159555875009,0.5,2,false,true,candidate,001075
3,0.15,16,1.0,0.005,0.030975096826699744,0.030149203683471737,0.925,4,true,false,candidate,001076
3,0.15,16,1.0,0.01,0.030974761148232943,0.03014920431548196,0.93,4,true,false,candidate,001077
3,0.15,16,1.0,0.02,0.03096780795496079,0.030149219259027693,0.92,4,true,false,candidate,001078
3,0.15,16,3.0,0.005,0.04153692097883832,0.04153692097883832,3.0,10,true,false,candidate,001079
3,0.15,16,3.0,0.01,0.04153692095855366,0.04153692095855366,3.0,10,true,false,candidate,001080
3,0.15,16,3.0,0.02,0.041536905798234436,0.041536905798234436,3.0,10,true,false,candidate,001081
3,0.2,4,0.3,0.005,0.0008124584810924596,0.0008124584810924596,0.3,4,true,true,candidate,001082
3,0.2,4,0.3,0.01,0.000812458485719425,0.000812458485719425,0.3,4,true,true,candidate,001083
3,0.2,4,0.3,0.02,0.0008124585573354715,0.0008124585573354715,0.3,4,true,true,candidate,001084
3,0.2,4,0.5,0.005,0.0031094408572334142,0.0031094408572334142,0.5,4,true,true,candidate,001085
3,0.2,4,0.5,0.01,0.0031094408642788895,0.0031094408642788895,0.5,4,true,true,candidate,001086
3,0.2,4,0.5,0.02,0.00310944097313981,0.00310944097313981,0.5,4,true,true,candidate,001087
3,0.2,4,1.0,0.005,0.019459611199845517,0.019459611199845517,1.0,4,true,true,candidate,001088
3,0.2,4,1.0,0.01,0.01945961120966677,0.01945961120966677,1.0,4,true,true,candidate,001089
3,0.2,4,1.0,0.02,0.019459611359568196,0.019459611359568196,1.0,4,true,true,candidate,001090
3,0.2,4,3.0,0.005,0.21812510652383232,0.21812510652383232,3.0,4,true,false,candidate,001091
3,0.2,4,3.0,0.01,0.21812510652562755,0.21812510652562755,3.0,4,true,false,candidate,001092
3,0.2,4,3.0,0.02,0.2181251065326606,0.2181251065326606,3.0,4,true,false,candidate,001093
3,0.2,6,0.3,0.005,0.006590324790945011,0.006590324790945011,0.3,2,false,true,candidate,001094
3,0.2,6,0.3,0.01,0.00659032481654964,0.00659032481654964,0.3,2,false,true,candidate,001095
3,0.2,6,0.3,0.02,0.006590325390916639,0.006590325390916639,0.3,2,false,true,candidate,001096
3,0.2,6,0.5,0.005,0.02049517865252048,0.02049517865252048,0.5,2,false,true,candidate,001097
3,0.2,6,0.5,0.01,0.02049517868191619,0.02049517868191619,0.5,2,false,true,candidate,001098
3,0.2,6,0.5,0.02,0.02049517942523937,0.02049517942523937,0.5,2,false,true,candidate,001099
3,0.2,6,1.0,0.005,0.06154843610581116,0.06154843610581116,1.0,3,false,false,candidate,001100
3,0.2,6,1.0,0.01,0.06154843618440774,0.06154843618440774,1.0,3,false,false,candidate,001101
3,0.2,6,1.0,0.02,0.06154843797247343,0.06154843797247343,1.0,3,false,false,candidate,001102
3,0.2,6,3.0,0.005,0.07938974152682075,0.07938974152682075,3.0,4,true,false,candidate,001103
3,0.2,6,3.0,0.01,0.07938974095473726,0.07938974095473726,3.0,4,true,false,candidate,001104
3,0.2,6,3.0,0.02,0.07938973003153114,0.07938973003153114,3.0,4,true,false,candidate,001105
3,0.2,8,0.3,0.005,0.004175259712902334,0.004175259712902334,0.3,3,false,true,candidate,001106
3,0.2,8,0.3,0.01,0.004175259702909217,0.004175259702909217,0.3,3,false,true,candidate,001107
3,0.2,8,0.3,0.02,0.004175259994622315,0.004175259994622315,0.3,3,false,true,candidate,001108
3,0.2,8,0.5,0.005,0.00992383794385465,0.00992383794385465,0.5,3,false,true,candidate,001109
3,0.2,8,0.5,0.01,0.009923837936737233,0.009923837936737233,0.5,3,false,true,candidate,001110
3,0.2,8,0.5,0.02,0.009923838566433195,0.009923838566433195,0.5,3,false,true,candidate,001111
3,0.2,8,1.0,0.005,0.01210781289024276,0.0044985845951667205,0.675,5,true,true,candidate,001112
3,0.2,8,1.0,0.01,0.012106426245801268,0.004498584703543917,0.67,5,true,true,candidate,001113
3,0.2,8,1.0,0.02,0.012105272345682257,0.004498587922473595,0.68,5,true,true,candidate,001114
3,0.2,8,3.0,0.005,0.05684430439214004,0.04896117352796202,2.7800000000000002,5,true,false,candidate,001115
3,0.2,8,3.0,0.01,0.056844304300711176,0.04896117375282659,2.7800000000000002,5,true,false,candidate,001116
3,0.2,8,3.0,0.02,0.05684429860088812,0.048961172807779216,2.7800000000000002,5,true,false,candidate,001117
3,0.2,12,0.3,0.005,0.004105521221204555,0.004105521221204555,0.3,2,false,true,candidate,001118
3,0.2,12,0.3,0.01,0.004105521249865739,0.004105521249865739,0.3,2,false,true,candidate,001119
3,0.2,12,0.3,0.02,0.004105522744252021,0.004105522744252021,0.3,2,false,true,candidate,001120
3,0.2,12,0.5,0.005,0.0166042300963638,0.0166042300963638,0.5,2,false,true,candidate,001121
3,0.2,12,0.5,0.01,0.016604230020435092,0.016604230020435092,0.5,2,false,true,candidate,001122
3,0.2,12,0.5,0.02,0.016604230501116254,0.016604230501116254,0.5,2,false,true,candidate,001123
3,0.2,12,1.0,0.005,0.061798908547281414,0.061798908547281414,1.0,2,false,false,candidate,001124
3,0.2,12,1.0,0.01,0.06179890845205492,0.06179890845205492,1.0,2,false,false,candidate,001125
3,0.2,12,1.0,0.02,0.06179891008561465,0.06179891008561465,1.0,2,false,false,candidate,001126
3,0.2,12,3.0,0.005,0.10199983111248553,0.09742825051915768,2.195,5,true,false,candidate,001127
3,0.2,12,3.0,0.01,0.1019995645283229,0.09742825115317275,2.2,5,true,false,candidate,001128
3,0.2,12,3.0,0.02,0.10199958275753138,0.09742827084310188,2.2,5,true,false,candidate,001129
3,0.2,16,0.3,0.005,0.003019055916664848,0.003019055916664848,0.3,1,false,true,candidate,001130
3,0.2,16,0.3,0.01,0.003019056043889079,0.003019056043889079,0.3,1,false,true,candidate,001131
3,0.2,16,0.3,0.02,0.0030190595443416735,0.0030190595443416735,0.3,1,false,true,candidate,001132
3,0.2,16,0.5,0.005,0.012401590072407931,0.012401590072407931,0.5,1,false,true,candidate,001133
3,0.2,16,0.5,0.01,0.01240159025161236,0.01240159025161236,0.5,1,false,true,candidate,001134
3,0.2,16,0.5,0.02,0.01240159555875009,0.01240159555875009,0.5,1,false,true,candidate,001135
3,0.2,16,1.0,0.005,0.030975096826699744,0.030149203683471737,0.925,3,false,false,candidate,001136
3,0.2,16,1.0,0.01,0.030974761148232943,0.03014920431548196,0.93,3,false,false,candidate,001137
3,0.2,16,1.0,0.02,0.03096780795496079,0.030149219259027693,0.92,3,false,false,candidate,001138
3,0.2,16,3.0,0.005,0.04153692097883832,0.04153692097883832,3.0,7,true,false,candidate,001139
3,0.2,16,3.0,0.01,0.04153692095855366,0.04153692095855366,3.0,7,true,false,candidate,001140
3,0.2,16,3.0,0.02,0.041536905798234436,0.041536905798234436,3.0,7,true,false,candidate,001141
3,0.25,4,0.3,0.005,0.0008124584810924596,0.0008124584810924596,0.3,3,false,true,candidate,001142
3,0.25,4,0.3,0.01,0.000812458485719425,0.000812458485719425,0.3,3,false,true,candidate,001143
3,0.25,4,0.3,0.02,0.0008124585573354715,0.0008124585573354715,0.3,3,false,true,candidate,001144
3,0.25,4,0.5,0.005,0.0031094408572334142,0.0031094408572334142,0.5,3,false,true,candidate,001145
3,0.25,4,0.5,0.01,0.0031094408642788895,0.0031094408642788895,0.5,3,false,true,candidate,001146
3,0.25,4,0.5,0.02,0.00310944097313981,0.00310944097313981,0.5,3,false,true,candidate,001147
3,0.25,4,1.0,0.005,0.019459611199845517,0.019459611199845517,1.0,3,false,true,candidate,001148
3,0.25,4,1.0,0.01,0.01945961120966677,0.01945961120966677,1.0,3,false,true,candidate,001149
3,0.25,4,1.0,0.02,0.019459611359568196,0.019459611359568196,1.0,3,false,true,candidate,001150
3,0.25,4,3.0,0.005,0.21812510652383232,0.21812510652383232,3.0,4,true,false,candidate,001151
3,0.25,4,3.0,0.01,0.21812510652562755,0.21812510652562755,3.0,4,true,false,candidate,001152
3,0.25,4,3.0,0.02,0.2181251065326606,0.2181251065326606,3.0,4,true,false,candidate,001153
3,0.25,6,0.3,0.005,0.006590324790945011,0.006590324790945011,0.3,1,false,true,candidate,001154
3,0.25,6,0.3,0.01,0.00659032481654964,0.00659032481654964,0.3,1,false,true,candidate,001155
3,0.25,6,0.3,0.02,0.006590325390916639,0.006590325390916639,0.3,1,false,true,candidate,001156
3,0.25,6,0.5,0.005,0.02049517865252048,0.02049517865252048,0.5,1,false,true,candidate,001157
3,0.25,6,0.5,0.01,0.02049517868191619,0.02049517868191619,0.5,1,false,true,candidate,001158
3,0.25,6,0.5,0.02,0.02049517942523937,0.02049517942523937,0.5,1,false,true,candidate,001159
3,0.25,6,1.0,0.005,0.06154843610581116,0.06154843610581116,1.0,1,false,false,candidate,001160
3,0.25,6,1.0,0.01,0.06154843618440774,0.06154843618440774,1.0,1,false,false,candidate,001161
3,0.25,6,1.0,0.02,0.06154843797247343,0.06154843797247343,1.0,1,false,false,candidate,001162
3,0.25,6,3.0,0.005,0.07938974152682075,0.07938974152682075,3.0,4,true,false,candidate,001163
3,0.25,6,3.0,0.01,0.07938974095473726,0.07938974095473726,3.0,4,true,false,candidate,001164
3,0.25,6,3.0,0.02,0.07938973003153114,0.07938973003153114,3.0,4,true,false,candidate,001165
3,0.25,8,0.3,0.005,0.004175259712902334,0.004175259712902334,0.3,1,false,true,candidate,001166
3,0.25,8,0.3,0.01,0.004175259702909217,0.004175259702909217,0.3,1,false,true,candidate,001167
3,0.25,8,0.3,0.02,0.004175259994622315,0.004175259994622315,0.3,1,false,true,candidate,001168
3,0.25,8,0.5,0.005,0.00992383794385465,0.00992383794385465,0.5,3,false,true,candidate,001169
3,0.25,8,0.5,0.01,0.009923837936737233,0.009923837936737233,0.5,3,false,true,candidate,001170
3,0.25,8,0.5,0.02,0.009923838566433195,0.009923838566433195,0.5,3,false,true,candidate,001171
3,0.25,8,1.0,0.005,0.01210781289024276,0.0044985845951667205,0.675,4,true,true,candidate,001172
3,0.25,8,1.0,0.01,0.012106426245801268,0.004498584703543917,0.67,4,true,true,candidate,001173
3,0.25,8,1.0,0.02,0.012105272345682257,0.004498587922473595,0.68,4,true,true,candidate,001174
3,0.25,8,3.0,0.005,0.05684430439214004,0.04896117352796202,2.7800000000000002,5,true,false,candidate,001175
3,0.25,8,3.0,0.01,0.056844304300711176,0.04896117375282659,2.7800000000000002,5,true,false,candidate,001176
3,0.25,8,3.0,0.02,0.05684429860088812,0.048961172807779216,2.7800000000000002,5,true,false,candidate,001177
3,0.25,12,0.3,0.005,0.004105521221204555,0.004105521221204555,0.3,1,false,true,candidate,001178
3,0.25,12,0.3,0.01,0.004105521249865739,0.004105521249865739,0.3,1,false,true,candidate,001179
3,0.25,12,0.3,0.02,0.004105522744252021,0.004105522744252021,0.3,1,false,true,candidate,001180
3,0.25,12,0.5,0.005,0.0166042300963638,0.0166042300963638,0.5,1,false,true,candidate,001181
3,0.25,12,0.5,0.01,0.016604230020435092,0.016604230020435092,0.5,1,false,true,candidate,001182
3,0.25,12,0.5,0.02,0.016604230501116254,0.016604230501116254,0.5,1,false,true,candidate,001183
3,0.25,12,1.0,0.005,0.061798908547281414,0.061798908547281414,1.0,1,false,false,candidate,001184
3,0.25,12,1.0,0.01,0.06179890845205492,0.06179890845205492,1.0,1,false,false,candidate,001185
3,0.25,12,1.0,0.02,0.06179891008561465,0.06179891008561465,1.0,1,false,false,candidate,001186
3,0.25,12,3.0,0.005,0.10199983111248553,0.09742825051915768,2.195,2,false,false,candidate,001187
3,0.25,12,3.0,0.01,0.1019995645283229,0.09742825115317275,2.2,2,false,false,candidate,001188
3,0.25,12,3.0,0.02,0.10199958275753138,0.09742827084310188,2.2,2,false,false,candidate,001189
3,0.25,16,0.3,0.005,0.003019055916664848,0.003019055916664848,0.3,1,false,true,candidate,001190
3,0.25,16,0.3,0.01,0.003019056043889079,0.003019056043889079,0.3,1,false,true,candidate,001191
3,0.25,16,0.3,0.02,0.0030190595443416735,0.0030190595443416735,0.3,1,false,true,candidate,001192
3,0.25,16,0.5,0.005,0.012401590072407931,0.012401590072407931,0.5,1,false,true,candidate,001193
3,0.25,16,0.5,0.01,0.01240159025161236,0.01240159025161236,0.5,1,false,true,candidate,001194
3,0.25,16,0.5,0.02,0.01240159555875009,0.01240159555875009,0.5,1,false,true,candidate,001195
3,0.25,16,1.0,0.005,0.030975096826699744,0.030149203683471737,0.925,2,false,false,candidate,001196
3,0.25,16,1.0,0.01,0.030974761148232943,0.03014920431548196,0.93,2,false,false,candidate,001197
3,0.25,16,1.0,0.02,0.03096780795496079,0.030149219259027693,0.92,2,false,false,candidate,001198
3,0.25,16,3.0,0.005,0.04153692097883832,0.04153692097883832,3.0,3,false,false,candidate,001199
3,0.25,16,3.0,0.01,0.04153692095855366,0.04153692095855366,3.0,3,false,false,candidate,001200
3,0.25,16,3.0,0.02,0.041536905798234436,0.041536905798234436,3.0,3,false,false,candidate,001201
4,0.05,4,0.3,0.005,0.004282563346695746,0.004282563346695746,0.3,4,true,true,candidate,001202
4,0.05,4,0.3,0.01,0.004282563352130954,0.004282563352130954,0.3,4,true,true,candidate,001203
4,0.05,4,0.3,0.02,0.004282563428100851,0.004282563428100851,0.3,4,true,true,candidate,001204
4,0.05,4,0.5,0.005,0.011019125170729786,0.011019125170729786,0.5,4,true,true,candidate,001205
4,0.05,4,0.5,0.01,0.011019125177550108,0.011019125177550108,0.5,4,true,true,candidate,001206
4,0.05,4,0.5,0.02,0.01101912526875937,0.01101912526875937,0.5,4,true,true,candidate,001207
4,0.05,4,1.0,0.005,0.053039505615328685,0.053039505615328685,1.0,4,true,false,candidate,001208
4,0.05,4,1.0,0.01,0.05303950561329542,0.05303950561329542,1.0,4,true,false,candidate,001209
4,0.05,4,1.0,0.02,0.05303950554531114,0.05303950554531114,1.0,4,true,false,candidate,001210
4,0.05,4,3.0,0.005,0.26637007521570455,0.26637007521570455,3.0,4,true,false,candidate,001211
4,0.05,4,3.0,0.01,0.26637007525124434,0.26637007525124434,3.0,4,true,false,candidate,001212
4,0.05,4,3.0,0.02,0.2663700757105647,0.2663700757105647,3.0,4,true,false,candidate,001213
4,0.05,6,0.3,0.005,0.004412627205144127,0.004412627205144127,0.3,6,true,true,candidate,001214
4,0.05,6,0.3,0.01,0.004412627228221889,0.004412627228221889,0.3,6,true,true,candidate,001215
4,0.05,6,0.3,0.02,0.00441262751120708,0.00441262751120708,0.3,6,true,true,candidate,001216
4,0.05,6,0.5,0.005,0.011637903420853581,0.011637903420853581,0.5,6,true,true,candidate,001217
4,0.05,6,0.5,0.01,0.011637903433162402,0.011637903433162402,0.5,6,true,true,candidate,001218
4,0.05,6,0.5,0.02,0.011637903489763348,0.011637903489763348,0.5,6,true,true,candidate,001219
4,0.05,6,1.0,0.005,0.03941992447886645,0.03941992447886645,1.0,6,true,false,candidate,001220
4,0.05,6,1.0,0.01,0.039419924403841795,0.039419924403841795,1.0,6,true,false,candidate,001221
4,0.05,6,1.0,0.02,0.03941992290768082,0.03941992290768082,1.0,6,true,false,candidate,001222
4,0.05,6,3.0,0.005,0.05932023366503182,0.029472842564948094,1.605,6,true,false,candidate,001223
4,0.05,6,3.0,0.01,0.0593190420072285,0.029472842643702542,1.61,6,true,false,candidate,001224
4,0.05,6,3.0,0.02,0.05931831904045272,0.02947284486794067,1.6,6,true,false,candidate,001225
4,0.05,8,0.3,0.005,0.009138604515298576,0.009138604515298576,0.3,8,true,true,candidate,001226
4,0.05,8,0.3,0.01,0.009138604348536195,0.009138604348536195,0.3,8,true,true,candidate,001227
4,0.05,8,0.3,0.02,0.009138600406613184,0.009138600406613184,0.3,8,true,true,candidate,001228
4,0.05,8,0.5,0.005,0.02211997957754397,0.02211997957754397,0.5,8,true,true,candidate,001229
4,0.05,8,0.5,0.01,0.022119979265150524,0.022119979265150524,0.5,8,true,true,candidate,001230
4,0.05,8,0.5,0.02,0.02211997211732175,0.02211997211732175,0.5,8,true,true,candidate,001231
4,0.05,8,1.0,0.005,0.058594032894336845,0.058594032894336845,1.0,8,true,false,candidate,001232
4,0.05,8,1.0,0.01,0.05859403237571592,0.05859403237571592,1.0,8,true,false,candidate,001233
4,0.05,8,1.0,0.02,0.05859401959606303,0.05859401959606303,1.0,8,true,false,candidate,001234
4,0.05,8,3.0,0.005,0.06532542461994462,0.004507852493924158,1.245,8,true,false,candidate,001235
4,0.05,8,3.0,0.01,0.06532539753211619,0.004507850783296741,1.24,8,true,false,candidate,001236
4,0.05,8,3.0,0.02,0.06532538734728854,0.004507810247281752,1.24,8,true,false,candidate,001237
4,0.05,12,0.3,0.005,0.004967119271054754,0.004967119271054754,0.3,12,true,true,candidate,001238
4,0.05,12,0.3,0.01,0.004967119195090186,0.004967119195090186,0.3,12,true,true,candidate,001239
4,0.05,12,0.3,0.02,0.004967119181799151,0.004967119181799151,0.3,12,true,true,candidate,001240
4,0.05,12,0.5,0.005,0.015937509641598235,0.015937509641598235,0.5,12,true,true,candidate,001241
4,0.05,12,0.5,0.01,0.01593750946700212,0.01593750946700212,0.5,12,true,true,candidate,001242
4,0.05,12,0.5,0.02,0.01593750864038257,0.01593750864038257,0.5,12,true,true,candidate,001243
4,0.05,12,1.0,0.005,0.0381041898054868,0.03797882454992785,0.97,12,true,false,candidate,001244
4,0.05,12,1.0,0.01,0.038104189719232684,0.03797882449688461,0.97,12,true,false,candidate,001245
4,0.05,12,1.0,0.02,0.03809196065491327,0.037978827379591684,0.96,12,true,false,candidate,001246
4,0.05,12,3.0,0.005,0.04462077739065895,0.029692122751622585,2.395,12,true,false,candidate,001247
4,0.05,12,3.0,0.01,0.044618178186366264,0.02969212285937839,2.4,12,true,false,candidate,001248
4,0.05,12,3.0,0.02,0.044618187429146694,0.029692135500805072,2.4,12,true,false,candidate,001249
4,0.05,16,0.3,0.005,0.0011044562244120204,0.0009988920481254215,0.26,16,true,true,candidate,001250
4,0.05,16,0.3,0.01,0.0011044565680115026,0.000998892447644395,0.26,16,true,true,candidate,001251
4,0.05,16,0.3,0.02,0.001104465479093264,0.0009989027764460978,0.26,16,true,true,candidate,001252
4,0.05,16,0.5,0.005,0.0034742296776377746,0.0034742296776377746,0.5,16,true,true,candidate,001253
4,0.05,16,0.5,0.01,0.0034742289132716486,0.0034742289132716486,0.5,16,true,true,candidate,001254
4,0.05,16,0.5,0.02,0.0034742101148015347,0.0034742101148015347,0.5,16,true,true,candidate,001255
4,0.05,16,1.0,0.005,0.0245156252976948,0.0245156252976948,1.0,16,true,true,candidate,001256
4,0.05,16,1.0,0.01,0.02451562385340944,0.02451562385340944,1.0,16,true,true,candidate,001257
4,0.05,16,1.0,0.02,0.024515587134505745,0.024515587134505745,1.0,16,true,true,candidate,001258
4,0.05,16,3.0,0.005,0.02827641177674356,0.02302818288988573,2.77,16,true,true,candidate,001259
4,0.05,16,3.0,0.01,0.028276409247903977,0.023028181611398413,2.77,16,true,true,candidate,001260
4,0.05,16,3.0,0.02,0.028269667056622927,0.023028119159573368,2.7800000000000002,16,true,true,candidate,001261
4,0.1,4,0.3,0.005,0.004282563346695746,0.004282563346695746,0.3,4,true,true,candidate,001262
4,0.1,4,0.3,0.01,0.004282563352130954,0.004282563352130954,0.3,4,true,true,candidate,001263
4,0.1,4,0.3,0.02,0.004282563428100851,0.004282563428100851,0.3,4,true,true,candidate,001264
4,0.1,4,0.5,0.005,0.011019125170729786,0.011019125170729786,0.5,4,true,true,candidate,001265
4,0.1,4,0.5,0.01,0.011019125177550108,0.011019125177550108,0.5,4,true,true,candidate,001266
4,0.1,4,0.5,0.02,0.01101912526875937,0.01101912526875937,0.5,4,true,true,candidate,001267
4,0.1,4,1.0,0.005,0.053039505615328685,0.053039505615328685,1.0,4,true,false,candidate,001268
4,0.1,4,1.0,0.01,0.05303950561329542,0.05303950561329542,1.0,4,true,false,candidate,001269
4,0.1,4,1.0,0.02,0.05303950554531114,0.05303950554531114,1.0,4,true,false,candidate,001270
4,0.1,4,3.0,0.005,0.26637007521570455,0.26637007521570455,3.0,4,true,false,candidate,001271
4,0.1,4,3.0,0.01,0.26637007525124434,0.26637007525124434,3.0,4,true,false,candidate,001272
4,0.1,4,3.0,0.02,0.2663700757105647,0.2663700757105647,3.0,4,true,false,candidate,001273
4,0.1,6,0.3,0.005,0.004412627205144127,0.004412627205144127,0.3,6,true,true,candidate,001274
4,0.1,6,0.3,0.01,0.004412627228221889,0.004412627228221889,0.3,6,true,true,candidate,001275
4,0.1,6,0.3,0.02,0.00441262751120708,0.00441262751120708,0.3,6,true,true,candidate,001276
4,0.1,6,0.5,0.005,0.011637903420853581,0.011637903420853581,0.5,6,true,true,candidate,001277
4,0.1,6,0.5,0.01,0.011637903433162402,0.011637903433162402,0.5,6,true,true,candidate,001278
4,0.1,6,0.5,0.02,0.011637903489763348,0.011637903489763348,0.5,6,true,true,candidate,001279
4,0.1,6,1.0,0.005,0.03941992447886645,0.03941992447886645,1.0,6,true,false,candidate,001280
4,0.1,6,1.0,0.01,0.039419924403841795,0.039419924403841795,1.0,6,true,false,candidate,001281
4,0.1,6,1.0,0.02,0.03941992290768082,0.03941992290768082,1.0,6,true,false,candidate,001282
4,0.1,6,3.0,0.005,0.05932023366503182,0.029472842564948094,1.605,6,true,false,candidate,001283
4,0.1,6,3.0,0.01,0.0593190420072285,0.029472842643702542,1.61,6,true,false,candidate,001284
4,0.1,6,3.0,0.02,0.05931831904045272,0.02947284486794067,1.6,6,true,false,candidate,001285
4,0.1,8,0.3,0.005,0.009138604515298576,0.009138604515298576,0.3,8,true,true,candidate,001286
4,0.1,8,0.3,0.01,0.009138604348536195,0.009138604348536195,0.3,8,true,true,candidate,001287
4,0.1,8,0.3,0.02,0.009138600406613184,0.009138600406613184,0.3,8,true,true,candidate,001288
4,0.1,8,0.5,0.005,0.02211997957754397,0.02211997957754397,0.5,8,true,true,candidate,001289
4,0.1,8,0.5,0.01,0.022119979265150524,0.022119979265150524,0.5,8,true,true,candidate,001290
4,0.1,8,0.5,0.02,0.02211997211732175,0.02211997211732175,0.5,8,true,true,candidate,001291
4,0.1,8,1.0,0.005,0.058594032894336845,0.058594032894336845,1.0,8,true,false,candidate,001292
4,0.1,8,1.0,0.01,0.05859403237571592,0.05859403237571592,1.0,8,true,false,candidate,001293
4,0.1,8,1.0,0.02,0.05859401959606303,0.05859401959606303,1.0,8,true,false,candidate,001294
4,0.1,8,3.0,0.005,0.06532542461994462,0.004507852493924158,1.245,8,true,false,candidate,001295
4,0.1,8,3.0,0.01,0.06532539753211619,0.004507850783296741,1.24,8,true,false,candidate,001296
4,0.1,8,3.0,0.02,0.06532538734728854,0.004507810247281752,1.24,8,true,false,candidate,001297
4,0.1,12,0.3,0.005,0.004967119271054754,0.004967119271054754,0.3,4,true,true,candidate,001298
4,0.1,12,0.3,0.01,0.004967119195090186,0.004967119195090186,0.3,4,true,true,candidate,001299
4,0.1,12,0.3,0.02,0.004967119181799151,0.004967119181799151,0.3,4,true,true,candidate,001300
4,0.1,12,0.5,0.005,0.015937509641598235,0.015937509641598235,0.5,4,true,true,candidate,001301
4,0.1,12,0.5,0.01,0.01593750946700212,0.01593750946700212,0.5,4,true,true,candidate,001302
4,0.1,12,0.5,0.02,0.01593750864038257,0.01593750864038257,0.5,4,true,true,candidate,001303
4,0.1,12,1.0,0.005,0.0381041898054868,0.03797882454992785,0.97,8,true,false,candidate,001304
4,0.1,12,1.0,0.01,0.038104189719232684,0.03797882449688461,0.97,8,true,false,candidate,001305
4,0.1,12,1.0,0.02,0.03809196065491327,0.037978827379591684,0.96,8,true,false,candidate,001306
4,0.1,12,3.0,0.005,0.04462077739065895,0.029692122751622585,2.395,10,true,false,candidate,001307
4,0.1,12,3.0,0.01,0.044618178186366264,0.02969212285937839,2.4,10,true,false,candidate,001308
4,0.1,12,3.0,0.02,0.044618187429146694,0.029692135500805072,2.4,10,true,false,candidate,001309
4,0.1,16,0.3,0.005,0.0011044562244120204,0.0009988920481254215,0.26,4,true,true,candidate,001310
4,0.1,16,0.3,0.01,0.0011044565680115026,0.000998892447644395,0.26,4,true,true,candidate,001311
4,0.1,16,0.3,0.02,0.001104465479093264,0.0009989027764460978,0.26,4,true,true,candidate,001312
4,0.1,16,0.5,0.005,0.0034742296776377746,0.0034742296776377746,0.5,5,true,true,candidate,001313
4,0.1,16,0.5,0.01,0.0034742289132716486,0.0034742289132716486,0.5,5,true,true,candidate,001314
4,0.1,16,0.5,0.02,0.0034742101148015347,0.0034742101148015347,0.5,5,true,true,candidate,001315
4,0.1,16,1.0,0.005,0.0245156252976948,0.0245156252976948,1.0,9,true,true,candidate,001316
4,0.1,16,1.0,0.01,0.02451562385340944,0.02451562385340944,1.0,9,true,true,candidate,001317
4,0.1,16,1.0,0.02,0.024515587134505745,0.024515587134505745,1.0,9,true,true,candidate,001318
4,0.1,16,3.0,0.005,0.02827641177674356,0.02302818288988573,2.77,13,true,true,candidate,001319
4,0.1,16,3.0,0.01,0.028276409247903977,0.023028181611398413,2.77,13,true,true,candidate,001320
4,0.1,16,3.0,0.02,0.028269667056622927,0.023028119159573368,2.7800000000000002,13,true,true,candidate,001321
4,0.15,4,0.3,0.005,0.004282563346695746,0.004282563346695746,0.3,4,true,true,candidate,001322
4,0.15,4,0.3,0.01,0.004282563352130954,0.004282563352130954,0.3,4,true,true,candidate,001323
4,0.15,4,0.3,0.02,0.004282563428100851,0.004282563428100851,0.3,4,true,true,candidate,001324
4,0.15,4,0.5,0.005,0.011019125170729786,0.011019125170729786,0.5,4,true,true,candidate,001325
4,0.15,4,0.5,0.01,0.011019125177550108,0.011019125177550108,0.5,4,true,true,candidate,001326
4,0.15,4,0.5,0.02,0.01101912526875937,0.01101912526875937,0.5,4,true,true,candidate,001327
4,0.15,4,1.0,0.005,0.053039505615328685,0.053039505615328685,1.0,4,true,false,candidate,001328
4,0.15,4,1.0,0.01,0.05303950561329542,0.05303950561329542,1.0,4,true,false,candidate,001329
4,0.15,4,1.0,0.02,0.05303950554531114,0.05303950554531114,1.0,4,true,false,candidate,001330
4,0.15,4,3.0,0.005,0.26637007521570455,0.26637007521570455,3.0,4,true,false,candidate,001331
4,0.15,4,3.0,0.01,0.26637007525124434,0.26637007525124434,3.0,4,true,false,candidate,001332
4,0.15,4,3.0,0.02,0.2663700757105647,0.2663700757105647,3.0,4,true,false,candidate,001333
4,0.15,6,0.3,0.005,0.004412627205144127,0.004412627205144127,0.3,6,true,true,candidate,001334
4,0.15,6,0.3,0.01,0.004412627228221889,0.004412627228221889,0.3,6,true,true,candidate,001335
4,0.15,6,0.3,0.02,0.00441262751120708,0.00441262751120708,0.3,6,true,true,candidate,001336
4,0.15,6,0.5,0.005,0.011637903420853581,0.011637903420853581,0.5,6,true,true,candidate,001337
4,0.15,6,0.5,0.01,0.011637903433162402,0.011637903433162402,0.5,6,true,true,candidate,001338
4,0.15,6,0.5,0.02,0.011637903489763348,0.011637903489763348,0.5,6,true,true,candidate,001339
4,0.15,6,1.0,0.005,0.03941992447886645,0.03941992447886645,1.0,6,true,false,candidate,001340
4,0.15,6,1.0,0.01,0.039419924403841795,0.039419924403841795,1.0,6,true,false,candidate,001341
4,0.15,6,1.0,0.02,0.03941992290768082,0.03941992290768082,1.0,6,true,false,candidate,001342
4,0.15,6,3.0,0.005,0.05932023366503182,0.029472842564948094,1.605,6,true,false,candidate,001343
4,0.15,6,3.0,0.01,0.0593190420072285,0.029472842643702542,1.61,6,true,false,candidate,001344
4,0.15,6,3.0,0.02,0.05931831904045272,0.02947284486794067,1.6,6,true,false,candidate,001345
4,0.15,8,0.3,0.005,0.009138604515298576,0.009138604515298576,0.3,3,false,true,candidate,001346
4,0.15,8,0.3,0.01,0.009138604348536195,0.009138604348536195,0.3,3,false,true,candidate,001347
4,0.15,8,0.3,0.02,0.009138600406613184,0.009138600406613184,0.3,3,false,true,candidate,001348
4,0.15,8,0.5,0.005,0.02211997957754397,0.02211997957754397,0.5,3,false,true,candidate,001349
4,0.15,8,0.5,0.01,0.022119979265150524,0.022119979265150524,0.5,3,false,true,candidate,001350
4,0.15,8,0.5,0.02,0.02211997211732175,0.02211997211732175,0.5,3,false,true,candidate,001351
4,0.15,8,1.0,0.005,0.058594032894336845,0.058594032894336845,1.0,4,true,false,candidate,001352
4,0.15,8,1.0,0.01,0.05859403237571592,0.05859403237571592,1.0,4,true,false,candidate,001353
4,0.15,8,1.0,0.02,0.05859401959606303,0.05859401959606303,1.0,4,true,false,candidate,001354
4,0.15,8,3.0,0.005,0.06532542461994462,0.004507852493924158,1.245,6,true,false,candidate,001355
4,0.15,8,3.0,0.01,0.06532539753211619,0.004507850783296741,1.24,6,true,false,candidate,001356
4,0.15,8,3.0,0.02,0.06532538734728854,0.004507810247281752,1.24,6,true,false,candidate,001357
4,0.15,12,0.3,0.005,0.004967119271054754,0.004967119271054754,0.3,3,false,true,candidate,001358
4,0.15,12,0.3,0.01,0.004967119195090186,0.004967119195090186,0.3,3,false,true,candidate,001359
4,0.15,12,0.3,0.02,0.004967119181799151,0.004967119181799151,0.3,3,false,true,candidate,001360
4,0.15,12,0.5,0.005,0.015937509641598235,0.015937509641598235,0.5,3,false,true,candidate,001361
4,0.15,12,0.5,0.01,0.01593750946700212,0.01593750946700212,0.5,3,false,true,candidate,001362
4,0.15,12,0.5,0.02,0.01593750864038257,0.01593750864038257,0.5,3,false,true,candidate,001363
4,0.15,12,1.0,0.005,0.0381041898054868,0.03797882454992785,0.97,5,true,false,candidate,001364
4,0.15,12,1.0,0.01,0.038104189719232684,0.03797882449688461,0.97,5,true,false,candidate,001365
4,0.15,12,1.0,0.02,0.03809196065491327,0.037978827379591684,0.96,5,true,false,candidate,001366
4,0.15,12,3.0,0.005,0.04462077739065895,0.029692122751622585,2.395,8,true,false,candidate,001367
4,0.15,12,3.0,0.01,0.044618178186366264,0.02969212285937839,2.4,8,true,false,candidate,001368
4,0.15,12,3.0,0.02,0.044618187429146694,0.029692135500805072,2.4,8,true,false,candidate,001369
4,0.15,16,0.3,0.005,0.0011044562244120204,0.0009988920481254215,0.26,3,false,true,candidate,001370
4,0.15,16,0.3,0.01,0.0011044565680115026,0.000998892447644395,0.26,3,false,true,candidate,001371
4,0.15,16,0.3,0.02,0.001104465479093264,0.0009989027764460978,0.26,3,false,true,candidate,001372
4,0.15,16,0.5,0.005,0.0034742296776377746,0.0034742296776377746,0.5,3,false,true,candidate,001373
4,0.15,16,0.5,0.01,0.0034742289132716486,0.0034742289132716486,0.5,3,false,true,candidate,001374
4,0.15,16,0.5,0.02,0.0034742101148015347,0.0034742101148015347,0.5,3,false,true,candidate,001375
4,0.15,16,1.0,0.005,0.0245156252976948,0.0245156252976948,1.0,6,true,true,candidate,001376
4,0.15,16,1.0,0.01,0.02451562385340944,0.02451562385340944,1.0,6,true,true,candidate,001377
4,0.15,16,1.0,0.02,0.024515587134505745,0.024515587134505745,1.0,6,true,true,candidate,001378
4,0.15,16,3.0,0.005,0.02827641177674356,0.02302818288988573,2.77,12,true,true,candidate,001379
4,0.15,16,3.0,0.01,0.028276409247903977,0.023028181611398413,2.77,12,true,true,candidate,001380
4,0.15,16,3.0,0.02,0.028269667056622927,0.023028119159573368,2.7800000000000002,12,true,true,candidate,001381
4,0.2,4,0.3,0.005,0.004282563346695746,0.004282563346695746,0.3,4,true,true,candidate,001382
4,0.2,4,0.3,0.01,0.004282563352130954,0.004282563352130954,0.3,4,true,true,candidate,001383
4,0.2,4,0.3,0.02,0.004282563428100851,0.004282563428100851,0.3,4,true,true,candidate,001384
4,0.2,4,0.5,0.005,0.011019125170729786,0.011019125170729786,0.5,4,true,true,candidate,001385
4,0.2,4,0.5,0.01,0.011019125177550108,0.011019125177550108,0.5,4,true,true,candidate,001386
4,0.2,4,0.5,0.02,0.01101912526875937,0.01101912526875937,0.5,4,true,true,candidate,001387
4,0.2,4,1.0,0.005,0.053039505615328685,0.053039505615328685,1.0,4,true,false,candidate,001388
4,0.2,4,1.0,0.01,0.05303950561329542,0.05303950561329542,1.0,4,true,false,candidate,001389
4,0.2,4,1.0,0.02,0.05303950554531114,0.05303950554531114,1.0,4,true,false,candidate,001390
4,0.2,4,3.0,0.005,0.26637007521570455,0.26637007521570455,3.0,4,true,false,candidate,001391
4,0.2,4,3.0,0.01,0.26637007525124434,0.26637007525124434,3.0,4,true,false,candidate,001392
4,0.2,4,3.0,0.02,0.2663700757105647,0.2663700757105647,3.0,4,true,false,candidate,001393
4,0.2,6,0.3,0.005,0.004412627205144127,0.004412627205144127,0.3,1,false,true,candidate,001394
4,0.2,6,0.3,0.01,0.004412627228221889,0.004412627228221889,0.3,1,false,true,candidate,001395
4,0.2,6,0.3,0.02,0.00441262751120708,0.00441262751120708,0.3,1,false,true,candidate,001396
4,0.2,6,0.5,0.005,0.011637903420853581,0.011637903420853581,0.5,1,false,true,candidate,001397
4,0.2,6,0.5,0.01,0.011637903433162402,0.011637903433162402,0.5,1,false,true,candidate,001398
4,0.2,6,0.5,0.02,0.011637903489763348,0.011637903489763348,0.5,1,false,true,candidate,001399
4,0.2,6,1.0,0.005,0.03941992447886645,0.03941992447886645,1.0,1,false,false,candidate,001400
4,0.2,6,1.0,0.01,0.039419924403841795,0.039419924403841795,1.0,1,false,false,candidate,001401
4,0.2,6,1.0,0.02,0.03941992290768082,0.03941992290768082,1.0,1,false,false,candidate,001402
4,0.2,6,3.0,0.005,0.05932023366503182,0.029472842564948094,1.605,3,false,false,candidate,001403
4,0.2,6,3.0,0.01,0.0593190420072285,0.029472842643702542,1.61,3,false,false,candidate,001404
4,0.2,6,3.0,0.02,0.05931831904045272,0.02947284486794067,1.6,3,false,false,candidate,001405
4,0.2,8,0.3,0.005,0.009138604515298576,0.009138604515298576,0.3,3,false,true,candidate,001406
4,0.2,8,0.3,0.01,0.009138604348536195,0.009138604348536195,0.3,3,false,true,candidate,001407
4,0.2,8,0.3,0.02,0.009138600406613184,0.009138600406613184,0.3,3,false,true,candidate,001408
4,0.2,8,0.5,0.005,0.02211997957754397,0.02211997957754397,0.5,3,false,true,candidate,001409
4,0.2,8,0.5,0.01,0.022119979265150524,0.022119979265150524,0.5,3,false,true,candidate,001410
4,0.2,8,0.5,0.02,0.02211997211732175,0.02211997211732175,0.5,3,false,true,candidate,001411
4,0.2,8,1.0,0.005,0.058594032894336845,0.058594032894336845,1.0,4,true,false,candidate,001412
4,0.2,8,1.0,0.01,0.05859403237571592,0.05859403237571592,1.0,4,true,false,candidate,001413
4,0.2,8,1.0,0.02,0.05859401959606303,0.05859401959606303,1.0,4,true,false,candidate,001414
4,0.2,8,3.0,0.005,0.06532542461994462,0.004507852493924158,1.245,6,true,false,candidate,001415
4,0.2,8,3.0,0.01,0.06532539753211619,0.004507850783296741,1.24,6,true,false,candidate,001416
4,0.2,8,3.0,0.02,0.06532538734728854,0.004507810247281752,1.24,6,true,false,candidate,001417
4,0.2,12,0.3,0.005,0.004967119271054754,0.004967119271054754,0.3,1,false,true,candidate,001418
4,0.2,12,0.3,0.01,0.004967119195090186,0.004967119195090186,0.3,1,false,true,candidate,001419
4,0.2,12,0.3,0.02,0.004967119181799151,0.004967119181799151,0.3,1,false,true,candidate,001420
4,0.2,12,0.5,0.005,0.015937509641598235,0.015937509641598235,0.5,1,false,true,candidate,001421
4,0.2,12,0.5,0.01,0.01593750946700212,0.01593750946700212,0.5,1,false,true,candidate,001422
4,0.2,12,0.5,0.02,0.01593750864038257,0.01593750864038257,0.5,1,false,true,candidate,001423
4,0.2,12,1.0,0.005,0.0381041898054868,0.03797882454992785,0.97,2,false,false,candidate,001424
4,0.2,12,1.0,0.01,0.038104189719232684,0.03797882449688461,0.97,2,false,false,candidate,001425
4,0.2,12,1.0,0.02,0.03809196065491327,0.037978827379591684,0.96,2,false,false,candidate,001426
4,0.2,12,3.0,0.005,0.04462077739065895,0.029692122751622585,2.395,5,true,false,candidate,001427
4,0.2,12,3.0,0.01,0.044618178186366264,0.02969212285937839,2.4,5,true,false,candidate,001428
4,0.2,12,3.0,0.02,0.044618187429146694,0.029692135500805072,2.4,5,true,false,candidate,001429
4,0.2,16,0.3,0.005,0.0011044562244120204,0.0009988920481254215,0.26,1,false,true,candidate,001430
4,0.2,16,0.3,0.01,0.0011044565680115026,0.000998892447644395,0.26,1,false,true,candidate,001431
4,0.2,16,0.3,0.02,0.001104465479093264,0.0009989027764460978,0.26,1,false,true,candidate,001432
4,0.2,16,0.5,0.005,0.0034742296776377746,0.0034742296776377746,0.5,2,false,true,candidate,001433
4,0.2,16,0.5,0.01,0.0034742289132716486,0.0034742289132716486,0.5,2,false,true,candidate,001434
4,0.2,16,0.5,0.02,0.0034742101148015347,0.0034742101148015347,0.5,2,false,true,candidate,001435
4,0.2,16,1.0,0.005,0.0245156252976948,0.0245156252976948,1.0,3,false,true,candidate,001436
4,0.2,16,1.0,0.01,0.02451562385340944,0.02451562385340944,1.0,3,false,true,candidate,001437
4,0.2,16,1.0,0.02,0.024515587134505745,0.024515587134505745,1.0,3,false,true,candidate,001438
4,0.2,16,3.0,0.005,0.02827641177674356,0.02302818288988573,2.77,10,true,true,candidate,001439
4,0.2,16,3.0,0.01,0.028276409247903977,0.023028181611398413,2.77,10,true,true,candidate,001440
4,0.2,16,3.0,0.02,0.028269667056622927,0.023028119159573368,2.7800000000000002,10,true,true,candidate,001441
4,0.25,4,0.3,0.005,0.004282563346695746,0.004282563346695746,0.3,3,false,true,candidate,001442
4,0.25,4,0.3,0.01,0.004282563352130954,0.004282563352130954,0.3,3,false,true,candidate,001443
4,0.25,4,0.3,0.02,0.004282563428100851,0.004282563428100851,0.3,3,false,true,candidate,001444
4,0.25,4,0.5,0.005,0.011019125170729786,0.011019125170729786,0.5,3,false,true,candidate,001445
4,0.25,4,0.5,0.01,0.011019125177550108,0.011019125177550108,0.5,3,false,true,candidate,001446
4,0.25,4,0.5,0.02,0.01101912526875937,0.01101912526875937,0.5,3,false,true,candidate,001447
4,0.25,4,1.0,0.005,0.053039505615328685,0.053039505615328685,1.0,3,false,false,candidate,001448
4,0.25,4,1.0,0.01,0.05303950561329542,0.05303950561329542,1.0,3,false,false,candidate,001449
4,0.25,4,1.0,0.02,0.05303950554531114,0.05303950554531114,1.0,3,false,false,candidate,001450
4,0.25,4,3.0,0.005,0.26637007521570455,0.26637007521570455,3.0,4,true,false,candidate,001451
4,0.25,4,3.0,0.01,0.26637007525124434,0.26637007525124434,3.0,4,true,false,candidate,001452
4,0.25,4,3.0,0.02,0.2663700757105647,0.2663700757105647,3.0,4,true,false,candidate,001453
4,0.25,6,0.3,0.005,0.004412627205144127,0.004412627205144127,0.3,1,false,true,candidate,001454
4,0.25,6,0.3,0.01,0.004412627228221889,0.004412627228221889,0.3,1,false,true,candidate,001455
4,0.25,6,0.3,0.02,0.00441262751120708,0.00441262751120708,0.3,1,false,true,candidate,001456
4,0.25,6,0.5,0.005,0.011637903420853581,0.011637903420853581,0.5,1,false,true,candidate,001457
4,0.25,6,0.5,0.01,0.011637903433162402,0.011637903433162402,0.5,1,false,true,candidate,001458
4,0.25,6,0.5,0.02,0.011637903489763348,0.011637903489763348,0.5,1,false,true,candidate,001459
4,0.25,6,1.0,0.005,0.03941992447886645,0.03941992447886645,1.0,1,false,false,candidate,001460
4,0.25,6,1.0,0.01,0.039419924403841795,0.039419924403841795,1.0,1,false,false,candidate,001461
4,0.25,6,1.0,0.02,0.03941992290768082,0.03941992290768082,1.0,1,false,false,candidate,001462
4,0.25,6,3.0,0.005,0.05932023366503182,0.029472842564948094,1.605,3,false,false,candidate,001463
4,0.25,6,3.0,0.01,0.0593190420072285,0.029472842643702542,1.61,3,false,false,candidate,001464
4,0.25,6,3.0,0.02,0.05931831904045272,0.02947284486794067,1.6,3,false,false,candidate,001465
4,0.25,8,0.3,0.005,0.009138604515298576,0.009138604515298576,0.3,1,false,true,candidate,001466
4,0.25,8,0.3,0.01,0.009138604348536195,0.009138604348536195,0.3,1,false,true,candidate,001467
4,0.25,8,0.3,0.02,0.009138600406613184,0.009138600406613184,0.3,1,false,true,candidate,001468
4,0.25,8,0.5,0.005,0.02211997957754397,0.02211997957754397,0.5,2,false,true,candidate,001469
4,0.25,8,0.5,0.01,0.022119979265150524,0.022119979265150524,0.5,2,false,true,candidate,001470
4,0.25,8,0.5,0.02,0.02211997211732175,0.02211997211732175,0.5,2,false,true,candidate,001471
4,0.25,8,1.0,0.005,0.058594032894336845,0.058594032894336845,1.0,3,false,false,candidate,001472
4,0.25,8,1.0,0.01,0.05859403237571592,0.05859403237571592,1.0,3,false,false,candidate,001473
4,0.25,8,1.0,0.02,0.05859401959606303,0.05859401959606303,1.0,3,false,false,candidate,001474
4,0.25,8,3.0,0.005,0.06532542461994462,0.004507852493924158,1.245,5,true,false,candidate,001475
4,0.25,8,3.0,0.01,0.06532539753211619,0.004507850783296741,1.24,5,true,false,candidate,001476
4,0.25,8,3.0,0.02,0.06532538734728854,0.004507810247281752,1.24,5,true,false,candidate,001477
4,0.25,12,0.3,0.005,0.004967119271054754,0.004967119271054754,0.3,1,false,true,candidate,001478
4,0.25,12,0.3,0.01,0.004967119195090186,0.004967119195090186,0.3,1,false,true,candidate,001479
4,0.25,12,0.3,0.02,0.004967119181799151,0.004967119181799151,0.3,1,false,true,candidate,001480
4,0.25,12,0.5,0.005,0.015937509641598235,0.015937509641598235,0.5,1,false,true,candidate,001481
4,0.25,12,0.5,0.01,0.01593750946700212,0.01593750946700212,0.5,1,false,true,candidate,001482
4,0.25,12,0.5,0.02,0.01593750864038257,0.01593750864038257,0.5,1,false,true,candidate,001483
4,0.25,12,1.0,0.005,0.0381041898054868,0.03797882454992785,0.97,1,false,false,candidate,001484
4,0.25,12,1.0,0.01,0.038104189719232684,0.03797882449688461,0.97,1,false,false,candidate,001485
4,0.25,12,1.0,0.02,0.03809196065491327,0.037978827379591684,0.96,1,false,false,candidate,001486
4,0.25,12,3.0,0.005,0.04462077739065895,0.029692122751622585,2.395,5,true,false,candidate,001487
4,0.25,12,3.0,0.01,0.044618178186366264,0.02969212285937839,2.4,5,true,false,candidate,001488
4,0.25,12,3.0,0.02,0.044618187429146694,0.029692135500805072,2.4,5,true,false,candidate,001489
4,0.25,16,0.3,0.005,0.0011044562244120204,0.0009988920481254215,0.26,0,false,true,candidate,001490
4,0.25,16,0.3,0.01,0.0011044565680115026,0.000998892447644395,0.26,0,false,true,candidate,001491
4,0.25,16,0.3,0.02,0.001104465479093264,0.0009989027764460978,0.26,0,false,true,candidate,001492
4,0.25,16,0.5,0.005,0.0034742296776377746,0.0034742296776377746,0.5,0,false,true,candidate,001493
4,0.25,16,0.5,0.01,0.0034742289132716486,0.0034742289132716486,0.5,0,false,true,candidate,001494
4,0.25,16,0.5,0.02,0.0034742101148015347,0.0034742101148015347,0.5,0,false,true,candidate,001495
4,0.25,16,1.0,0.005,0.0245156252976948,0.0245156252976948,1.0,0,false,true,candidate,001496
4,0.25,16,1.0,0.01,0.02451562385340944,0.02451562385340944,1.0,0,false,true,candidate,001497
4,0.25,16,1.0,0.02,0.024515587134505745,0.024515587134505745,1.0,0,false,true,candidate,001498
4,0.25,16,3.0,0.005,0.02827641177674356,0.02302818288988573,2.77,4,true,true,candidate,001499
4,0.25,16,3.0,0.01,0.028276409247903977,0.023028181611398413,2.77,4,true,true,candidate,001500
4,0.25,16,3.0,0.02,0.028269667056622927,0.023028119159573368,2.7800000000000002,4,true,true,candidate,001501
5,0.05,4,0.3,0.005,0.002786184463308029,0.002786184463308029,0.3,4,true,true,candidate,001502
5,0.05,4,0.3,0.01,0.002786184462906128,0.002786184462906128,0.3,4,true,true,candidate,001503
5,0.05,4,0.3,0.02,0.0027861844523510157,0.0027861844523510157,0.3,4,true,true,candidate,001504
5,0.05,4,0.5,0.005,0.008932365447544059,0.008932365447544059,0.5,4,true,true,candidate,001505
5,0.05,4,0.5,0.01,0.008932365445844751,0.008932365445844751,0.5,4,true,true,candidate,001506
5,0.05,4,0.5,0.02,0.008932365411758462,0.008932365411758462,0.5,4,true,true,candidate,001507
5,0.05,4,1.0,0.005,0.033775280171822866,0.033775280171822866,1.0,4,true,false,candidate,001508
5,0.05,4,1.0,0.01,0.033775280164552904,0.033775280164552904,1.0,4,true,false,candidate,001509
5,0.05,4,1.0,0.02,0.033775280033938496,0.033775280033938496,1.0,4,true,false,candidate,001510
5,0.05,4,3.0,0.005,0.06858721228570511,0.033579873104872995,1.98,4,true,false,candidate,001511
5,0.05,4,3.0,0.01,0.06858721227168899,0.03357987308547629,1.98,4,true,false,candidate,001512
5,0.05,4,3.0,0.02,0.06858721201685328,0.03357987272904496,1.98,4,true,false,candidate,001513
5,0.05,6,0.3,0.005,0.0003070233956232738,0.00010651660283544918,0.135,6,true,true,candidate,001514
5,0.05,6,0.3,0.01,0.00030664490127674254,0.00010651660482741133,0.13,6,true,true,candidate,001515
5,0.05,6,0.3,0.02,0.0003065922611356076,0.00010651662834726407,0.14,6,true,true,candidate,001516
5,0.05,6,0.5,0.005,0.0015271254441849849,0.0015271254441849849,0.5,6,true,true,candidate,001517
5,0.05,6,0.5,0.01,0.0015271254473078202,0.0015271254473078202,0.5,6,true,true,candidate,001518
5,0.05,6,0.5,0.02,0.0015271254835435013,0.0015271254835435013,0.5,6,true,true,candidate,001519
5,0.05,6,1.0,0.005,0.007500036917149734,0.007500036917149734,1.0,6,true,true,candidate,001520
5,0.05,6,1.0,0.01,0.007500036920463083,0.007500036920463083,1.0,6,true,true,candidate,001521
5,0.05,6,1.0,0.02,0.00750003694674073,0.00750003694674073,1.0,6,true,true,candidate,001522
5,0.05,6,3.0,0.005,0.06195652887333981,0.06195652887333981,3.0,6,true,false,candidate,001523
5,0.05,6,3.0,0.01,0.061956528925025574,0.061956528925025574,3.0,6,true,false,candidate,001524
5,0.05,6,3.0,0.02,0.06195652967057875,0.06195652967057875,3.0,6,true,false,candidate,001525
5,0.05,8,0.3,0.005,0.005029068289184702,0.005029068289184702,0.3,8,true,true,candidate,001526
5,0.05,8,0.3,0.01,0.005029068286688254,0.005029068286688254,0.3,8,true,true,candidate,001527
5,0.05,8,0.3,0.02,0.005029068064513975,0.005029068064513975,0.3,8,true,true,candidate,001528
5,0.05,8,0.5,0.005,0.01444556267570074,0.01444556267570074,0.5,8,true,true,candidate,001529
5,0.05,8,0.5,0.01,0.014445562658567335,0.014445562658567335,0.5,8,true,true,candidate,001530
5,0.05,8,0.5,0.02,0.014445562080597218,0.014445562080597218,0.5,8,true,true,candidate,001531
5,0.05,8,1.0,0.005,0.04145493999679406,0.04145493999679406,1.0,8,true,false,candidate,001532
5,0.05,8,1.0,0.01,0.041454939973411875,0.041454939973411875,1.0,8,true,false,candidate,001533
5,0.05,8,1.0,0.02,0.04145493898048591,0.04145493898048591,1.0,8,true,false,candidate,001534
5,0.05,8,3.0,0.005,0.07154239833468212,0.07154239833468212,3.0,8,true,false,candidate,001535
5,0.05,8,3.0,0.01,0.07154239803423046,0.07154239803423046,3.0,8,true,false,candidate,001536
5,0.05,8,3.0,0.02,0.07154239143706942,0.07154239143706942,3.0,8,true,false,candidate,001537
5,0.05,12,0.3,0.005,0.006566597048891731,0.006566597048891731,0.3,12,true,true,candidate,001538
5,0.05,12,0.3,0.01,0.006566596743750042,0.006566596743750042,0.3,12,true,true,candidate,001539
5,0.05,12,0.3,0.02,0.006566589957285984,0.006566589957285984,0.3,12,true,true,candidate,001540
5,0.05,12,0.5,0.005,0.013472142837892997,0.013472142837892997,0.5,12,true,true,candidate,001541
5,0.05,12,0.5,0.01,0.013472142368277096,0.013472142368277096,0.5,12,true,true,candidate,001542
5,0.05,12,0.5,0.02,0.013472131591337977,0.013472131591337977,0.5,12,true,true,candidate,001543
5,0.05,12,1.0,0.005,0.016363280500551136,0.009889428487300345,0.6950000000000001,12,true,true,candidate,001544
5,0.05,12,1.0,0.01,0.016361598446089864,0.009889427997755273,0.7000000000000001,12,true,true,candidate,001545
5,0.05,12,1.0,0.02,0.016361586134854278,0.00988941364118312,0.7000000000000001,12,true,true,candidate,001546
5,0.05,12,3.0,0.005,0.024319402634609855,0.024319402634609855,3.0,12,true,true,candidate,001547
5,0.05,12,3.0,0.01,0.024319402196400275,0.024319402196400275,3.0,12,true,true,candidate,001548
5,0.05,12,3.0,0.02,0.024319415230128705,0.024319415230128705,3.0,12,true,true,candidate,001549
5,0.05,16,0.3,0.005,0.0021294119092616364,0.0021294119092616364,0.3,16,true,true,candidate,001550
5,0.05,16,0.3,0.01,0.002129411923890823,0.002129411923890823,0.3,16,true,true,candidate,001551
5,0.05,16,0.3,0.02,0.0021294096552662016,0.0021294096552662016,0.3,16,true,true,candidate,001552
5,0.05,16,0.5,0.005,0.002163973303950906,0.000683559915649612,0.325,16,true,true,candidate,001553
5,0.05,16,0.5,0.01,0.0021633918699941472,0.0006835599515315761,0.33,16,true,true,candidate,001554
5,0.05,16,0.5,0.02,0.002162013632230009,0.0006835564545679685,0.32,16,true,true,candidate,001555
5,0.05,16,1.0,0.005,0.0057682058955665924,0.0057682058955665924,1.0,16,true,true,candidate,001556
5,0.05,16,1.0,0.01,0.005768204534845057,0.005768204534845057,1.0,16,true,true,candidate,001557
5,0.05,16,1.0,0.02,0.00576817482482861,0.00576817482482861,1.0,16,true,true,candidate,001558
5,0.05,16,3.0,0.005,0.049347813605946214,0.03912092157127645,2.16,16,true,false,candidate,001559
5,0.05,16,3.0,0.01,0.049347812706464836,0.03912092177591254,2.16,16,true,false,candidate,001560
5,0.05,16,3.0,0.02,0.0493477796591837,0.03912090022299065,2.16,16,true,false,candidate,001561
5,0.1,4,0.3,0.005,0.002786184463308029,0.002786184463308029,0.3,4,true,true,candidate,001562
5,0.1,4,0.3,0.01,0.002786184462906128,0.002786184462906128,0.3,4,true,true,candidate,001563
5,0.1,4,0.3,0.02,0.0027861844523510157,0.0027861844523510157,0.3,4,true,true,candidate,001564
5,0.1,4,0.5,0.005,0.008932365447544059,0.008932365447544059,0.5,4,true,true,candidate,001565
5,0.1,4,0.5,0.01,0.008932365445844751,0.008932365445844751,0.5,4,true,true,candidate,001566
5,0.1,4,0.5,0.02,0.008932365411758462,0.008932365411758462,0.5,4,true,true,candidate,001567
5,0.1,4,1.0,0.005,0.033775280171822866,0.033775280171822866,1.0,4,true,false,candidate,001568
5,0.1,4,1.0,0.01,0.033775280164552904,0.033775280164552904,1.0,4,true,false,candidate,001569
5,0.1,4,1.0,0.02,0.033775280033938496,0.033775280033938496,1.0,4,true,false,candidate,001570
5,0.1,4,3.0,0.005,0.06858721228570511,0.033579873104872995,1.98,4,true,false,candidate,001571
5,0.1,4,3.0,0.01,0.06858721227168899,0.03357987308547629,1.98,4,true,false,candidate,001572
5,0.1,4,3.0,0.02,0.06858721201685328,0.03357987272904496,1.98,4,true,false,candidate,001573
5,0.1,6,0.3,0.005,0.0003070233956232738,0.00010651660283544918,0.135,6,true,true,candidate,001574
5,0.1,6,0.3,0.01,0.00030664490127674254,0.00010651660482741133,0.13,6,true,true,candidate,001575
5,0.1,6,0.3,0.02,0.0003065922611356076,0.00010651662834726407,0.14,6,true,true,candidate,001576
5,0.1,6,0.5,0.005,0.0015271254441849849,0.0015271254441849849,0.5,6,true,true,candidate,001577
5,0.1,6,0.5,0.01,0.0015271254473078202,0.0015271254473078202,0.5,6,true,true,candidate,001578
5,0.1,6,0.5,0.02,0.0015271254835435013,0.0015271254835435013,0.5,6,true,true,candidate,001579
5,0.1,6,1.0,0.005,0.007500036917149734,0.007500036917149734,1.0,6,true,true,candidate,001580
5,0.1,6,1.0,0.01,0.007500036920463083,0.007500036920463083,1.0,6,true,true,candidate,001581
5,0.1,6,1.0,0.02,0.00750003694674073,0.00750003694674073,1.0,6,true,true,candidate,001582
5,0.1,6,3.0,0.005,0.06195652887333981,0.06195652887333981,3.0,6,true,false,candidate,001583
5,0.1,6,3.0,0.01,0.061956528925025574,0.061956528925025574,3.0,6,true,false,candidate,001584
5,0.1,6,3.0,0.02,0.06195652967057875,0.06195652967057875,3.0,6,true,false,candidate,001585
5,0.1,8,0.3,0.005,0.005029068289184702,0.005029068289184702,0.3,8,true,true,candidate,001586
5,0.1,8,0.3,0.01,0.005029068286688254,0.005029068286688254,0.3,8,true,true,candidate,001587
5,0.1,8,0.3,0.02,0.005029068064513975,0.005029068064513975,0.3,8,true,true,candidate,001588
5,0.1,8,0.5,0.005,0.01444556267570074,0.01444556267570074,0.5,8,true,true,candidate,001589
5,0.1,8,0.5,0.01,0.014445562658567335,0.014445562658567335,0.5,8,true,true,candidate,001590
5,0.1,8,0.5,0.02,0.014445562080597218,0.014445562080597218,0.5,8,true,true,candidate,001591
5,0.1,8,1.0,0.005,0.04145493999679406,0.04145493999679406,1.0,8,true,false,candidate,001592
5,0.1,8,1.0,0.01,0.041454939973411875,0.041454939973411875,1.0,8,true,false,candidate,001593
5,0.1,8,1.0,0.02,0.04145493898048591,0.04145493898048591,1.0,8,true,false,candidate,001594
5,0.1,8,3.0,0.005,0.07154239833468212,0.07154239833468212,3.0,8,true,false,candidate,001595
5,0.1,8,3.0,0.01,0.07154239803423046,0.07154239803423046,3.0,8,true,false,candidate,001596
5,0.1,8,3.0,0.02,0.07154239143706942,0.07154239143706942,3.0,8,true,false,candidate,001597
5,0.1,12,0.3,0.005,0.006566597048891731,0.006566597048891731,0.3,5,true,true,candidate,001598
5,0.1,12,0.3,0.01,0.006566596743750042,0.006566596743750042,0.3,5,true,true,candidate,001599
5,0.1,12,0.3,0.02,0.006566589957285984,0.006566589957285984,0.3,5,true,true,candidate,001600
5,0.1,12,0.5,0.005,0.013472142837892997,0.013472142837892997,0.5,5,true,true,candidate,001601
5,0.1,12,0.5,0.01,0.013472142368277096,0.013472142368277096,0.5,5,true,true,candidate,001602
5,0.1,12,0.5,0.02,0.013472131591337977,0.013472131591337977,0.5,5,true,true,candidate,001603
5,0.1,12,1.0,0.005,0.016363280500551136,0.009889428487300345,0.6950000000000001,6,true,true,candidate,001604
5,0.1,12,1.0,0.01,0.016361598446089864,0.009889427997755273,0.7000000000000001,6,true,true,candidate,001605
5,0.1,12,1.0,0.02,0.016361586134854278,0.00988941364118312,0.7000000000000001,6,true,true,candidate,001606
5,0.1,12,3.0,0.005,0.024319402634609855,0.024319402634609855,3.0,9,true,true,candidate,001607
5,0.1,12,3.0,0.01,0.024319402196400275,0.024319402196400275,3.0,9,true,true,candidate,001608
5,0.1,12,3.0,0.02,0.024319415230128705,0.024319415230128705,3.0,9,true,true,candidate,001609
5,0.1,16,0.3,0.005,0.0021294119092616364,0.0021294119092616364,0.3,2,false,true,candidate,001610
5,0.1,16,0.3,0.01,0.002129411923890823,0.002129411923890823,0.3,2,false,true,candidate,001611
5,0.1,16,0.3,0.02,0.0021294096552662016,0.0021294096552662016,0.3,2,false,true,candidate,001612
5,0.1,16,0.5,0.005,0.002163973303950906,0.000683559915649612,0.325,2,false,true,candidate,001613
5,0.1,16,0.5,0.01,0.0021633918699941472,0.0006835599515315761,0.33,2,false,true,candidate,001614
5,0.1,16,0.5,0.02,0.002162013632230009,0.0006835564545679685,0.32,2,false,true,candidate,001615
5,0.1,16,1.0,0.005,0.0057682058955665924,0.0057682058955665924,1.0,4,true,true,candidate,001616
5,0.1,16,1.0,0.01,0.005768204534845057,0.005768204534845057,1.0,4,true,true,candidate,001617
5,0.1,16,1.0,0.02,0.00576817482482861,0.00576817482482861,1.0,4,true,true,candidate,001618
5,0.1,16,3.0,0.005,0.049347813605946214,0.03912092157127645,2.16,8,true,false,candidate,001619
5,0.1,16,3.0,0.01,0.049347812706464836,0.03912092177591254,2.16,8,true,false,candidate,001620
5,0.1,16,3.0,0.02,0.0493477796591837,0.03912090022299065,2.16,8,true,false,candidate,001621
5,0.15,4,0.3,0.005,0.002786184463308029,0.002786184463308029,0.3,4,true,true,candidate,001622
5,0.15,4,0.3,0.01,0.002786184462906128,0.002786184462906128,0.3,4,true,true,candidate,001623
5,0.15,4,0.3,0.02,0.0027861844523510157,0.0027861844523510157,0.3,4,true,true,candidate,001624
5,0.15,4,0.5,0.005,0.008932365447544059,0.008932365447544059,0.5,4,true,true,candidate,001625
5,0.15,4,0.5,0.01,0.008932365445844751,0.008932365445844751,0.5,4,true,true,candidate,001626
5,0.15,4,0.5,0.02,0.008932365411758462,0.008932365411758462,0.5,4,true,true,candidate,001627
5,0.15,4,1.0,0.005,0.033775280171822866,0.033775280171822866,1.0,4,true,false,candidate,001628
5,0.15,4,1.0,0.01,0.033775280164552904,0.033775280164552904,1.0,4,true,false,candidate,001629
5,0.15,4,1.0,0.02,0.033775280033938496,0.033775280033938496,1.0,4,true,false,candidate,001630
5,0.15,4,3.0,0.005,0.06858721228570511,0.033579873104872995,1.98,4,true,false,candidate,001631
5,0.15,4,3.0,0.01,0.06858721227168899,0.03357987308547629,1.98,4,true,false,candidate,001632
5,0.15,4,3.0,0.02,0.06858721201685328,0.03357987272904496,1.98,4,true,false,candidate,001633
5,0.15,6,0.3,0.005,0.0003070233956232738,0.00010651660283544918,0.135,5,true,true,candidate,001634
5,0.15,6,0.3,0.01,0.00030664490127674254,0.00010651660482741133,0.13,5,true,true,candidate,001635
5,0.15,6,0.3,0.02,0.0003065922611356076,0.00010651662834726407,0.14,5,true,true,candidate,001636
5,0.15,6,0.5,0.005,0.0015271254441849849,0.0015271254441849849,0.5,5,true,true,candidate,001637
5,0.15,6,0.5,0.01,0.0015271254473078202,0.0015271254473078202,0.5,5,true,true,candidate,001638
5,0.15,6,0.5,0.02,0.0015271254835435013,0.0015271254835435013,0.5,5,true,true,candidate,001639
5,0.15,6,1.0,0.005,0.007500036917149734,0.007500036917149734,1.0,5,true,true,candidate,001640
5,0.15,6,1.0,0.01,0.007500036920463083,0.007500036920463083,1.0,5,true,true,candidate,001641
5,0.15,6,1.0,0.02,0.00750003694674073,0.00750003694674073,1.0,5,true,true,candidate,001642
5,0.15,6,3.0,0.005,0.06195652887333981,0.06195652887333981,3.0,6,true,false,candidate,001643
5,0.15,6,3.0,0.01,0.061956528925025574,0.061956528925025574,3.0,6,true,false,candidate,001644
5,0.15,6,3.0,0.02,0.06195652967057875,0.06195652967057875,3.0,6,true,false,candidate,001645
5,0.15,8,0.3,0.005,0.005029068289184702,0.005029068289184702,0.3,3,false,true,candidate,001646
5,0.15,8,0.3,0.01,0.005029068286688254,0.005029068286688254,0.3,3,false,true,candidate,001647
5,0.15,8,0.3,0.02,0.005029068064513975,0.005029068064513975,0.3,3,false,true,candidate,001648
5,0.15,8,0.5,0.005,0.01444556267570074,0.01444556267570074,0.5,3,false,true,candidate,001649
5,0.15,8,0.5,0.01,0.014445562658567335,0.014445562658567335,0.5,3,false,true,candidate,001650
5,0.15,8,0.5,0.02,0.014445562080597218,0.014445562080597218,0.5,3,false,true,candidate,001651
5,0.15,8,1.0,0.005,0.04145493999679406,0.04145493999679406,1.0,3,false,false,candidate,001652
5,0.15,8,1.0,0.01,0.041454939973411875,0.041454939973411875,1.0,3,false,false,candidate,001653
5,0.15,8,1.0,0.02,0.04145493898048591,0.04145493898048591,1.0,3,false,false,candidate,001654
5,0.15,8,3.0,0.005,0.07154239833468212,0.07154239833468212,3.0,6,true,false,candidate,001655
5,0.15,8,3.0,0.01,0.07154239803423046,0.07154239803423046,3.0,6,true,false,candidate,001656
5,0.15,8,3.0,0.02,0.07154239143706942,0.07154239143706942,3.0,6,true,false,candidate,001657
5,0.15,12,0.3,0.005,0.006566597048891731,0.006566597048891731,0.3,3,false,true,candidate,001658
5,0.15,12,0.3,0.01,0.006566596743750042,0.006566596743750042,0.3,3,false,true,candidate,001659
5,0.15,12,0.3,0.02,0.006566589957285984,0.006566589957285984,0.3,3,false,true,candidate,001660
5,0.15,12,0.5,0.005,0.013472142837892997,0.013472142837892997,0.5,4,true,true,candidate,001661
5,0.15,12,0.5,0.01,0.013472142368277096,0.013472142368277096,0.5,4,true,true,candidate,001662
5,0.15,12,0.5,0.02,0.013472131591337977,0.013472131591337977,0.5,4,true,true,candidate,001663
5,0.15,12,1.0,0.005,0.016363280500551136,0.009889428487300345,0.6950000000000001,5,true,true,candidate,001664
5,0.15,12,1.0,0.01,0.016361598446089864,0.009889427997755273,0.7000000000000001,5,true,true,candidate,001665
5,0.15,12,1.0,0.02,0.016361586134854278,0.00988941364118312,0.7000000000000001,5,true,true,candidate,001666
5,0.15,12,3.0,0.005,0.024319402634609855,0.024319402634609855,3.0,7,true,true,candidate,001667
5,0.15,12,3.0,0.01,0.024319402196400275,0.024319402196400275,3.0,7,true,true,candidate,001668
5,0.15,12,3.0,0.02,0.024319415230128705,0.024319415230128705,3.0,7,true,true,candidate,001669
5,0.15,16,0.3,0.005,0.0021294119092616364,0.0021294119092616364,0.3,2,false,true,candidate,001670
5,0.15,16,0.3,0.01,0.002129411923890823,0.002129411923890823,0.3,2,false,true,candidate,001671
5,0.15,16,0.3,0.02,0.0021294096552662016,0.0021294096552662016,0.3,2,false,true,candidate,001672
5,0.15,16,0.5,0.005,0.002163973303950906,0.000683559915649612,0.325,2,false,true,candidate,001673
5,0.15,16,0.5,0.01,0.0021633918699941472,0.0006835599515315761,0.33,2,false,true,candidate,001674
5,0.15,16,0.5,0.02,0.002162013632230009,0.0006835564545679685,0.32,2,false,true,candidate,001675
5,0.15,16,1.0,0.005,0.0057682058955665924,0.0057682058955665924,1.0,3,false,true,candidate,001676
5,0.15,16,1.0,0.01,0.005768204534845057,0.005768204534845057,1.0,3,false,true,candidate,001677
5,0.15,16,1.0,0.02,0.00576817482482861,0.00576817482482861,1.0,3,false,true,candidate,001678
5,0.15,16,3.0,0.005,0.049347813605946214,0.03912092157127645,2.16,6,true,false,candidate,001679
5,0.15,16,3.0,0.01,0.049347812706464836,0.03912092177591254,2.16,6,true,false,candidate,001680
5,0.15,16,3.0,0.02,0.0493477796591837,0.03912090022299065,2.16,6,true,false,candidate,001681
5,0.2,4,0.3,0.005,0.002786184463308029,0.002786184463308029,0.3,4,true,true,candidate,001682
5,0.2,4,0.3,0.01,0.002786184462906128,0.002786184462906128,0.3,4,true,true,candidate,001683
5,0.2,4,0.3,0.02,0.0027861844523510157,0.0027861844523510157,0.3,4,true,true,candidate,001684
5,0.2,4,0.5,0.005,0.008932365447544059,0.008932365447544059,0.5,4,true,true,candidate,001685
5,0.2,4,0.5,0.01,0.008932365445844751,0.008932365445844751,0.5,4,true,true,candidate,001686
5,0.2,4,0.5,0.02,0.008932365411758462,0.008932365411758462,0.5,4,true,true,candidate,001687
5,0.2,4,1.0,0.005,0.033775280171822866,0.033775280171822866,1.0,4,true,false,candidate,001688
5,0.2,4,1.0,0.01,0.033775280164552904,0.033775280164552904,1.0,4,true,false,candidate,001689
5,0.2,4,1.0,0.02,0.033775280033938496,0.033775280033938496,1.0,4,true,false,candidate,001690
5,0.2,4,3.0,0.005,0.06858721228570511,0.033579873104872995,1.98,4,true,false,candidate,001691
5,0.2,4,3.0,0.01,0.06858721227168899,0.03357987308547629,1.98,4,true,false,candidate,001692
5,0.2,4,3.0,0.02,0.06858721201685328,0.03357987272904496,1.98,4,true,false,candidate,001693
5,0.2,6,0.3,0.005,0.0003070233956232738,0.00010651660283544918,0.135,1,false,true,candidate,001694
5,0.2,6,0.3,0.01,0.00030664490127674254,0.00010651660482741133,0.13,1,false,true,candidate,001695
5,0.2,6,0.3,0.02,0.0003065922611356076,0.00010651662834726407,0.14,1,false,true,candidate,001696
5,0.2,6,0.5,0.005,0.0015271254441849849,0.0015271254441849849,0.5,1,false,true,candidate,001697
5,0.2,6,0.5,0.01,0.0015271254473078202,0.0015271254473078202,0.5,1,false,true,candidate,001698
5,0.2,6,0.5,0.02,0.0015271254835435013,0.0015271254835435013,0.5,1,false,true,candidate,001699
5,0.2,6,1.0,0.005,0.007500036917149734,0.007500036917149734,1.0,2,false,true,candidate,001700
5,0.2,6,1.0,0.01,0.007500036920463083,0.007500036920463083,1.0,2,false,true,candidate,001701
5,0.2,6,1.0,0.02,0.00750003694674073,0.00750003694674073,1.0,2,false,true,candidate,001702
5,0.2,6,3.0,0.005,0.06195652887333981,0.06195652887333981,3.0,4,true,false,candidate,001703
5,0.2,6,3.0,0.01,0.061956528925025574,0.061956528925025574,3.0,4,true,false,candidate,001704
5,0.2,6,3.0,0.02,0.06195652967057875,0.06195652967057875,3.0,4,true,false,candidate,001705
5,0.2,8,0.3,0.005,0.005029068289184702,0.005029068289184702,0.3,2,false,true,candidate,001706
5,0.2,8,0.3,0.01,0.005029068286688254,0.005029068286688254,0.3,2,false,true,candidate,001707
5,0.2,8,0.3,0.02,0.005029068064513975,0.005029068064513975,0.3,2,false,true,candidate,001708
5,0.2,8,0.5,0.005,0.01444556267570074,0.01444556267570074,0.5,2,false,true,candidate,001709
5,0.2,8,0.5,0.01,0.014445562658567335,0.014445562658567335,0.5,2,false,true,candidate,001710
5,0.2,8,0.5,0.02,0.014445562080597218,0.014445562080597218,0.5,2,false,true,candidate,001711
5,0.2,8,1.0,0.005,0.04145493999679406,0.04145493999679406,1.0,3,false,false,candidate,001712
5,0.2,8,1.0,0.01,0.041454939973411875,0.041454939973411875,1.0,3,false,false,candidate,001713
5,0.2,8,1.0,0.02,0.04145493898048591,0.04145493898048591,1.0,3,false,false,candidate,001714
5,0.2,8,3.0,0.005,0.07154239833468212,0.07154239833468212,3.0,5,true,false,candidate,001715
5,0.2,8,3.0,0.01,0.07154239803423046,0.07154239803423046,3.0,5,true,false,candidate,001716
5,0.2,8,3.0,0.02,0.07154239143706942,0.07154239143706942,3.0,5,true,false,candidate,001717
5,0.2,12,0.3,0.005,0.006566597048891731,0.006566597048891731,0.3,1,false,true,candidate,001718
5,0.2,12,0.3,0.01,0.006566596743750042,0.006566596743750042,0.3,1,false,true,candidate,001719
5,0.2,12,0.3,0.02,0.006566589957285984,0.006566589957285984,0.3,1,false,true,candidate,001720
5,0.2,12,0.5,0.005,0.013472142837892997,0.013472142837892997,0.5,3,false,true,candidate,001721
5,0.2,12,0.5,0.01,0.013472142368277096,0.013472142368277096,0.5,3,false,true,candidate,001722
5,0.2,12,0.5,0.02,0.013472131591337977,0.013472131591337977,0.5,3,false,true,candidate,001723
5,0.2,12,1.0,0.005,0.016363280500551136,0.009889428487300345,0.6950000000000001,3,false,true,candidate,001724
5,0.2,12,1.0,0.01,0.016361598446089864,0.009889427997755273,0.7000000000000001,3,false,true,candidate,001725
5,0.2,12,1.0,0.02,0.016361586134854278,0.00988941364118312,0.7000000000000001,3,false,true,candidate,001726
5,0.2,12,3.0,0.005,0.024319402634609855,0.024319402634609855,3.0,7,true,true,candidate,001727
5,0.2,12,3.0,0.01,0.024319402196400275,0.024319402196400275,3.0,7,true,true,candidate,001728
5,0.2,12,3.0,0.02,0.024319415230128705,0.024319415230128705,3.0,7,true,true,candidate,001729
5,0.2,16,0.3,0.005,0.0021294119092616364,0.0021294119092616364,0.3,1,false,true,candidate,001730
5,0.2,16,0.3,0.01,0.002129411923890823,0.002129411923890823,0.3,1,false,true,candidate,001731
5,0.2,16,0.3,0.02,0.0021294096552662016,0.0021294096552662016,0.3,1,false,true,candidate,001732
5,0.2,16,0.5,0.005,0.002163973303950906,0.000683559915649612,0.325,1,false,true,candidate,001733
5,0.2,16,0.5,0.01,0.0021633918699941472,0.0006835599515315761,0.33,1,false,true,candidate,001734
5,0.2,16,0.5,0.02,0.002162013632230009,0.0006835564545679685,0.32,1,false,true,candidate,001735
5,0.2,16,1.0,0.005,0.0057682058955665924,0.0057682058955665924,1.0,2,false,true,candidate,001736
5,0.2,16,1.0,0.01,0.005768204534845057,0.005768204534845057,1.0,2,false,true,candidate,001737
5,0.2,16,1.0,0.02,0.00576817482482861,0.00576817482482861,1.0,2,false,true,candidate,001738
5,0.2,16,3.0,0.005,0.049347813605946214,0.03912092157127645,2.16,5,true,false,candidate,001739
5,0.2,16,3.0,0.01,0.049347812706464836,0.03912092177591254,2.16,5,true,false,candidate,001740
5,0.2,16,3.0,0.02,0.0493477796591837,0.03912090022299065,2.16,5,true,false,candidate,001741
5,0.25,4,0.3,0.005,0.002786184463308029,0.002786184463308029,0.3,3,false,true,candidate,001742
5,0.25,4,0.3,0.01,0.002786184462906128,0.002786184462906128,0.3,3,false,true,candidate,001743
5,0.25,4,0.3,0.02,0.0027861844523510157,0.0027861844523510157,0.3,3,false,true,candidate,001744
5,0.25,4,0.5,0.005,0.008932365447544059,0.008932365447544059,0.5,3,false,true,candidate,001745
5,0.25,4,0.5,0.01,0.008932365445844751,0.008932365445844751,0.5,3,false,true,candidate,001746
5,0.25,4,0.5,0.02,0.008932365411758462,0.008932365411758462,0.5,3,false,true,candidate,001747
5,0.25,4,1.0,0.005,0.033775280171822866,0.033775280171822866,1.0,3,false,false,candidate,001748
5,0.25,4,1.0,0.01,0.033775280164552904,0.033775280164552904,1.0,3,false,false,candidate,001749
5,0.25,4,1.0,0.02,0.033775280033938496,0.033775280033938496,1.0,3,false,false,candidate,001750
5,0.25,4,3.0,0.005,0.06858721228570511,0.033579873104872995,1.98,4,true,false,candidate,001751
5,0.25,4,3.0,0.01,0.06858721227168899,0.03357987308547629,1.98,4,true,false,candidate,001752
5,0.25,4,3.0,0.02,0.06858721201685328,0.03357987272904496,1.98,4,true,false,candidate,001753
5,0.25,6,0.3,0.005,0.0003070233956232738,0.00010651660283544918,0.135,1,false,true,candidate,001754
5,0.25,6,0.3,0.01,0.00030664490127674254,0.00010651660482741133,0.13,1,false,true,candidate,001755
5,0.25,6,0.3,0.02,0.0003065922611356076,0.00010651662834726407,0.14,1,false,true,candidate,001756
5,0.25,6,0.5,0.005,0.0015271254441849849,0.0015271254441849849,0.5,1,false,true,candidate,001757
5,0.25,6,0.5,0.01,0.0015271254473078202,0.0015271254473078202,0.5,1,false,true,candidate,001758
5,0.25,6,0.5,0.02,0.0015271254835435013,0.0015271254835435013,0.5,1,false,true,candidate,001759
5,0.25,6,1.0,0.005,0.007500036917149734,0.007500036917149734,1.0,1,false,true,candidate,001760
5,0.25,6,1.0,0.01,0.007500036920463083,0.007500036920463083,1.0,1,false,true,candidate,001761
5,0.25,6,1.0,0.02,0.00750003694674073,0.00750003694674073,1.0,1,false,true,candidate,001762
5,0.25,6,3.0,0.005,0.06195652887333981,0.06195652887333981,3.0,4,true,false,candidate,001763
5,0.25,6,3.0,0.01,0.061956528925025574,0.061956528925025574,3.0,4,true,false,candidate,001764
5,0.25,6,3.0,0.02,0.06195652967057875,0.06195652967057875,3.0,4,true,false,candidate,001765
5,0.25,8,0.3,0.005,0.005029068289184702,0.005029068289184702,0.3,1,false,true,candidate,001766
5,0.25,8,0.3,0.01,0.005029068286688254,0.005029068286688254,0.3,1,false,true,candidate,001767
5,0.25,8,0.3,0.02,0.005029068064513975,0.005029068064513975,0.3,1,false,true,candidate,001768
5,0.25,8,0.5,0.005,0.01444556267570074,0.01444556267570074,0.5,1,false,true,candidate,001769
5,0.25,8,0.5,0.01,0.014445562658567335,0.014445562658567335,0.5,1,false,true,candidate,001770
5,0.25,8,0.5,0.02,0.014445562080597218,0.014445562080597218,0.5,1,false,true,candidate,001771
5,0.25,8,1.0,0.005,0.04145493999679406,0.04145493999679406,1.0,1,false,false,candidate,001772
5,0.25,8,1.0,0.01,0.041454939973411875,0.041454939973411875,1.0,1,false,false,candidate,001773
5,0.25,8,1.0,0.02,0.04145493898048591,0.04145493898048591,1.0,1,false,false,candidate,001774
5,0.25,8,3.0,0.005,0.07154239833468212,0.07154239833468212,3.0,3,false,false,candidate,001775
5,0.25,8,3.0,0.01,0.07154239803423046,0.07154239803423046,3.0,3,false,false,candidate,001776
5,0.25,8,3.0,0.02,0.07154239143706942,0.07154239143706942,3.0,3,false,false,candidate,001777
5,0.25,12,0.3,0.005,0.006566597048891731,0.006566597048891731,0.3,0,false,true,candidate,001778
5,0.25,12,0.3,0.01,0.006566596743750042,0.006566596743750042,0.3,0,false,true,candidate,001779
5,0.25,12,0.3,0.02,0.006566589957285984,0.006566589957285984,0.3,0,false,true,candidate,001780
5,0.25,12,0.5,0.005,0.013472142837892997,0.013472142837892997,0.5,1,false,true,candidate,001781
5,0.25,12,0.5,0.01,0.013472142368277096,0.013472142368277096,0.5,1,false,true,candidate,001782
5,0.25,12,0.5,0.02,0.013472131591337977,0.013472131591337977,0.5,1,false,true,candidate,001783
5,0.25,12,1.0,0.005,0.016363280500551136,0.009889428487300345,0.6950000000000001,2,false,true,candidate,001784
5,0.25,12,1.0,0.01,0.016361598446089864,0.009889427997755273,0.7000000000000001,2,false,true,candidate,001785
5,0.25,12,1.0,0.02,0.016361586134854278,0.00988941364118312,0.7000000000000001,2,false,true,candidate,001786
5,0.25,12,3.0,0.005,0.024319402634609855,0.024319402634609855,3.0,4,true,true,candidate,001787
5,0.25,12,3.0,0.01,0.024319402196400275,0.024319402196400275,3.0,4,true,true,candidate,001788
5,0.25,12,3.0,0.02,0.024319415230128705,0.024319415230128705,3.0,4,true,true,candidate,001789
5,0.25,16,0.3,0.005,0.0021294119092616364,0.0021294119092616364,0.3,1,false,true,candidate,001790
5,0.25,16,0.3,0.01,0.002129411923890823,0.002129411923890823,0.3,1,false,true,candidate,001791
5,0.25,16,0.3,0.02,0.0021294096552662016,0.0021294096552662016,0.3,1,false,true,candidate,001792
5,0.25,16,0.5,0.005,0.002163973303950906,0.000683559915649612,0.325,1,false,true,candidate,001793
5,0.25,16,0.5,0.01,0.0021633918699941472,0.0006835599515315761,0.33,1,false,true,candidate,001794
5,0.25,16,0.5,0.02,0.002162013632230009,0.0006835564545679685,0.32,1,false,true,candidate,001795
5,0.25,16,1.0,0.005,0.0057682058955665924,0.0057682058955665924,1.0,2,false,true,candidate,001796
5,0.25,16,1.0,0.01,0.005768204534845057,0.005768204534845057,1.0,2,false,true,candidate,001797
5,0.25,16,1.0,0.02,0.00576817482482861,0.00576817482482861,1.0,2,false,true,candidate,001798
5,0.25,16,3.0,0.005,0.049347813605946214,0.03912092157127645,2.16,4,true,false,candidate,001799
5,0.25,16,3.0,0.01,0.049347812706464836,0.03912092177591254,2.16,4,true,false,candidate,001800
5,0.25,16,3.0,0.02,0.0493477796591837,0.03912090022299065,2.16,4,true,false,candidate,001801
6,0.05,4,0.3,0.005,0.0020645240892249728,0.0020645240892249728,0.3,4,true,true,candidate,001802
6,0.05,4,0.3,0.01,0.002064524079946395,0.002064524079946395,0.3,4,true,true,candidate,001803
6,0.05,4,0.3,0.02,0.0020645239197156773,0.0020645239197156773,0.3,4,true,true,candidate,001804
6,0.05,4,0.5,0.005,0.006502364669548788,0.006502364669548788,0.5,4,true,true,candidate,001805
6,0.05,4,0.5,0.01,0.006502364652533954,0.006502364652533954,0.5,4,true,true,candidate,001806
6,0.05,4,0.5,0.02,0.00650236436016316,0.00650236436016316,0.5,4,true,true,candidate,001807
6,0.05,4,1.0,0.005,0.025243769941947436,0.025243769941947436,1.0,4,true,true,candidate,001808
6,0.05,4,1.0,0.01,0.025243769905827218,0.025243769905827218,1.0,4,true,true,candidate,001809
6,0.05,4,1.0,0.02,0.025243769283670003,0.025243769283670003,1.0,4,true,true,candidate,001810
6,0.05,4,3.0,0.005,0.07786397531302325,0.07786397531302325,3.0,4,true,false,candidate,001811
6,0.05,4,3.0,0.01,0.07786397529956679,0.07786397529956679,3.0,4,true,false,candidate,001812
6,0.05,4,3.0,0.02,0.07786397520359112,0.07786397520359112,3.0,4,true,false,candidate,001813
6,0.05,6,0.3,0.005,0.010419226023071217,0.010419226023071217,0.3,6,true,true,candidate,001814
6,0.05,6,0.3,0.01,0.010419226048544063,0.010419226048544063,0.3,6,true,true,candidate,001815
6,0.05,6,0.3,0.02,0.01041922657653094,0.01041922657653094,0.3,6,true,true,candidate,001816
6,0.05,6,0.5,0.005,0.020412727460914607,0.020412727460914607,0.5,6,true,true,candidate,001817
6,0.05,6,0.5,0.01,0.020412727506796572,0.020412727506796572,0.5,6,true,true,candidate,001818
6,0.05,6,0.5,0.02,0.02041272844031539,0.02041272844031539,0.5,6,true,true,candidate,001819
6,0.05,6,1.0,0.005,0.02779401328264775,0.0255853518385657,0.8150000000000001,6,true,true,candidate,001820
6,0.05,6,1.0,0.01,0.027792462130246113,0.0255853519777296,0.81,6,true,true,candidate,001821
6,0.05,6,1.0,0.02,0.027791899317303196,0.025585354609917958,0.8200000000000001,6,true,true,candidate,001822
6,0.05,6,3.0,0.005,0.04229801162044223,0.02951575830124054,2.275,6,true,false,candidate,001823
6,0.05,6,3.0,0.01,0.04229732567306333,0.029515757570757088,2.2800000000000002,6,true,false,candidate,001824
6,0.05,6,3.0,0.02,0.04229733143023141,0.02951574454738826,2.2800000000000002,6,true,false,candidate,001825
6,0.05,8,0.3,0.005,0.0015784880852773853,0.0015784880852773853,0.3,8,true,true,candidate,001826
6,0.05,8,0.3,0.01,0.0015784880851994476,0.0015784880851994476,0.3,8,true,true,candidate,001827
6,0.05,8,0.3,0.02,0.0015784879674520802,0.0015784879674520802,0.3,8,true,true,candidate,001828
6,0.05,8,0.5,0.005,0.0043069702586355785,0.0043069702586355785,0.5,8,true,true,candidate,001829
6,0.05,8,0.5,0.01,0.00430697025917115,0.00430697025917115,0.5,8,true,true,candidate,001830
6,0.05,8,0.5,0.02,0.004306970076837224,0.004306970076837224,0.5,8,true,true,candidate,001831
6,0.05,8,1.0,0.005,0.02697785292420929,0.02697785292420929,1.0,8,true,true,candidate,001832
6,0.05,8,1.0,0.01,0.026977852859110918,0.026977852859110918,1.0,8,true,true,candidate,001833
6,0.05,8,1.0,0.02,0.026977851443441336,0.026977851443441336,1.0,8,true,true,candidate,001834
6,0.05,8,3.0,0.005,0.14760507954951874,0.14721742732246046,2.915,8,true,false,candidate,001835
6,0.05,8,3.0,0.01,0.147604843801854,0.1472174271964901,2.91,8,true,false,candidate,001836
6,0.05,8,3.0,0.02,0.1476028046763811,0.14721742377421987,2.92,8,true,false,candidate,001837
6,0.05,12,0.3,0.005,0.0031355427741154296,0.0031355427741154296,0.3,12,true,true,candidate,001838
6,0.05,12,0.3,0.01,0.0031355429385202527,0.0031355429385202527,0.3,12,true,true,candidate,001839
6,0.05,12,0.3,0.02,0.00313554763220536,0.00313554763220536,0.3,12,true,true,candidate,001840
6,0.05,12,0.5,0.005,0.008849994612930123,0.008849994612930123,0.5,12,true,true,candidate,001841
6,0.05,12,0.5,0.01,0.008849994834248642,0.008849994834248642,0.5,12,true,true,candidate,001842
6,0.05,12,0.5,0.02,0.008850001820327247,0.008850001820327247,0.5,12,true,true,candidate,001843
6,0.05,12,1.0,0.005,0.025829167776897588,0.025829167776897588,1.0,12,true,true,candidate,001844
6,0.05,12,1.0,0.01,0.025829168193517327,0.025829168193517327,1.0,12,true,true,candidate,001845
6,0.05,12,1.0,0.02,0.025829181673843293,0.025829181673843293,1.0,12,true,true,candidate,001846
6,0.05,12,3.0,0.005,0.03234925300521008,0.002701794992250539,2.265,12,true,false,candidate,001847
6,0.05,12,3.0,0.01,0.03234813422293836,0.002701797176246301,2.2600000000000002,12,true,false,candidate,001848
6,0.05,12,3.0,0.02,0.03234814545633835,0.0027018515219709993,2.2600000000000002,12,true,false,candidate,001849
6,0.05,16,0.3,0.005,0.0062172400559554735,0.0062172400559554735,0.3,16,true,true,candidate,001850
6,0.05,16,0.3,0.01,0.0062172403442233275,0.0062172403442233275,0.3,16,true,true,candidate,001851
6,0.05,16,0.3,0.02,0.006217247280946079,0.006217247280946079,0.3,16,true,true,candidate,001852
6,0.05,16,0.5,0.005,0.010089632395385182,0.010089632395385182,0.5,16,true,true,candidate,001853
6,0.05,16,0.5,0.01,0.010089632906052247,0.010089632906052247,0.5,16,true,true,candidate,001854
6,0.05,16,0.5,0.02,0.0100896449672887,0.0100896449672887,0.5,16,true,true,candidate,001855
6,0.05,16,1.0,0.005,0.019775938175733417,0.019775938175733417,1.0,16,true,true,candidate,001856
6,0.05,16,1.0,0.01,0.019775936938383417,0.019775936938383417,1.0,16,true,true,candidate,001857
6,0.05,16,1.0,0.02,0.01977590906620774,0.01977590906620774,1.0,16,true,true,candidate,001858
6,0.05,16,3.0,0.005,0.0483644159248524,0.04698922440011509,1.435,16,true,false,candidate,001859
6,0.05,16,3.0,0.01,0.04836122287679888,0.046989225102542095,1.44,16,true,false,candidate,001860
6,0.05,16,3.0,0.02,0.04836119634043999,0.046989212250265075,1.44,16,true,false,candidate,001861
6,0.1,4,0.3,0.005,0.0020645240892249728,0.0020645240892249728,0.3,4,true,true,candidate,001862
6,0.1,4,0.3,0.01,0.002064524079946395,0.002064524079946395,0.3,4,true,true,candidate,001863
6,0.1,4,0.3,0.02,0.0020645239197156773,0.0020645239197156773,0.3,4,true,true,candidate,001864
6,0.1,4,0.5,0.005,0.006502364669548788,0.006502364669548788,0.5,4,true,true,candidate,001865
6,0.1,4,0.5,0.01,0.006502364652533954,0.006502364652533954,0.5,4,true,true,candidate,001866
6,0.1,4,0.5,0.02,0.00650236436016316,0.00650236436016316,0.5,4,true,true,candidate,001867
6,0.1,4,1.0,0.005,0.025243769941947436,0.025243769941947436,1.0,4,true,true,candidate,001868
6,0.1,4,1.0,0.01,0.025243769905827218,0.025243769905827218,1.0,4,true,true,candidate,001869
6,0.1,4,1.0,0.02,0.025243769283670003,0.025243769283670003,1.0,4,true,true,candidate,001870
6,0.1,4,3.0,0.005,0.07786397531302325,0.07786397531302325,3.0,4,true,false,candidate,001871
6,0.1,4,3.0,0.01,0.07786397529956679,0.07786397529956679,3.0,4,true,false,candidate,001872
6,0.1,4,3.0,0.02,0.07786397520359112,0.07786397520359112,3.0,4,true,false,candidate,001873
6,0.1,6,0.3,0.005,0.010419226023071217,0.010419226023071217,0.3,6,true,true,candidate,001874
6,0.1,6,0.3,0.01,0.010419226048544063,0.010419226048544063,0.3,6,true,true,candidate,001875
6,0.1,6,0.3,0.02,0.01041922657653094,0.01041922657653094,0.3,6,true,true,candidate,001876
6,0.1,6,0.5,0.005,0.020412727460914607,0.020412727460914607,0.5,6,true,true,candidate,001877
6,0.1,6,0.5,0.01,0.020412727506796572,0.020412727506796572,0.5,6,true,true,candidate,001878
6,0.1,6,0.5,0.02,0.02041272844031539,0.02041272844031539,0.5,6,true,true,candidate,001879
6,0.1,6,1.0,0.005,0.02779401328264775,0.0255853518385657,0.8150000000000001,6,true,true,candidate,001880
6,0.1,6,1.0,0.01,0.027792462130246113,0.0255853519777296,0.81,6,true,true,candidate,001881
6,0.1,6,1.0,0.02,0.027791899317303196,0.025585354609917958,0.8200000000000001,6,true,true,candidate,001882
6,0.1,6,3.0,0.005,0.04229801162044223,0.02951575830124054,2.275,6,true,false,candidate,001883
6,0.1,6,3.0,0.01,0.04229732567306333,0.029515757570757088,2.2800000000000002,6,true,false,candidate,001884
6,0.1,6,3.0,0.02,0.04229733143023141,0.02951574454738826,2.2800000000000002,6,true,false,candidate,001885
6,0.1,8,0.3,0.005,0.0015784880852773853,0.0015784880852773853,0.3,8,true,true,candidate,001886
6,0.1,8,0.3,0.01,0.0015784880851994476,0.0015784880851994476,0.3,8,true,true,candidate,001887
6,0.1,8,0.3,0.02,0.0015784879674520802,0.0015784879674520802,0.3,8,true,true,candidate,001888
6,0.1,8,0.5,0.005,0.0043069702586355785,0.0043069702586355785,0.5,8,true,true,candidate,001889
6,0.1,8,0.5,0.01,0.00430697025917115,0.00430697025917115,0.5,8,true,true,candidate,001890
6,0.1,8,0.5,0.02,0.004306970076837224,0.004306970076837224,0.5,8,true,true,candidate,001891
6,0.1,8,1.0,0.005,0.02697785292420929,0.02697785292420929,1.0,8,true,true,candidate,001892
6,0.1,8,1.0,0.01,0.026977852859110918,0.026977852859110918,1.0,8,true,true,candidate,001893
6,0.1,8,1.0,0.02,0.026977851443441336,0.026977851443441336,1.0,8,true,true,candidate,001894
6,0.1,8,3.0,0.005,0.14760507954951874,0.14721742732246046,2.915,8,true,false,candidate,001895
6,0.1,8,3.0,0.01,0.147604843801854,0.1472174271964901,2.91,8,true,false,candidate,001896
6,0.1,8,3.0,0.02,0.1476028046763811,0.14721742377421987,2.92,8,true,false,candidate,001897
6,0.1,12,0.3,0.005,0.0031355427741154296,0.0031355427741154296,0.3,4,true,true,candidate,001898
6,0.1,12,0.3,0.01,0.0031355429385202527,0.0031355429385202527,0.3,4,true,true,candidate,001899
6,0.1,12,0.3,0.02,0.00313554763220536,0.00313554763220536,0.3,4,true,true,candidate,001900
6,0.1,12,0.5,0.005,0.008849994612930123,0.008849994612930123,0.5,5,true,true,candidate,001901
6,0.1,12,0.5,0.01,0.008849994834248642,0.008849994834248642,0.5,5,true,true,candidate,001902
6,0.1,12,0.5,0.02,0.008850001820327247,0.008850001820327247,0.5,5,true,true,candidate,001903
6,0.1,12,1.0,0.005,0.025829167776897588,0.025829167776897588,1.0,7,true,true,candidate,001904
6,0.1,12,1.0,0.01,0.025829168193517327,0.025829168193517327,1.0,7,true,true,candidate,001905
6,0.1,12,1.0,0.02,0.025829181673843293,0.025829181673843293,1.0,7,true,true,candidate,001906
6,0.1,12,3.0,0.005,0.03234925300521008,0.002701794992250539,2.265,11,true,false,candidate,001907
6,0.1,12,3.0,0.01,0.03234813422293836,0.002701797176246301,2.2600000000000002,11,true,false,candidate,001908
6,0.1,12,3.0,0.02,0.03234814545633835,0.0027018515219709993,2.2600000000000002,11,true,false,candidate,001909
6,0.1,16,0.3,0.005,0.0062172400559554735,0.0062172400559554735,0.3,5,true,true,candidate,001910
6,0.1,16,0.3,0.01,0.0062172403442233275,0.0062172403442233275,0.3,5,true,true,candidate,001911
6,0.1,16,0.3,0.02,0.006217247280946079,0.006217247280946079,0.3,5,true,true,candidate,001912
6,0.1,16,0.5,0.005,0.010089632395385182,0.010089632395385182,0.5,5,true,true,candidate,001913
6,0.1,16,0.5,0.01,0.010089632906052247,0.010089632906052247,0.5,5,true,true,candidate,001914
6,0.1,16,0.5,0.02,0.0100896449672887,0.0100896449672887,0.5,5,true,true,candidate,001915
6,0.1,16,1.0,0.005,0.019775938175733417,0.019775938175733417,1.0,7,true,true,candidate,001916
6,0.1,16,1.0,0.01,0.019775936938383417,0.019775936938383417,1.0,7,true,true,candidate,001917
6,0.1,16,1.0,0.02,0.01977590906620774,0.01977590906620774,1.0,7,true,true,candidate,001918
6,0.1,16,3.0,0.005,0.0483644159248524,0.04698922440011509,1.435,14,true,false,candidate,001919
6,0.1,16,3.0,0.01,0.04836122287679888,0.046989225102542095,1.44,14,true,false,candidate,001920
6,0.1,16,3.0,0.02,0.04836119634043999,0.046989212250265075,1.44,14,true,false,candidate,001921
6,0.15,4,0.3,0.005,0.0020645240892249728,0.0020645240892249728,0.3,4,true,true,candidate,001922
6,0.15,4,0.3,0.01,0.002064524079946395,0.002064524079946395,0.3,4,true,true,candidate,001923
6,0.15,4,0.3,0.02,0.0020645239197156773,0.0020645239197156773,0.3,4,true,true,candidate,001924
6,0.15,4,0.5,0.005,0.006502364669548788,0.006502364669548788,0.5,4,true,true,candidate,001925
6,0.15,4,0.5,0.01,0.006502364652533954,0.006502364652533954,0.5,4,true,true,candidate,001926
6,0.15,4,0.5,0.02,0.00650236436016316,0.00650236436016316,0.5,4,true,true,candidate,001927
6,0.15,4,1.0,0.005,0.025243769941947436,0.025243769941947436,1.0,4,true,true,candidate,001928
6,0.15,4,1.0,0.01,0.025243769905827218,0.025243769905827218,1.0,4,true,true,candidate,001929
6,0.15,4,1.0,0.02,0.025243769283670003,0.025243769283670003,1.0,4,true,true,candidate,001930
6,0.15,4,3.0,0.005,0.07786397531302325,0.07786397531302325,3.0,4,true,false,candidate,001931
6,0.15,4,3.0,0.01,0.07786397529956679,0.07786397529956679,3.0,4,true,false,candidate,001932
6,0.15,4,3.0,0.02,0.07786397520359112,0.07786397520359112,3.0,4,true,false,candidate,001933
6,0.15,6,0.3,0.005,0.010419226023071217,0.010419226023071217,0.3,5,true,true,candidate,001934
6,0.15,6,0.3,0.01,0.010419226048544063,0.010419226048544063,0.3,5,true,true,candidate,001935
6,0.15,6,0.3,0.02,0.01041922657653094,0.01041922657653094,0.3,5,true,true,candidate,001936
6,0.15,6,0.5,0.005,0.020412727460914607,0.020412727460914607,0.5,5,true,true,candidate,001937
6,0.15,6,0.5,0.01,0.020412727506796572,0.020412727506796572,0.5,5,true,true,candidate,001938
6,0.15,6,0.5,0.02,0.02041272844031539,0.02041272844031539,0.5,5,true,true,candidate,001939
6,0.15,6,1.0,0.005,0.02779401328264775,0.0255853518385657,0.8150000000000001,6,true,true,candidate,001940
6,0.15,6,1.0,0.01,0.027792462130246113,0.0255853519777296,0.81,6,true,true,candidate,001941
6,0.15,6,1.0,0.02,0.027791899317303196,0.025585354609917958,0.8200000000000001,6,true,true,candidate,001942
6,0.15,6,3.0,0.005,0.04229801162044223,0.02951575830124054,2.275,6,true,false,candidate,001943
6,0.15,6,3.0,0.01,0.04229732567306333,0.029515757570757088,2.2800000000000002,6,true,false,candidate,001944
6,0.15,6,3.0,0.02,0.04229733143023141,0.02951574454738826,2.2800000000000002,6,true,false,candidate,001945
6,0.15,8,0.3,0.005,0.0015784880852773853,0.0015784880852773853,0.3,3,false,true,candidate,001946
6,0.15,8,0.3,0.01,0.0015784880851994476,0.0015784880851994476,0.3,3,false,true,candidate,001947
6,0.15,8,0.3,0.02,0.0015784879674520802,0.0015784879674520802,0.3,3,false,true,candidate,001948
6,0.15,8,0.5,0.005,0.0043069702586355785,0.0043069702586355785,0.5,3,false,true,candidate,001949
6,0.15,8,0.5,0.01,0.00430697025917115,0.00430697025917115,0.5,3,false,true,candidate,001950
6,0.15,8,0.5,0.02,0.004306970076837224,0.004306970076837224,0.5,3,false,true,candidate,001951
6,0.15,8,1.0,0.005,0.02697785292420929,0.02697785292420929,1.0,3,false,true,candidate,001952
6,0.15,8,1.0,0.01,0.026977852859110918,0.026977852859110918,1.0,3,false,true,candidate,001953
6,0.15,8,1.0,0.02,0.026977851443441336,0.026977851443441336,1.0,3,false,true,candidate,001954
6,0.15,8,3.0,0.005,0.14760507954951874,0.14721742732246046,2.915,6,true,false,candidate,001955
6,0.15,8,3.0,0.01,0.147604843801854,0.1472174271964901,2.91,6,true,false,candidate,001956
6,0.15,8,3.0,0.02,0.1476028046763811,0.14721742377421987,2.92,6,true,false,candidate,001957
6,0.15,12,0.3,0.005,0.0031355427741154296,0.0031355427741154296,0.3,4,true,true,candidate,001958
6,0.15,12,0.3,0.01,0.0031355429385202527,0.0031355429385202527,0.3,4,true,true,candidate,001959
6,0.15,12,0.3,0.02,0.00313554763220536,0.00313554763220536,0.3,4,true,true,candidate,001960
6,0.15,12,0.5,0.005,0.008849994612930123,0.008849994612930123,0.5,4,true,true,candidate,001961
6,0.15,12,0.5,0.01,0.008849994834248642,0.008849994834248642,0.5,4,true,true,candidate,001962
6,0.15,12,0.5,0.02,0.008850001820327247,0.008850001820327247,0.5,4,true,true,candidate,001963
6,0.15,12,1.0,0.005,0.025829167776897588,0.025829167776897588,1.0,7,true,true,candidate,001964
6,0.15,12,1.0,0.01,0.025829168193517327,0.025829168193517327,1.0,7,true,true,candidate,001965
6,0.15,12,1.0,0.02,0.025829181673843293,0.025829181673843293,1.0,7,true,true,candidate,001966
6,0.15,12,3.0,0.005,0.03234925300521008,0.002701794992250539,2.265,10,true,false,candidate,001967
6,0.15,12,3.0,0.01,0.03234813422293836,0.002701797176246301,2.2600000000000002,10,true,false,candidate,001968
6,0.15,12,3.0,0.02,0.03234814545633835,0.0027018515219709993,2.2600000000000002,10,true,false,candidate,001969
6,0.15,16,0.3,0.005,0.0062172400559554735,0.0062172400559554735,0.3,0,false,true,candidate,001970
6,0.15,16,0.3,0.01,0.0062172403442233275,0.0062172403442233275,0.3,0,false,true,candidate,001971
6,0.15,16,0.3,0.02,0.006217247280946079,0.006217247280946079,0.3,0,false,true,candidate,001972
6,0.15,16,0.5,0.005,0.010089632395385182,0.010089632395385182,0.5,1,false,true,candidate,001973
6,0.15,16,0.5,0.01,0.010089632906052247,0.010089632906052247,0.5,1,false,true,candidate,001974
6,0.15,16,0.5,0.02,0.0100896449672887,0.0100896449672887,0.5,1,false,true,candidate,001975
6,0.15,16,1.0,0.005,0.019775938175733417,0.019775938175733417,1.0,3,false,true,candidate,001976
6,0.15,16,1.0,0.01,0.019775936938383417,0.019775936938383417,1.0,3,false,true,candidate,001977
6,0.15,16,1.0,0.02,0.01977590906620774,0.01977590906620774,1.0,3,false,true,candidate,001978
6,0.15,16,3.0,0.005,0.0483644159248524,0.04698922440011509,1.435,10,true,false,candidate,001979
6,0.15,16,3.0,0.01,0.04836122287679888,0.046989225102542095,1.44,10,true,false,candidate,001980
6,0.15,16,3.0,0.02,0.04836119634043999,0.046989212250265075,1.44,10,true,false,candidate,001981
6,0.2,4,0.3,0.005,0.0020645240892249728,0.0020645240892249728,0.3,4,true,true,candidate,001982
6,0.2,4,0.3,0.01,0.002064524079946395,0.002064524079946395,0.3,4,true,true,candidate,001983
6,0.2,4,0.3,0.02,0.0020645239197156773,0.0020645239197156773,0.3,4,true,true,candidate,001984
6,0.2,4,0.5,0.005,0.006502364669548788,0.006502364669548788,0.5,4,true,true,candidate,001985
6,0.2,4,0.5,0.01,0.006502364652533954,0.006502364652533954,0.5,4,true,true,candidate,001986
6,0.2,4,0.5,0.02,0.00650236436016316,0.00650236436016316,0.5,4,true,true,candidate,001987
6,0.2,4,1.0,0.005,0.025243769941947436,0.025243769941947436,1.0,4,true,true,candidate,001988
6,0.2,4,1.0,0.01,0.025243769905827218,0.025243769905827218,1.0,4,true,true,candidate,001989
6,0.2,4,1.0,0.02,0.025243769283670003,0.025243769283670003,1.0,4,true,true,candidate,001990
6,0.2,4,3.0,0.005,0.07786397531302325,0.07786397531302325,3.0,4,true,false,candidate,001991
6,0.2,4,3.0,0.01,0.07786397529956679,0.07786397529956679,3.0,4,true,false,candidate,001992
6,0.2,4,3.0,0.02,0.07786397520359112,0.07786397520359112,3.0,4,true,false,candidate,001993
6,0.2,6,0.3,0.005,0.010419226023071217,0.010419226023071217,0.3,2,false,true,candidate,001994
6,0.2,6,0.3,0.01,0.010419226048544063,0.010419226048544063,0.3,2,false,true,candidate,001995
6,0.2,6,0.3,0.02,0.01041922657653094,0.01041922657653094,0.3,2,false,true,candidate,001996
6,0.2,6,0.5,0.005,0.020412727460914607,0.020412727460914607,0.5,2,false,true,candidate,001997
6,0.2,6,0.5,0.01,0.020412727506796572,0.020412727506796572,0.5,2,false,true,candidate,001998
6,0.2,6,0.5,0.02,0.02041272844031539,0.02041272844031539,0.5,2,false,true,candidate,001999
6,0.2,6,1.0,0.005,0.02779401328264775,0.0255853518385657,0.8150000000000001,3,false,true,candidate,002000
6,0.2,6,1.0,0.01,0.027792462130246113,0.0255853519777296,0.81,3,false,true,candidate,002001
6,0.2,6,1.0,0.02,0.027791899317303196,0.025585354609917958,0.8200000000000001,3,false,true,candidate,002002
6,0.2,6,3.0,0.005,0.04229801162044223,0.02951575830124054,2.275,4,true,false,candidate,002003
6,0.2,6,3.0,0.01,0.04229732567306333,0.029515757570757088,2.2800000000000002,4,true,false,candidate,002004
6,0.2,6,3.0,0.02,0.04229733143023141,0.02951574454738826,2.2800000000000002,4,true,false,candidate,002005
6,0.2,8,0.3,0.005,0.0015784880852773853,0.0015784880852773853,0.3,2,false,true,candidate,002006
6,0.2,8,0.3,0.01,0.0015784880851994476,0.0015784880851994476,0.3,2,false,true,candidate,002007
6,0.2,8,0.3,0.02,0.0015784879674520802,0.0015784879674520802,0.3,2,false,true,candidate,002008
6,0.2,8,0.5,0.005,0.0043069702586355785,0.0043069702586355785,0.5,2,false,true,candidate,002009
6,0.2,8,0.5,0.01,0.00430697025917115,0.00430697025917115,0.5,2,false,true,candidate,002010
6,0.2,8,0.5,0.02,0.004306970076837224,0.004306970076837224,0.5,2,false,true,candidate,002011
6,0.2,8,1.0,0.005,0.02697785292420929,0.02697785292420929,1.0,2,false,true,candidate,002012
6,0.2,8,1.0,0.01,0.026977852859110918,0.026977852859110918,1.0,2,false,true,candidate,002013
6,0.2,8,1.0,0.02,0.026977851443441336,0.026977851443441336,1.0,2,false,true,candidate,002014
6,0.2,8,3.0,0.005,0.14760507954951874,0.14721742732246046,2.915,5,true,false,candidate,002015
6,0.2,8,3.0,0.01,0.147604843801854,0.1472174271964901,2.91,5,true,false,candidate,002016
6,0.2,8,3.0,0.02,0.1476028046763811,0.14721742377421987,2.92,5,true,false,candidate,002017
6,0.2,12,0.3,0.005,0.0031355427741154296,0.0031355427741154296,0.3,1,false,true,candidate,002018
6,0.2,12,0.3,0.01,0.0031355429385202527,0.0031355429385202527,0.3,1,false,true,candidate,002019
6,0.2,12,0.3,0.02,0.00313554763220536,0.00313554763220536,0.3,1,false,true,candidate,002020
6,0.2,12,0.5,0.005,0.008849994612930123,0.008849994612930123,0.5,2,false,true,candidate,002021
6,0.2,12,0.5,0.01,0.008849994834248642,0.008849994834248642,0.5,2,false,true,candidate,002022
6,0.2,12,0.5,0.02,0.008850001820327247,0.008850001820327247,0.5,2,false,true,candidate,002023
6,0.2,12,1.0,0.005,0.025829167776897588,0.025829167776897588,1.0,3,false,true,candidate,002024
6,0.2,12,1.0,0.01,0.025829168193517327,0.025829168193517327,1.0,3,false,true,candidate,002025
6,0.2,12,1.0,0.02,0.025829181673843293,0.025829181673843293,1.0,3,false,true,candidate,002026
6,0.2,12,3.0,0.005,0.03234925300521008,0.002701794992250539,2.265,6,true,false,candidate,002027
6,0.2,12,3.0,0.01,0.03234813422293836,0.002701797176246301,2.2600000000000002,6,true,false,candidate,002028
6,0.2,12,3.0,0.02,0.03234814545633835,0.0027018515219709993,2.2600000000000002,6,true,false,candidate,002029
6,0.2,16,0.3,0.005,0.0062172400559554735,0.0062172400559554735,0.3,0,false,true,candidate,002030
6,0.2,16,0.3,0.01,0.0062172403442233275,0.0062172403442233275,0.3,0,false,true,candidate,002031
6,0.2,16,0.3,0.02,0.006217247280946079,0.006217247280946079,0.3,0,false,true,candidate,002032
6,0.2,16,0.5,0.005,0.010089632395385182,0.010089632395385182,0.5,0,false,true,candidate,002033
6,0.2,16,0.5,0.01,0.010089632906052247,0.010089632906052247,0.5,0,false,true,candidate,002034
6,0.2,16,0.5,0.02,0.0100896449672887,0.0100896449672887,0.5,0,false,true,candidate,002035
6,0.2,16,1.0,0.005,0.019775938175733417,0.019775938175733417,1.0,1,false,true,candidate,002036
6,0.2,16,1.0,0.01,0.019775936938383417,0.019775936938383417,1.0,1,false,true,candidate,002037
6,0.2,16,1.0,0.02,0.01977590906620774,0.01977590906620774,1.0,1,false,true,candidate,002038
6,0.2,16,3.0,0.005,0.0483644159248524,0.04698922440011509,1.435,5,true,false,candidate,002039
6,0.2,16,3.0,0.01,0.04836122287679888,0.046989225102542095,1.44,5,true,false,candidate,002040
6,0.2,16,3.0,0.02,0.04836119634043999,0.046989212250265075,1.44,5,true,false,candidate,002041
6,0.25,4,0.3,0.005,0.0020645240892249728,0.0020645240892249728,0.3,2,false,true,candidate,002042
6,0.25,4,0.3,0.01,0.002064524079946395,0.002064524079946395,0.3,2,false,true,candidate,002043
6,0.25,4,0.3,0.02,0.0020645239197156773,0.0020645239197156773,0.3,2,false,true,candidate,002044
6,0.25,4,0.5,0.005,0.006502364669548788,0.006502364669548788,0.5,2,false,true,candidate,002045
6,0.25,4,0.5,0.01,0.006502364652533954,0.006502364652533954,0.5,2,false,true,candidate,002046
6,0.25,4,0.5,0.02,0.00650236436016316,0.00650236436016316,0.5,2,false,true,candidate,002047
6,0.25,4,1.0,0.005,0.025243769941947436,0.025243769941947436,1.0,2,false,true,candidate,002048
6,0.25,4,1.0,0.01,0.025243769905827218,0.025243769905827218,1.0,2,false,true,candidate,002049
6,0.25,4,1.0,0.02,0.025243769283670003,0.025243769283670003,1.0,2,false,true,candidate,002050
6,0.25,4,3.0,0.005,0.07786397531302325,0.07786397531302325,3.0,3,false,false,candidate,002051
6,0.25,4,3.0,0.01,0.07786397529956679,0.07786397529956679,3.0,3,false,false,candidate,002052
6,0.25,4,3.0,0.02,0.07786397520359112,0.07786397520359112,3.0,3,false,false,candidate,002053
6,0.25,6,0.3,0.005,0.010419226023071217,0.010419226023071217,0.3,2,false,true,candidate,002054
6,0.25,6,0.3,0.01,0.010419226048544063,0.010419226048544063,0.3,2,false,true,candidate,002055
6,0.25,6,0.3,0.02,0.01041922657653094,0.01041922657653094,0.3,2,false,true,candidate,002056
6,0.25,6,0.5,0.005,0.020412727460914607,0.020412727460914607,0.5,2,false,true,candidate,002057
6,0.25,6,0.5,0.01,0.020412727506796572,0.020412727506796572,0.5,2,false,true,candidate,002058
6,0.25,6,0.5,0.02,0.02041272844031539,0.02041272844031539,0.5,2,false,true,candidate,002059
6,0.25,6,1.0,0.005,0.02779401328264775,0.0255853518385657,0.8150000000000001,3,false,true,candidate,002060
6,0.25,6,1.0,0.01,0.027792462130246113,0.0255853519777296,0.81,3,false,true,candidate,002061
6,0.25,6,1.0,0.02,0.027791899317303196,0.025585354609917958,0.8200000000000001,3,false,true,candidate,002062
6,0.25,6,3.0,0.005,0.04229801162044223,0.02951575830124054,2.275,4,true,false,candidate,002063
6,0.25,6,3.0,0.01,0.04229732567306333,0.029515757570757088,2.2800000000000002,4,true,false,candidate,002064
6,0.25,6,3.0,0.02,0.04229733143023141,0.02951574454738826,2.2800000000000002,4,true,false,candidate,002065
6,0.25,8,0.3,0.005,0.0015784880852773853,0.0015784880852773853,0.3,1,false,true,candidate,002066
6,0.25,8,0.3,0.01,0.0015784880851994476,0.0015784880851994476,0.3,1,false,true,candidate,002067
6,0.25,8,0.3,0.02,0.0015784879674520802,0.0015784879674520802,0.3,1,false,true,candidate,002068
6,0.25,8,0.5,0.005,0.0043069702586355785,0.0043069702586355785,0.5,2,false,true,candidate,002069
6,0.25,8,0.5,0.01,0.00430697025917115,0.00430697025917115,0.5,2,false,true,candidate,002070
6,0.25,8,0.5,0.02,0.004306970076837224,0.004306970076837224,0.5,2,false,true,candidate,002071
6,0.25,8,1.0,0.005,0.02697785292420929,0.02697785292420929,1.0,2,false,true,candidate,002072
6,0.25,8,1.0,0.01,0.026977852859110918,0.026977852859110918,1.0,2,false,true,candidate,002073
6,0.25,8,1.0,0.02,0.026977851443441336,0.026977851443441336,1.0,2,false,true,candidate,002074
6,0.25,8,3.0,0.005,0.14760507954951874,0.14721742732246046,2.915,4,true,false,candidate,002075
6,0.25,8,3.0,0.01,0.147604843801854,0.1472174271964901,2.91,4,true,false,candidate,002076
6,0.25,8,3.0,0.02,0.1476028046763811,0.14721742377421987,2.92,4,true,false,candidate,002077
6,0.25,12,0.3,0.005,0.0031355427741154296,0.0031355427741154296,0.3,0,false,true,candidate,002078
6,0.25,12,0.3,0.01,0.0031355429385202527,0.0031355429385202527,0.3,0,false,true,candidate,002079
6,0.25,12,0.3,0.02,0.00313554763220536,0.00313554763220536,0.3,0,false,true,candidate,002080
6,0.25,12,0.5,0.005,0.008849994612930123,0.008849994612930123,0.5,1,false,true,candidate,002081
6,0.25,12,0.5,0.01,0.008849994834248642,0.008849994834248642,0.5,1,false,true,candidate,002082
6,0.25,12,0.5,0.02,0.008850001820327247,0.008850001820327247,0.5,1,false,true,candidate,002083
6,0.25,12,1.0,0.005,0.025829167776897588,0.025829167776897588,1.0,3,false,true,candidate,002084
6,0.25,12,1.0,0.01,0.025829168193517327,0.025829168193517327,1.0,3,false,true,candidate,002085
6,0.25,12,1.0,0.02,0.025829181673843293,0.025829181673843293,1.0,3,false,true,candidate,002086
6,0.25,12,3.0,0.005,0.03234925300521008,0.002701794992250539,2.265,4,true,false,candidate,002087
6,0.25,12,3.0,0.01,0.03234813422293836,0.002701797176246301,2.2600000000000002,4,true,false,candidate,002088
6,0.25,12,3.0,0.02,0.03234814545633835,0.0027018515219709993,2.2600000000000002,4,true,false,candidate,002089
6,0.25,16,0.3,0.005,0.0062172400559554735,0.0062172400559554735,0.3,0,false,true,candidate,002090
6,0.25,16,0.3,0.01,0.0062172403442233275,0.0062172403442233275,0.3,0,false,true,candidate,002091
6,0.25,16,0.3,0.02,0.006217247280946079,0.006217247280946079,0.3,0,false,true,candidate,002092
6,0.25,16,0.5,0.005,0.010089632395385182,0.010089632395385182,0.5,0,false,true,candidate,002093
6,0.25,16,0.5,0.01,0.010089632906052247,0.010089632906052247,0.5,0,false,true,candidate,002094
6,0.25,16,0.5,0.02,0.0100896449672887,0.0100896449672887,0.5,0,false,true,candidate,002095
6,0.25,16,1.0,0.005,0.019775938175733417,0.019775938175733417,1.0,1,false,true,candidate,002096
6,0.25,16,1.0,0.01,0.019775936938383417,0.019775936938383417,1.0,1,false,true,candidate,002097
6,0.25,16,1.0,0.02,0.01977590906620774,0.01977590906620774,1.0,1,false,true,candidate,002098
6,0.25,16,3.0,0.005,0.0483644159248524,0.04698922440011509,1.435,5,true,false,candidate,002099
6,0.25,16,3.0,0.01,0.04836122287679888,0.046989225102542095,1.44,5,true,false,candidate,002100
6,0.25,16,3.0,0.02,0.04836119634043999,0.046989212250265075,1.44,5,true,false,candidate,002101
7,0.05,4,0.3,0.005,0.007804166193533746,0.007804166193533746,0.3,4,true,true,candidate,002102
7,0.05,4,0.3,0.01,0.00780416618387747,0.00780416618387747,0.3,4,true,true,candidate,002103
7,0.05,4,0.3,0.02,0.007804165984130806,0.007804165984130806,0.3,4,true,true,candidate,002104
7,0.05,4,0.5,0.005,0.02087528927278881,0.02087528927278881,0.5,4,true,true,candidate,002105
7,0.05,4,0.5,0.01,0.020875289248754925,0.020875289248754925,0.5,4,true,true,candidate,002106
7,0.05,4,0.5,0.02,0.020875288788174906,0.020875288788174906,0.5,4,true,true,candidate,002107
7,0.05,4,1.0,0.005,0.07582307778561526,0.07582307778561526,1.0,4,true,false,candidate,002108
7,0.05,4,1.0,0.01,0.07582307771815766,0.07582307771815766,1.0,4,true,false,candidate,002109
7,0.05,4,1.0,0.02,0.07582307647721787,0.07582307647721787,1.0,4,true,false,candidate,002110
7,0.05,4,3.0,0.005,0.12666786306737654,0.07813753044851235,1.715,4,true,false,candidate,002111
7,0.05,4,3.0,0.01,0.12666737503594105,0.07813753043397575,1.72,4,true,false,candidate,002112
7,0.05,4,3.0,0.02,0.12666737440783282,0.07813752972228016,1.72,4,true,false,candidate,002113
7,0.05,6,0.3,0.005,0.0009349498953938885,0.0009349498953938885,0.3,6,true,true,candidate,002114
7,0.05,6,0.3,0.01,0.0009349499159301279,0.0009349499159301279,0.3,6,true,true,candidate,002115
7,0.05,6,0.3,0.02,0.000934950281676561,0.000934950281676561,0.3,6,true,true,candidate,002116
7,0.05,6,0.5,0.005,0.0016951043629477305,0.0016951043629477305,0.5,6,true,true,candidate,002117
7,0.05,6,0.5,0.01,0.0016951044009542173,0.0016951044009542173,0.5,6,true,true,candidate,002118
7,0.05,6,0.5,0.02,0.0016951050728252206,0.0016951050728252206,0.5,6,true,true,candidate,002119
7,0.05,6,1.0,0.005,0.0027976990007302365,0.0027976990007302365,1.0,6,true,true,candidate,002120
7,0.05,6,1.0,0.01,0.0027976990774963855,0.0027976990774963855,1.0,6,true,true,candidate,002121
7,0.05,6,1.0,0.02,0.0027977004447082847,0.0027977004447082847,1.0,6,true,true,candidate,002122
7,0.05,6,3.0,0.005,0.015309879254420957,0.001955030386642132,2.515,6,true,true,candidate,002123
7,0.05,6,3.0,0.01,0.015309121785677672,0.0019550307054435616,2.52,6,true,true,candidate,002124
7,0.05,6,3.0,0.02,0.015309122853869652,0.0019550353791003565,2.52,6,true,true,candidate,002125
7,0.05,8,0.3,0.005,0.0007197242415957206,0.0007197242415957206,0.3,8,true,true,candidate,002126
7,0.05,8,0.3,0.01,0.0007197242493148792,0.0007197242493148792,0.3,8,true,true,candidate,002127
7,0.05,8,0.3,0.02,0.0007197241402079335,0.0007197241402079335,0.3,8,true,true,candidate,002128
7,0.05,8,0.5,0.005,0.0007962657753526337,0.0004758132939282067,0.37,8,true,true,candidate,002129
7,0.05,8,0.5,0.01,0.0007962657837932152,0.0004758133032227718,0.37,8,true,true,candidate,002130
7,0.05,8,0.5,0.02,0.0007948068505758688,0.0004758130672843919,0.36,8,true,true,candidate,002131
7,0.05,8,1.0,0.005,0.0024124381552885765,0.0021859635591330306,0.925,8,true,true,candidate,002132
7,0.05,8,1.0,0.01,0.0024119425734774325,0.0021859636247233416,0.93,8,true,true,candidate,002133
7,0.05,8,1.0,0.02,0.0024110282382934223,0.0021859654216428437,0.92,8,true,true,candidate,002134
7,0.05,8,3.0,0.005,0.035788620476943866,0.035788620476943866,3.0,8,true,false,candidate,002135
7,0.05,8,3.0,0.01,0.03578862038622865,0.03578862038622865,3.0,8,true,false,candidate,002136
7,0.05,8,3.0,0.02,0.035788621071758175,0.035788621071758175,3.0,8,true,false,candidate,002137
7,0.05,12,0.3,0.005,0.004592074417033574,0.004592074417033574,0.3,12,true,true,candidate,002138
7,0.05,12,0.3,0.01,0.004592074310460157,0.004592074310460157,0.3,12,true,true,candidate,002139
7,0.05,12,0.3,0.02,0.004592071831847953,0.004592071831847953,0.3,12,true,true,candidate,002140
7,0.05,12,0.5,0.005,0.009733119895346084,0.009733119895346084,0.5,12,true,true,candidate,002141
7,0.05,12,0.5,0.01,0.009733119715840118,0.009733119715840118,0.5,12,true,true,candidate,002142
7,0.05,12,0.5,0.02,0.00973311553989253,0.00973311553989253,0.5,12,true,true,candidate,002143
7,0.05,12,1.0,0.005,0.016097773091803484,0.015517663362685001,0.89,12,true,true,candidate,002144
7,0.05,12,1.0,0.01,0.016097772856278995,0.015517663113416395,0.89,12,true,true,candidate,002145
7,0.05,12,1.0,0.02,0.016094080843111806,0.015517656511834003,0.9,12,true,true,candidate,002146
7,0.05,12,3.0,0.005,0.12048459427681618,0.12048459427681618,3.0,12,true,false,candidate,002147
7,0.05,12,3.0,0.01,0.12048459329046118,0.12048459329046118,3.0,12,true,false,candidate,002148
7,0.05,12,3.0,0.02,0.12048456873510677,0.12048456873510677,3.0,12,true,false,candidate,002149
7,0.05,16,0.3,0.005,0.00376764827308429,0.00376764827308429,0.3,16,true,true,candidate,002150
7,0.05,16,0.3,0.01,0.0037676479311313797,0.0037676479311313797,0.3,16,true,true,candidate,002151
7,0.05,16,0.3,0.02,0.003767639303123516,0.003767639303123516,0.3,16,true,true,candidate,002152
7,0.05,16,0.5,0.005,0.007722340963675856,0.007722340963675856,0.5,16,true,true,candidate,002153
7,0.05,16,0.5,0.01,0.00772234043491793,0.00772234043491793,0.5,16,true,true,candidate,002154
7,0.05,16,0.5,0.02,0.007722326718728857,0.007722326718728857,0.5,16,true,true,candidate,002155
7,0.05,16,1.0,0.005,0.026966885501578,0.026966885501578,1.0,16,true,true,candidate,002156
7,0.05,16,1.0,0.01,0.026966884075948164,0.026966884075948164,1.0,16,true,true,candidate,002157
7,0.05,16,1.0,0.02,0.026966850596003348,0.026966850596003348,1.0,16,true,true,candidate,002158
7,0.05,16,3.0,0.005,0.06185634512544314,0.04145574501925887,2.02,16,true,false,candidate,002159
7,0.05,16,3.0,0.01,0.06185634398650864,0.04145574335591185,2.02,16,true,false,candidate,002160
7,0.05,16,3.0,0.02,0.06185630356398398,0.04145568416826129,2.02,16,true,false,candidate,002161
7,0.1,4,0.3,0.005,0.007804166193533746,0.007804166193533746,0.3,4,true,true,candidate,002162
7,0.1,4,0.3,0.01,0.00780416618387747,0.00780416618387747,0.3,4,true,true,candidate,002163
7,0.1,4,0.3,0.02,0.007804165984130806,0.007804165984130806,0.3,4,true,true,candidate,002164
7,0.1,4,0.5,0.005,0.02087528927278881,0.02087528927278881,0.5,4,true,true,candidate,002165
7,0.1,4,0.5,0.01,0.020875289248754925,0.020875289248754925,0.5,4,true,true,candidate,002166
7,0.1,4,0.5,0.02,0.020875288788174906,0.020875288788174906,0.5,4,true,true,candidate,002167
7,0.1,4,1.0,0.005,0.07582307778561526,0.07582307778561526,1.0,4,true,false,candidate,002168
7,0.1,4,1.0,0.01,0.07582307771815766,0.07582307771815766,1.0,4,true,false,candidate,002169
7,0.1,4,1.0,0.02,0.07582307647721787,0.07582307647721787,1.0,4,true,false,candidate,002170
7,0.1,4,3.0,0.005,0.12666786306737654,0.07813753044851235,1.715,4,true,false,candidate,002171
7,0.1,4,3.0,0.01,0.12666737503594105,0.07813753043397575,1.72,4,true,false,candidate,002172
7,0.1,4,3.0,0.02,0.12666737440783282,0.07813752972228016,1.72,4,true,false,candidate,002173
7,0.1,6,0.3,0.005,0.0009349498953938885,0.0009349498953938885,0.3,6,true,true,candidate,002174
7,0.1,6,0.3,0.01,0.0009349499159301279,0.0009349499159301279,0.3,6,true,true,candidate,002175
7,0.1,6,0.3,0.02,0.000934950281676561,0.000934950281676561,0.3,6,true,true,candidate,002176
7,0.1,6,0.5,0.005,0.0016951043629477305,0.0016951043629477305,0.5,6,true,true,candidate,002177
7,0.1,6,0.5,0.01,0.0016951044009542173,0.0016951044009542173,0.5,6,true,true,candidate,002178
7,0.1,6,0.5,0.02,0.0016951050728252206,0.0016951050728252206,0.5,6,true,true,candidate,002179
7,0.1,6,1.0,0.005,0.0027976990007302365,0.0027976990007302365,1.0,6,true,true,candidate,002180
7,0.1,6,1.0,0.01,0.0027976990774963855,0.0027976990774963855,1.0,6,true,true,candidate,002181
7,0.1,6,1.0,0.02,0.0027977004447082847,0.0027977004447082847,1.0,6,true,true,candidate,002182
7,0.1,6,3.0,0.005,0.015309879254420957,0.001955030386642132,2.515,6,true,true,candidate,002183
7,0.1,6,3.0,0.01,0.015309121785677672,0.0019550307054435616,2.52,6,true,true,candidate,002184
7,0.1,6,3.0,0.02,0.015309122853869652,0.0019550353791003565,2.52,6,true,true,candidate,002185
7,0.1,8,0.3,0.005,0.0007197242415957206,0.0007197242415957206,0.3,8,true,true,candidate,002186
7,0.1,8,0.3,0.01,0.0007197242493148792,0.0007197242493148792,0.3,8,true,true,candidate,002187
7,0.1,8,0.3,0.02,0.0007197241402079335,0.0007197241402079335,0.3,8,true,true,candidate,002188
7,0.1,8,0.5,0.005,0.0007962657753526337,0.0004758132939282067,0.37,8,true,true,candidate,002189
7,0.1,8,0.5,0.01,0.0007962657837932152,0.0004758133032227718,0.37,8,true,true,candidate,002190
7,0.1,8,0.5,0.02,0.0007948068505758688,0.0004758130672843919,0.36,8,true,true,candidate,002191
7,0.1,8,1.0,0.005,0.0024124381552885765,0.0021859635591330306,0.925,8,true,true,candidate,002192
7,0.1,8,1.0,0.01,0.0024119425734774325,0.0021859636247233416,0.93,8,true,true,candidate,002193
7,0.1,8,1.0,0.02,0.0024110282382934223,0.0021859654216428437,0.92,8,true,true,candidate,002194
7,0.1,8,3.0,0.005,0.035788620476943866,0.035788620476943866,3.0,8,true,false,candidate,002195
7,0.1,8,3.0,0.01,0.03578862038622865,0.03578862038622865,3.0,8,true,false,candidate,002196
7,0.1,8,3.0,0.02,0.035788621071758175,0.035788621071758175,3.0,8,true,false,candidate,002197
7,0.1,12,0.3,0.005,0.004592074417033574,0.004592074417033574,0.3,2,false,true,candidate,002198
7,0.1,12,0.3,0.01,0.004592074310460157,0.004592074310460157,0.3,2,false,true,candidate,002199
7,0.1,12,0.3,0.02,0.004592071831847953,0.004592071831847953,0.3,2,false,true,candidate,002200
7,0.1,12,0.5,0.005,0.009733119895346084,0.009733119895346084,0.5,2,false,true,candidate,002201
7,0.1,12,0.5,0.01,0.009733119715840118,0.009733119715840118,0.5,2,false,true,candidate,002202
7,0.1,12,0.5,0.02,0.00973311553989253,0.00973311553989253,0.5,2,false,true,candidate,002203
7,0.1,12,1.0,0.005,0.016097773091803484,0.015517663362685001,0.89,5,true,true,candidate,002204
7,0.1,12,1.0,0.01,0.016097772856278995,0.015517663113416395,0.89,5,true,true,candidate,002205
7,0.1,12,1.0,0.02,0.016094080843111806,0.015517656511834003,0.9,5,true,true,candidate,002206
7,0.1,12,3.0,0.005,0.12048459427681618,0.12048459427681618,3.0,9,true,false,candidate,002207
7,0.1,12,3.0,0.01,0.12048459329046118,0.12048459329046118,3.0,9,true,false,candidate,002208
7,0.1,12,3.0,0.02,0.12048456873510677,0.12048456873510677,3.0,9,true,false,candidate,002209
7,0.1,16,0.3,0.005,0.00376764827308429,0.00376764827308429,0.3,4,true,true,candidate,002210
7,0.1,16,0.3,0.01,0.0037676479311313797,0.0037676479311313797,0.3,4,true,true,candidate,002211
7,0.1,16,0.3,0.02,0.003767639303123516,0.003767639303123516,0.3,4,true,true,candidate,002212
7,0.1,16,0.5,0.005,0.007722340963675856,0.007722340963675856,0.5,4,true,true,candidate,002213
7,0.1,16,0.5,0.01,0.00772234043491793,0.00772234043491793,0.5,4,true,true,candidate,002214
7,0.1,16,0.5,0.02,0.007722326718728857,0.007722326718728857,0.5,4,true,true,candidate,002215
7,0.1,16,1.0,0.005,0.026966885501578,0.026966885501578,1.0,9,true,true,candidate,002216
7,0.1,16,1.0,0.01,0.026966884075948164,0.026966884075948164,1.0,9,true,true,candidate,002217
7,0.1,16,1.0,0.02,0.026966850596003348,0.026966850596003348,1.0,9,true,true,candidate,002218
7,0.1,16,3.0,0.005,0.06185634512544314,0.04145574501925887,2.02,13,true,false,candidate,002219
7,0.1,16,3.0,0.01,0.06185634398650864,0.04145574335591185,2.02,13,true,false,candidate,002220
7,0.1,16,3.0,0.02,0.06185630356398398,0.04145568416826129,2.02,13,true,false,candidate,002221
7,0.15,4,0.3,0.005,0.007804166193533746,0.007804166193533746,0.3,4,true,true,candidate,002222
7,0.15,4,0.3,0.01,0.00780416618387747,0.00780416618387747,0.3,4,true,true,candidate,002223
7,0.15,4,0.3,0.02,0.007804165984130806,0.007804165984130806,0.3,4,true,true,candidate,002224
7,0.15,4,0.5,0.005,0.02087528927278881,0.02087528927278881,0.5,4,true,true,candidate,002225
7,0.15,4,0.5,0.01,0.020875289248754925,0.020875289248754925,0.5,4,true,true,candidate,002226
7,0.15,4,0.5,0.02,0.020875288788174906,0.020875288788174906,0.5,4,true,true,candidate,002227
7,0.15,4,1.0,0.005,0.07582307778561526,0.07582307778561526,1.0,4,true,false,candidate,002228
7,0.15,4,1.0,0.01,0.07582307771815766,0.07582307771815766,1.0,4,true,false,candidate,002229
7,0.15,4,1.0,0.02,0.07582307647721787,0.07582307647721787,1.0,4,true,false,candidate,002230
7,0.15,4,3.0,0.005,0.12666786306737654,0.07813753044851235,1.715,4,true,false,candidate,002231
7,0.15,4,3.0,0.01,0.12666737503594105,0.07813753043397575,1.72,4,true,false,candidate,002232
7,0.15,4,3.0,0.02,0.12666737440783282,0.07813752972228016,1.72,4,true,false,candidate,002233
7,0.15,6,0.3,0.005,0.0009349498953938885,0.0009349498953938885,0.3,5,true,true,candidate,002234
7,0.15,6,0.3,0.01,0.0009349499159301279,0.0009349499159301279,0.3,5,true,true,candidate,002235
7,0.15,6,0.3,0.02,0.000934950281676561,0.000934950281676561,0.3,5,true,true,candidate,002236
7,0.15,6,0.5,0.005,0.0016951043629477305,0.0016951043629477305,0.5,5,true,true,candidate,002237
7,0.15,6,0.5,0.01,0.0016951044009542173,0.0016951044009542173,0.5,5,true,true,candidate,002238
7,0.15,6,0.5,0.02,0.0016951050728252206,0.0016951050728252206,0.5,5,true,true,candidate,002239
7,0.15,6,1.0,0.005,0.0027976990007302365,0.0027976990007302365,1.0,5,true,true,candidate,002240
7,0.15,6,1.0,0.01,0.0027976990774963855,0.0027976990774963855,1.0,5,true,true,candidate,002241
7,0.15,6,1.0,0.02,0.0027977004447082847,0.0027977004447082847,1.0,5,true,true,candidate,002242
7,0.15,6,3.0,0.005,0.015309879254420957,0.001955030386642132,2.515,6,true,true,candidate,002243
7,0.15,6,3.0,0.01,0.015309121785677672,0.0019550307054435616,2.52,6,true,true,candidate,002244
7,0.15,6,3.0,0.02,0.015309122853869652,0.0019550353791003565,2.52,6,true,true,candidate,002245
7,0.15,8,0.3,0.005,0.0007197242415957206,0.0007197242415957206,0.3,3,false,true,candidate,002246
7,0.15,8,0.3,0.01,0.0007197242493148792,0.0007197242493148792,0.3,3,false,true,candidate,002247
7,0.15,8,0.3,0.02,0.0007197241402079335,0.0007197241402079335,0.3,3,false,true,candidate,002248
7,0.15,8,0.5,0.005,0.0007962657753526337,0.0004758132939282067,0.37,4,true,true,candidate,002249
7,0.15,8,0.5,0.01,0.0007962657837932152,0.0004758133032227718,0.37,4,true,true,candidate,002250
7,0.15,8,0.5,0.02,0.0007948068505758688,0.0004758130672843919,0.36,4,true,true,candidate,002251
7,0.15,8,1.0,0.005,0.0024124381552885765,0.0021859635591330306,0.925,4,true,true,candidate,002252
7,0.15,8,1.0,0.01,0.0024119425734774325,0.0021859636247233416,0.93,4,true,true,candidate,002253
7,0.15,8,1.0,0.02,0.0024110282382934223,0.0021859654216428437,0.92,4,true,true,candidate,002254
7,0.15,8,3.0,0.005,0.035788620476943866,0.035788620476943866,3.0,7,true,false,candidate,002255
7,0.15,8,3.0,0.01,0.03578862038622865,0.03578862038622865,3.0,7,true,false,candidate,002256
7,0.15,8,3.0,0.02,0.035788621071758175,0.035788621071758175,3.0,7,true,false,candidate,002257
7,0.15,12,0.3,0.005,0.004592074417033574,0.004592074417033574,0.3,2,false,true,candidate,002258
7,0.15,12,0.3,0.01,0.004592074310460157,0.004592074310460157,0.3,2,false,true,candidate,002259
7,0.15,12,0.3,0.02,0.004592071831847953,0.004592071831847953,0.3,2,false,true,candidate,002260
7,0.15,12,0.5,0.005,0.009733119895346084,0.009733119895346084,0.5,2,false,true,candidate,002261
7,0.15,12,0.5,0.01,0.009733119715840118,0.009733119715840118,0.5,2,false,true,candidate,002262
7,0.15,12,0.5,0.02,0.00973311553989253,0.00973311553989253,0.5,2,false,true,candidate,002263
7,0.15,12,1.0,0.005,0.016097773091803484,0.015517663362685001,0.89,2,false,true,candidate,002264
7,0.15,12,1.0,0.01,0.016097772856278995,0.015517663113416395,0.89,2,false,true,candidate,002265
7,0.15,12,1.0,0.02,0.016094080843111806,0.015517656511834003,0.9,2,false,true,candidate,002266
7,0.15,12,3.0,0.005,0.12048459427681618,0.12048459427681618,3.0,8,true,false,candidate,002267
7,0.15,12,3.0,0.01,0.12048459329046118,0.12048459329046118,3.0,8,true,false,candidate,002268
7,0.15,12,3.0,0.02,0.12048456873510677,0.12048456873510677,3.0,8,true,false,candidate,002269
7,0.15,16,0.3,0.005,0.00376764827308429,0.00376764827308429,0.3,2,false,true,candidate,002270
7,0.15,16,0.3,0.01,0.0037676479311313797,0.0037676479311313797,0.3,2,false,true,candidate,002271
7,0.15,16,0.3,0.02,0.003767639303123516,0.003767639303123516,0.3,2,false,true,candidate,002272
7,0.15,16,0.5,0.005,0.007722340963675856,0.007722340963675856,0.5,3,false,true,candidate,002273
7,0.15,16,0.5,0.01,0.00772234043491793,0.00772234043491793,0.5,3,false,true,candidate,002274
7,0.15,16,0.5,0.02,0.007722326718728857,0.007722326718728857,0.5,3,false,true,candidate,002275
7,0.15,16,1.0,0.005,0.026966885501578,0.026966885501578,1.0,5,true,true,candidate,002276
7,0.15,16,1.0,0.01,0.026966884075948164,0.026966884075948164,1.0,5,true,true,candidate,002277
7,0.15,16,1.0,0.02,0.026966850596003348,0.026966850596003348,1.0,5,true,true,candidate,002278
7,0.15,16,3.0,0.005,0.06185634512544314,0.04145574501925887,2.02,9,true,false,candidate,002279
7,0.15,16,3.0,0.01,0.06185634398650864,0.04145574335591185,2.02,9,true,false,candidate,002280
7,0.15,16,3.0,0.02,0.06185630356398398,0.04145568416826129,2.02,9,true,false,candidate,002281
7,0.2,4,0.3,0.005,0.007804166193533746,0.007804166193533746,0.3,4,true,true,candidate,002282
7,0.2,4,0.3,0.01,0.00780416618387747,0.00780416618387747,0.3,4,true,true,candidate,002283
7,0.2,4,0.3,0.02,0.007804165984130806,0.007804165984130806,0.3,4,true,true,candidate,002284
7,0.2,4,0.5,0.005,0.02087528927278881,0.02087528927278881,0.5,4,true,true,candidate,002285
7,0.2,4,0.5,0.01,0.020875289248754925,0.020875289248754925,0.5,4,true,true,candidate,002286
7,0.2,4,0.5,0.02,0.020875288788174906,0.020875288788174906,0.5,4,true,true,candidate,002287
7,0.2,4,1.0,0.005,0.07582307778561526,0.07582307778561526,1.0,4,true,false,candidate,002288
7,0.2,4,1.0,0.01,0.07582307771815766,0.07582307771815766,1.0,4,true,false,candidate,002289
7,0.2,4,1.0,0.02,0.07582307647721787,0.07582307647721787,1.0,4,true,false,candidate,002290
7,0.2,4,3.0,0.005,0.12666786306737654,0.07813753044851235,1.715,4,true,false,candidate,002291
7,0.2,4,3.0,0.01,0.12666737503594105,0.07813753043397575,1.72,4,true,false,candidate,002292
7,0.2,4,3.0,0.02,0.12666737440783282,0.07813752972228016,1.72,4,true,false,candidate,002293
7,0.2,6,0.3,0.005,0.0009349498953938885,0.0009349498953938885,0.3,2,false,true,candidate,002294
7,0.2,6,0.3,0.01,0.0009349499159301279,0.0009349499159301279,0.3,2,false,true,candidate,002295
7,0.2,6,0.3,0.02,0.000934950281676561,0.000934950281676561,0.3,2,false,true,candidate,002296
7,0.2,6,0.5,0.005,0.0016951043629477305,0.0016951043629477305,0.5,2,false,true,candidate,002297
7,0.2,6,0.5,0.01,0.0016951044009542173,0.0016951044009542173,0.5,2,false,true,candidate,002298
7,0.2,6,0.5,0.02,0.0016951050728252206,0.0016951050728252206,0.5,2,false,true,candidate,002299
7,0.2,6,1.0,0.005,0.0027976990007302365,0.0027976990007302365,1.0,3,false,true,candidate,002300
7,0.2,6,1.0,0.01,0.0027976990774963855,0.0027976990774963855,1.0,3,false,true,candidate,002301
7,0.2,6,1.0,0.02,0.0027977004447082847,0.0027977004447082847,1.0,3,false,true,candidate,002302
7,0.2,6,3.0,0.005,0.015309879254420957,0.001955030386642132,2.515,6,true,true,candidate,002303
7,0.2,6,3.0,0.01,0.015309121785677672,0.0019550307054435616,2.52,6,true,true,candidate,002304
7,0.2,6,3.0,0.02,0.015309122853869652,0.0019550353791003565,2.52,6,true,true,candidate,002305
7,0.2,8,0.3,0.005,0.0007197242415957206,0.0007197242415957206,0.3,2,false,true,candidate,002306
7,0.2,8,0.3,0.01,0.0007197242493148792,0.0007197242493148792,0.3,2,false,true,candidate,002307
7,0.2,8,0.3,0.02,0.0007197241402079335,0.0007197241402079335,0.3,2,false,true,candidate,002308
7,0.2,8,0.5,0.005,0.0007962657753526337,0.0004758132939282067,0.37,2,false,true,candidate,002309
7,0.2,8,0.5,0.01,0.0007962657837932152,0.0004758133032227718,0.37,2,false,true,candidate,002310
7,0.2,8,0.5,0.02,0.0007948068505758688,0.0004758130672843919,0.36,2,false,true,candidate,002311
7,0.2,8,1.0,0.005,0.0024124381552885765,0.0021859635591330306,0.925,3,false,true,candidate,002312
7,0.2,8,1.0,0.01,0.0024119425734774325,0.0021859636247233416,0.93,3,false,true,candidate,002313
7,0.2,8,1.0,0.02,0.0024110282382934223,0.0021859654216428437,0.92,3,false,true,candidate,002314
7,0.2,8,3.0,0.005,0.035788620476943866,0.035788620476943866,3.0,5,true,false,candidate,002315
7,0.2,8,3.0,0.01,0.03578862038622865,0.03578862038622865,3.0,5,true,false,candidate,002316
7,0.2,8,3.0,0.02,0.035788621071758175,0.035788621071758175,3.0,5,true,false,candidate,002317
7,0.2,12,0.3,0.005,0.004592074417033574,0.004592074417033574,0.3,2,false,true,candidate,002318
7,0.2,12,0.3,0.01,0.004592074310460157,0.004592074310460157,0.3,2,false,true,candidate,002319
7,0.2,12,0.3,0.02,0.004592071831847953,0.004592071831847953,0.3,2,false,true,candidate,002320
7,0.2,12,0.5,0.005,0.009733119895346084,0.009733119895346084,0.5,2,false,true,candidate,002321
7,0.2,12,0.5,0.01,0.009733119715840118,0.009733119715840118,0.5,2,false,true,candidate,002322
7,0.2,12,0.5,0.02,0.00973311553989253,0.00973311553989253,0.5,2,false,true,candidate,002323
7,0.2,12,1.0,0.005,0.016097773091803484,0.015517663362685001,0.89,2,false,true,candidate,002324
7,0.2,12,1.0,0.01,0.016097772856278995,0.015517663113416395,0.89,2,false,true,candidate,002325
7,0.2,12,1.0,0.02,0.016094080843111806,0.015517656511834003,0.9,2,false,true,candidate,002326
7,0.2,12,3.0,0.005,0.12048459427681618,0.12048459427681618,3.0,6,true,false,candidate,002327
7,0.2,12,3.0,0.01,0.12048459329046118,0.12048459329046118,3.0,6,true,false,candidate,002328
7,0.2,12,3.0,0.02,0.12048456873510677,0.12048456873510677,3.0,6,true,false,candidate,002329
7,0.2,16,0.3,0.005,0.00376764827308429,0.00376764827308429,0.3,1,false,true,candidate,002330
7,0.2,16,0.3,0.01,0.0037676479311313797,0.0037676479311313797,0.3,1,false,true,candidate,002331
7,0.2,16,0.3,0.02,0.003767639303123516,0.003767639303123516,0.3,1,false,true,candidate,002332
7,0.2,16,0.5,0.005,0.007722340963675856,0.007722340963675856,0.5,1,false,true,candidate,002333
7,0.2,16,0.5,0.01,0.00772234043491793,0.00772234043491793,0.5,1,false,true,candidate,002334
7,0.2,16,0.5,0.02,0.007722326718728857,0.007722326718728857,0.5,1,false,true,candidate,002335
7,0.2,16,1.0,0.005,0.026966885501578,0.026966885501578,1.0,3,false,true,candidate,002336
7,0.2,16,1.0,0.01,0.026966884075948164,0.026966884075948164,1.0,3,false,true,candidate,002337
7,0.2,16,1.0,0.02,0.026966850596003348,0.026966850596003348,1.0,3,false,true,candidate,002338
7,0.2,16,3.0,0.005,0.06185634512544314,0.04145574501925887,2.02,7,true,false,candidate,002339
7,0.2,16,3.0,0.01,0.06185634398650864,0.04145574335591185,2.02,7,true,false,candidate,002340
7,0.2,16,3.0,0.02,0.06185630356398398,0.04145568416826129,2.02,7,true,false,candidate,002341
7,0.25,4,0.3,0.005,0.007804166193533746,0.007804166193533746,0.3,2,false,true,candidate,002342
7,0.25,4,0.3,0.01,0.00780416618387747,0.00780416618387747,0.3,2,false,true,candidate,002343
7,0.25,4,0.3,0.02,0.007804165984130806,0.007804165984130806,0.3,2,false,true,candidate,002344
7,0.25,4,0.5,0.005,0.02087528927278881,0.02087528927278881,0.5,2,false,true,candidate,002345
7,0.25,4,0.5,0.01,0.020875289248754925,0.020875289248754925,0.5,2,false,true,candidate,002346
7,0.25,4,0.5,0.02,0.020875288788174906,0.020875288788174906,0.5,2,false,true,candidate,002347
7,0.25,4,1.0,0.005,0.07582307778561526,0.07582307778561526,1.0,2,false,false,candidate,002348
7,0.25,4,1.0,0.01,0.07582307771815766,0.07582307771815766,1.0,2,false,false,candidate,002349
7,0.25,4,1.0,0.02,0.07582307647721787,0.07582307647721787,1.0,2,false,false,candidate,002350
7,0.25,4,3.0,0.005,0.12666786306737654,0.07813753044851235,1.715,4,true,false,candidate,002351
7,0.25,4,3.0,0.01,0.12666737503594105,0.07813753043397575,1.72,4,true,false,candidate,002352
7,0.25,4,3.0,0.02,0.12666737440783282,0.07813752972228016,1.72,4,true,false,candidate,002353
7,0.25,6,0.3,0.005,0.0009349498953938885,0.0009349498953938885,0.3,1,false,true,candidate,002354
7,0.25,6,0.3,0.01,0.0009349499159301279,0.0009349499159301279,0.3,1,false,true,candidate,002355
7,0.25,6,0.3,0.02,0.000934950281676561,0.000934950281676561,0.3,1,false,true,candidate,002356
7,0.25,6,0.5,0.005,0.0016951043629477305,0.0016951043629477305,0.5,2,false,true,candidate,002357
7,0.25,6,0.5,0.01,0.0016951044009542173,0.0016951044009542173,0.5,2,false,true,candidate,002358
7,0.25,6,0.5,0.02,0.0016951050728252206,0.0016951050728252206,0.5,2,false,true,candidate,002359
7,0.25,6,1.0,0.005,0.0027976990007302365,0.0027976990007302365,1.0,2,false,true,candidate,002360
7,0.25,6,1.0,0.01,0.0027976990774963855,0.0027976990774963855,1.0,2,false,true,candidate,002361
7,0.25,6,1.0,0.02,0.0027977004447082847,0.0027977004447082847,1.0,2,false,true,candidate,002362
7,0.25,6,3.0,0.005,0.015309879254420957,0.001955030386642132,2.515,5,true,true,candidate,002363
7,0.25,6,3.0,0.01,0.015309121785677672,0.0019550307054435616,2.52,5,true,true,candidate,002364
7,0.25,6,3.0,0.02,0.015309122853869652,0.0019550353791003565,2.52,5,true,true,candidate,002365
7,0.25,8,0.3,0.005,0.0007197242415957206,0.0007197242415957206,0.3,0,false,true,candidate,002366
7,0.25,8,0.3,0.01,0.0007197242493148792,0.0007197242493148792,0.3,0,false,true,candidate,002367
7,0.25,8,0.3,0.02,0.0007197241402079335,0.0007197241402079335,0.3,0,false,true,candidate,002368
7,0.25,8,0.5,0.005,0.0007962657753526337,0.0004758132939282067,0.37,1,false,true,candidate,002369
7,0.25,8,0.5,0.01,0.0007962657837932152,0.0004758133032227718,0.37,1,false,true,candidate,002370
7,0.25,8,0.5,0.02,0.0007948068505758688,0.0004758130672843919,0.36,1,false,true,candidate,002371
7,0.25,8,1.0,0.005,0.0024124381552885765,0.0021859635591330306,0.925,2,false,true,candidate,002372
7,0.25,8,1.0,0.01,0.0024119425734774325,0.0021859636247233416,0.93,2,false,true,candidate,002373
7,0.25,8,1.0,0.02,0.0024110282382934223,0.0021859654216428437,0.92,2,false,true,candidate,002374
7,0.25,8,3.0,0.005,0.035788620476943866,0.035788620476943866,3.0,5,true,false,candidate,002375
7,0.25,8,3.0,0.01,0.03578862038622865,0.03578862038622865,3.0,5,true,false,candidate,002376
7,0.25,8,3.0,0.02,0.035788621071758175,0.035788621071758175,3.0,5,true,false,candidate,002377
7,0.25,12,0.3,0.005,0.004592074417033574,0.004592074417033574,0.3,1,false,true,candidate,002378
7,0.25,12,0.3,0.01,0.004592074310460157,0.004592074310460157,0.3,1,false,true,candidate,002379
7,0.25,12,0.3,0.02,0.004592071831847953,0.004592071831847953,0.3,1,false,true,candidate,002380
7,0.25,12,0.5,0.005,0.009733119895346084,0.009733119895346084,0.5,1,false,true,candidate,002381
7,0.25,12,0.5,0.01,0.009733119715840118,0.009733119715840118,0.5,1,false,true,candidate,002382
7,0.25,12,0.5,0.02,0.00973311553989253,0.00973311553989253,0.5,1,false,true,candidate,002383
7,0.25,12,1.0,0.005,0.016097773091803484,0.015517663362685001,0.89,1,false,true,candidate,002384
7,0.25,12,1.0,0.01,0.016097772856278995,0.015517663113416395,0.89,1,false,true,candidate,002385
7,0.25,12,1.0,0.02,0.016094080843111806,0.015517656511834003,0.9,1,false,true,candidate,002386
7,0.25,12,3.0,0.005,0.12048459427681618,0.12048459427681618,3.0,3,false,false,candidate,002387
7,0.25,12,3.0,0.01,0.12048459329046118,0.12048459329046118,3.0,3,false,false,candidate,002388
7,0.25,12,3.0,0.02,0.12048456873510677,0.12048456873510677,3.0,3,false,false,candidate,002389
7,0.25,16,0.3,0.005,0.00376764827308429,0.00376764827308429,0.3,1,false,true,candidate,002390
7,0.25,16,0.3,0.01,0.0037676479311313797,0.0037676479311313797,0.3,1,false,true,candidate,002391
7,0.25,16,0.3,0.02,0.003767639303123516,0.003767639303123516,0.3,1,false,true,candidate,002392
7,0.25,16,0.5,0.005,0.007722340963675856,0.007722340963675856,0.5,1,false,true,candidate,002393
7,0.25,16,0.5,0.01,0.00772234043491793,0.00772234043491793,0.5,1,false,true,candidate,002394
7,0.25,16,0.5,0.02,0.007722326718728857,0.007722326718728857,0.5,1,false,true,candidate,002395
7,0.25,16,1.0,0.005,0.026966885501578,0.026966885501578,1.0,2,false,true,candidate,002396
7,0.25,16,1.0,0.01,0.026966884075948164,0.026966884075948164,1.0,2,false,true,candidate,002397
7,0.25,16,1.0,0.02,0.026966850596003348,0.026966850596003348,1.0,2,false,true,candidate,002398
7,0.25,16,3.0,0.005,0.06185634512544314,0.04145574501925887,2.02,6,true,false,candidate,002399
7,0.25,16,3.0,0.01,0.06185634398650864,0.04145574335591185,2.02,6,true,false,candidate,002400
7,0.25,16,3.0,0.02,0.06185630356398398,0.04145568416826129,2.02,6,true,false,candidate,002401
8,0.05,4,0.3,0.005,0.004262179601413952,0.004262179601413952,0.3,4,true,true,candidate,002402
8,0.05,4,0.3,0.01,0.004262179607870565,0.004262179607870565,0.3,4,true,true,candidate,002403
8,0.05,4,0.3,0.02,0.00426217970351317,0.00426217970351317,0.3,4,true,true,candidate,002404
8,0.05,4,0.5,0.005,0.010369155842724355,0.010369155842724355,0.5,4,true,true,candidate,002405
8,0.05,4,0.5,0.01,0.010369155852330893,0.010369155852330893,0.5,4,true,true,candidate,002406
8,0.05,4,0.5,0.02,0.01036915599365962,0.01036915599365962,0.5,4,true,true,candidate,002407
8,0.05,4,1.0,0.005,0.03125744832594291,0.03125744832594291,1.0,4,true,false,candidate,002408
8,0.05,4,1.0,0.01,0.031257448338311684,0.031257448338311684,1.0,4,true,false,candidate,002409
8,0.05,4,1.0,0.02,0.031257448512354465,0.031257448512354465,1.0,4,true,false,candidate,002410
8,0.05,4,3.0,0.005,0.1134857752308708,0.1134857752308708,3.0,4,true,false,candidate,002411
8,0.05,4,3.0,0.01,0.113485775210761,0.113485775210761,3.0,4,true,false,candidate,002412
8,0.05,4,3.0,0.02,0.11348577494900272,0.11348577494900272,3.0,4,true,false,candidate,002413
8,0.05,6,0.3,0.005,0.009655790266851927,0.009655790266851927,0.3,6,true,true,candidate,002414
8,0.05,6,0.3,0.01,0.009655790237300677,0.009655790237300677,0.3,6,true,true,candidate,002415
8,0.05,6,0.3,0.02,0.009655789702969875,0.009655789702969875,0.3,6,true,true,candidate,002416
8,0.05,6,0.5,0.005,0.02279269585720156,0.02279269585720156,0.5,6,true,true,candidate,002417
8,0.05,6,0.5,0.01,0.022792695805881946,0.022792695805881946,0.5,6,true,true,candidate,002418
8,0.05,6,0.5,0.02,0.022792694875229946,0.022792694875229946,0.5,6,true,true,candidate,002419
8,0.05,6,1.0,0.005,0.04065551450743299,0.04034671443172422,0.9450000000000001,6,true,false,candidate,002420
8,0.05,6,1.0,0.01,0.04065335227852929,0.04034671441795945,0.9400000000000001,6,true,false,candidate,002421
8,0.05,6,1.0,0.02,0.04065335165261019,0.040346713962249536,0.9400000000000001,6,true,false,candidate,002422
8,0.05,6,3.0,0.005,0.04065551450743299,0.0012824548979554207,0.9450000000000001,6,true,false,candidate,002423
8,0.05,6,3.0,0.01,0.04065335227852929,0.0012824545915876007,0.9400000000000001,6,true,false,candidate,002424
8,0.05,6,3.0,0.02,0.04065335165261019,0.0012824503522669284,0.9400000000000001,6,true,false,candidate,002425
8,0.05,8,0.3,0.005,0.017759837043737292,0.017759837043737292,0.3,8,true,true,candidate,002426
8,0.05,8,0.3,0.01,0.01775983693785932,0.01775983693785932,0.3,8,true,true,candidate,002427
8,0.05,8,0.3,0.02,0.017759834805860963,0.017759834805860963,0.3,8,true,true,candidate,002428
8,0.05,8,0.5,0.005,0.04379166279912794,0.04379166279912794,0.5,8,true,false,candidate,002429
8,0.05,8,0.5,0.01,0.04379166259232026,0.04379166259232026,0.5,8,true,false,candidate,002430
8,0.05,8,0.5,0.02,0.04379165853427436,0.04379165853427436,0.5,8,true,false,candidate,002431
8,0.05,8,1.0,0.005,0.10461722547029817,0.10461722547029817,1.0,8,true,false,candidate,002432
8,0.05,8,1.0,0.01,0.1046172252042572,0.1046172252042572,1.0,8,true,false,candidate,002433
8,0.05,8,1.0,0.02,0.10461721937591717,0.10461721937591717,1.0,8,true,false,candidate,002434
8,0.05,8,3.0,0.005,0.11441338855282934,0.06581949415701871,1.325,8,true,false,candidate,002435
8,0.05,8,3.0,0.01,0.11441261637586742,0.06581949337611182,1.33,8,true,false,candidate,002436
8,0.05,8,3.0,0.02,0.11441101990478564,0.06581947626660911,1.32,8,true,false,candidate,002437
8,0.05,12,0.3,0.005,0.0035306348422131655,0.0035306348422131655,0.3,12,true,true,candidate,002438
8,0.05,12,0.3,0.01,0.0035306349077152137,0.0035306349077152137,0.3,12,true,true,candidate,002439
8,0.05,12,0.3,0.02,0.0035306379596630193,0.0035306379596630193,0.3,12,true,true,candidate,002440
8,0.05,12,0.5,0.005,0.004693882442035392,0.004447180235918614,0.44,12,true,true,candidate,002441
8,0.05,12,0.5,0.01,0.004693882585319221,0.004447180433777676,0.44,12,true,true,candidate,002442
8,0.05,12,0.5,0.02,0.004693887785992002,0.004447186894659395,0.44,12,true,true,candidate,002443
8,0.05,12,1.0,0.005,0.018307913434835957,0.018307913434835957,1.0,12,true,true,candidate,002444
8,0.05,12,1.0,0.01,0.01830791242973218,0.01830791242973218,1.0,12,true,true,candidate,002445
8,0.05,12,1.0,0.02,0.018307889685186377,0.018307889685186377,1.0,12,true,true,candidate,002446
8,0.05,12,3.0,0.005,0.0873727551291489,0.08415149156152436,1.915,12,true,false,candidate,002447
8,0.05,12,3.0,0.01,0.08737128259139938,0.08415148998212198,1.92,12,true,false,candidate,002448
8,0.05,12,3.0,0.02,0.08737125515869683,0.0841514441356749,1.92,12,true,false,candidate,002449
8,0.05,16,0.3,0.005,0.0015600224688911979,0.0015600224688911979,0.3,16,true,true,candidate,002450
8,0.05,16,0.3,0.01,0.0015600220396929654,0.0015600220396929654,0.3,16,true,true,candidate,002451
8,0.05,16,0.3,0.02,0.0015600105695268152,0.0015600105695268152,0.3,16,true,true,candidate,002452
8,0.05,16,0.5,0.005,0.004732107793374851,0.004732107793374851,0.5,16,true,true,candidate,002453
8,0.05,16,0.5,0.01,0.004732107123968765,0.004732107123968765,0.5,16,true,true,candidate,002454
8,0.05,16,0.5,0.02,0.0047320886722297395,0.0047320886722297395,0.5,16,true,true,candidate,002455
8,0.05,16,1.0,0.005,0.005538781070662857,0.0021092582899664425,0.62,16,true,true,candidate,002456
8,0.05,16,1.0,0.01,0.005538780349538142,0.0021092590487965523,0.62,16,true,true,candidate,002457
8,0.05,16,1.0,0.02,0.005538759176647812,0.0021092866296517077,0.62,16,true,true,candidate,002458
8,0.05,16,3.0,0.005,0.03860762625629499,0.027089058576923786,2.22,16,true,false,candidate,002459
8,0.05,16,3.0,0.01,0.03860762752075375,0.027089061590654495,2.22,16,true,false,candidate,002460
8,0.05,16,3.0,0.02,0.038607681437399566,0.027089155431616607,2.22,16,true,false,candidate,002461
8,0.1,4,0.3,0.005,0.004262179601413952,0.004262179601413952,0.3,4,true,true,candidate,002462
8,0.1,4,0.3,0.01,0.004262179607870565,0.004262179607870565,0.3,4,true,true,candidate,002463
8,0.1,4,0.3,0.02,0.00426217970351317,0.00426217970351317,0.3,4,true,true,candidate,002464
8,0.1,4,0.5,0.005,0.010369155842724355,0.010369155842724355,0.5,4,true,true,candidate,002465
8,0.1,4,0.5,0.01,0.010369155852330893,0.010369155852330893,0.5,4,true,true,candidate,002466
8,0.1,4,0.5,0.02,0.01036915599365962,0.01036915599365962,0.5,4,true,true,candidate,002467
8,0.1,4,1.0,0.005,0.03125744832594291,0.03125744832594291,1.0,4,true,false,candidate,002468
8,0.1,4,1.0,0.01,0.031257448338311684,0.031257448338311684,1.0,4,true,false,candidate,002469
8,0.1,4,1.0,0.02,0.031257448512354465,0.031257448512354465,1.0,4,true,false,candidate,002470
8,0.1,4,3.0,0.005,0.1134857752308708,0.1134857752308708,3.0,4,true,false,candidate,002471
8,0.1,4,3.0,0.01,0.113485775210761,0.113485775210761,3.0,4,true,false,candidate,002472
8,0.1,4,3.0,0.02,0.11348577494900272,0.11348577494900272,3.0,4,true,false,candidate,002473
8,0.1,6,0.3,0.005,0.009655790266851927,0.009655790266851927,0.3,6,true,true,candidate,002474
8,0.1,6,0.3,0.01,0.009655790237300677,0.009655790237300677,0.3,6,true,true,candidate,002475
8,0.1,6,0.3,0.02,0.009655789702969875,0.009655789702969875,0.3,6,true,true,candidate,002476
8,0.1,6,0.5,0.005,0.02279269585720156,0.02279269585720156,0.5,6,true,true,candidate,002477
8,0.1,6,0.5,0.01,0.022792695805881946,0.022792695805881946,0.5,6,true,true,candidate,002478
8,0.1,6,0.5,0.02,0.022792694875229946,0.022792694875229946,0.5,6,true,true,candidate,002479
8,0.1,6,1.0,0.005,0.04065551450743299,0.04034671443172422,0.9450000000000001,6,true,false,candidate,002480
8,0.1,6,1.0,0.01,0.04065335227852929,0.04034671441795945,0.9400000000000001,6,true,false,candidate,002481
8,0.1,6,1.0,0.02,0.04065335165261019,0.040346713962249536,0.9400000000000001,6,true,false,candidate,002482
8,0.1,6,3.0,0.005,0.04065551450743299,0.0012824548979554207,0.9450000000000001,6,true,false,candidate,002483
8,0.1,6,3.0,0.01,0.04065335227852929,0.0012824545915876007,0.9400000000000001,6,true,false,candidate,002484
8,0.1,6,3.0,0.02,0.04065335165261019,0.0012824503522669284,0.9400000000000001,6,true,false,candidate,002485
8,0.1,8,0.3,0.005,0.017759837043737292,0.017759837043737292,0.3,8,true,true,candidate,002486
8,0.1,8,0.3,0.01,0.01775983693785932,0.01775983693785932,0.3,8,true,true,candidate,002487
8,0.1,8,0.3,0.02,0.017759834805860963,0.017759834805860963,0.3,8,true,true,candidate,002488
8,0.1,8,0.5,0.005,0.04379166279912794,0.04379166279912794,0.5,8,true,false,candidate,002489
8,0.1,8,0.5,0.01,0.04379166259232026,0.04379166259232026,0.5,8,true,false,candidate,002490
8,0.1,8,0.5,0.02,0.04379165853427436,0.04379165853427436,0.5,8,true,false,candidate,002491
8,0.1,8,1.0,0.005,0.10461722547029817,0.10461722547029817,1.0,8,true,false,candidate,002492
8,0.1,8,1.0,0.01,0.1046172252042572,0.1046172252042572,1.0,8,true,false,candidate,002493
8,0.1,8,1.0,0.02,0.10461721937591717,0.10461721937591717,1.0,8,true,false,candidate,002494
8,0.1,8,3.0,0.005,0.11441338855282934,0.06581949415701871,1.325,8,true,false,candidate,002495
8,0.1,8,3.0,0.01,0.11441261637586742,0.06581949337611182,1.33,8,true,false,candidate,002496
8,0.1,8,3.0,0.02,0.11441101990478564,0.06581947626660911,1.32,8,true,false,candidate,002497
8,0.1,12,0.3,0.005,0.0035306348422131655,0.0035306348422131655,0.3,4,true,true,candidate,002498
8,0.1,12,0.3,0.01,0.0035306349077152137,0.0035306349077152137,0.3,4,true,true,candidate,002499
8,0.1,12,0.3,0.02,0.0035306379596630193,0.0035306379596630193,0.3,4,true,true,candidate,002500
8,0.1,12,0.5,0.005,0.004693882442035392,0.004447180235918614,0.44,5,true,true,candidate,002501
8,0.1,12,0.5,0.01,0.004693882585319221,0.004447180433777676,0.44,5,true,true,candidate,002502
8,0.1,12,0.5,0.02,0.004693887785992002,0.004447186894659395,0.44,5,true,true,candidate,002503
8,0.1,12,1.0,0.005,0.018307913434835957,0.018307913434835957,1.0,6,true,true,candidate,002504
8,0.1,12,1.0,0.01,0.01830791242973218,0.01830791242973218,1.0,6,true,true,candidate,002505
8,0.1,12,1.0,0.02,0.018307889685186377,0.018307889685186377,1.0,6,true,true,candidate,002506
8,0.1,12,3.0,0.005,0.0873727551291489,0.08415149156152436,1.915,11,true,false,candidate,002507
8,0.1,12,3.0,0.01,0.08737128259139938,0.08415148998212198,1.92,11,true,false,candidate,002508
8,0.1,12,3.0,0.02,0.08737125515869683,0.0841514441356749,1.92,11,true,false,candidate,002509
8,0.1,16,0.3,0.005,0.0015600224688911979,0.0015600224688911979,0.3,5,true,true,candidate,002510
8,0.1,16,0.3,0.01,0.0015600220396929654,0.0015600220396929654,0.3,5,true,true,candidate,002511
8,0.1,16,0.3,0.02,0.0015600105695268152,0.0015600105695268152,0.3,5,true,true,candidate,002512
8,0.1,16,0.5,0.005,0.004732107793374851,0.004732107793374851,0.5,6,true,true,candidate,002513
8,0.1,16,0.5,0.01,0.004732107123968765,0.004732107123968765,0.5,6,true,true,candidate,002514
8,0.1,16,0.5,0.02,0.0047320886722297395,0.0047320886722297395,0.5,6,true,true,candidate,002515
8,0.1,16,1.0,0.005,0.005538781070662857,0.0021092582899664425,0.62,10,true,true,candidate,002516
8,0.1,16,1.0,0.01,0.005538780349538142,0.0021092590487965523,0.62,10,true,true,candidate,002517
8,0.1,16,1.0,0.02,0.005538759176647812,0.0021092866296517077,0.62,10,true,true,candidate,002518
8,0.1,16,3.0,0.005,0.03860762625629499,0.027089058576923786,2.22,13,true,false,candidate,002519
8,0.1,16,3.0,0.01,0.03860762752075375,0.027089061590654495,2.22,13,true,false,candidate,002520
8,0.1,16,3.0,0.02,0.038607681437399566,0.027089155431616607,2.22,13,true,false,candidate,002521
8,0.15,4,0.3,0.005,0.004262179601413952,0.004262179601413952,0.3,4,true,true,candidate,002522
8,0.15,4,0.3,0.01,0.004262179607870565,0.004262179607870565,0.3,4,true,true,candidate,002523
8,0.15,4,0.3,0.02,0.00426217970351317,0.00426217970351317,0.3,4,true,true,candidate,002524
8,0.15,4,0.5,0.005,0.010369155842724355,0.010369155842724355,0.5,4,true,true,candidate,002525
8,0.15,4,0.5,0.01,0.010369155852330893,0.010369155852330893,0.5,4,true,true,candidate,002526
8,0.15,4,0.5,0.02,0.01036915599365962,0.01036915599365962,0.5,4,true,true,candidate,002527
8,0.15,4,1.0,0.005,0.03125744832594291,0.03125744832594291,1.0,4,true,false,candidate,002528
8,0.15,4,1.0,0.01,0.031257448338311684,0.031257448338311684,1.0,4,true,false,candidate,002529
8,0.15,4,1.0,0.02,0.031257448512354465,0.031257448512354465,1.0,4,true,false,candidate,002530
8,0.15,4,3.0,0.005,0.1134857752308708,0.1134857752308708,3.0,4,true,false,candidate,002531
8,0.15,4,3.0,0.01,0.113485775210761,0.113485775210761,3.0,4,true,false,candidate,002532
8,0.15,4,3.0,0.02,0.11348577494900272,0.11348577494900272,3.0,4,true,false,candidate,002533
8,0.15,6,0.3,0.005,0.009655790266851927,0.009655790266851927,0.3,4,true,true,candidate,002534
8,0.15,6,0.3,0.01,0.009655790237300677,0.009655790237300677,0.3,4,true,true,candidate,002535
8,0.15,6,0.3,0.02,0.009655789702969875,0.009655789702969875,0.3,4,true,true,candidate,002536
8,0.15,6,0.5,0.005,0.02279269585720156,0.02279269585720156,0.5,4,true,true,candidate,002537
8,0.15,6,0.5,0.01,0.022792695805881946,0.022792695805881946,0.5,4,true,true,candidate,002538
8,0.15,6,0.5,0.02,0.022792694875229946,0.022792694875229946,0.5,4,true,true,candidate,002539
8,0.15,6,1.0,0.005,0.04065551450743299,0.04034671443172422,0.9450000000000001,6,true,false,candidate,002540
8,0.15,6,1.0,0.01,0.04065335227852929,0.04034671441795945,0.9400000000000001,6,true,false,candidate,002541
8,0.15,6,1.0,0.02,0.04065335165261019,0.040346713962249536,0.9400000000000001,6,true,false,candidate,002542
8,0.15,6,3.0,0.005,0.04065551450743299,0.0012824548979554207,0.9450000000000001,6,true,false,candidate,002543
8,0.15,6,3.0,0.01,0.04065335227852929,0.0012824545915876007,0.9400000000000001,6,true,false,candidate,002544
8,0.15,6,3.0,0.02,0.04065335165261019,0.0012824503522669284,0.9400000000000001,6,true,false,candidate,002545
8,0.15,8,0.3,0.005,0.017759837043737292,0.017759837043737292,0.3,4,true,true,candidate,002546
8,0.15,8,0.3,0.01,0.01775983693785932,0.01775983693785932,0.3,4,true,true,candidate,002547
8,0.15,8,0.3,0.02,0.017759834805860963,0.017759834805860963,0.3,4,true,true,candidate,002548
8,0.15,8,0.5,0.005,0.04379166279912794,0.04379166279912794,0.5,4,true,false,candidate,002549
8,0.15,8,0.5,0.01,0.04379166259232026,0.04379166259232026,0.5,4,true,false,candidate,002550
8,0.15,8,0.5,0.02,0.04379165853427436,0.04379165853427436,0.5,4,true,false,candidate,002551
8,0.15,8,1.0,0.005,0.10461722547029817,0.10461722547029817,1.0,5,true,false,candidate,002552
8,0.15,8,1.0,0.01,0.1046172252042572,0.1046172252042572,1.0,5,true,false,candidate,002553
8,0.15,8,1.0,0.02,0.10461721937591717,0.10461721937591717,1.0,5,true,false,candidate,002554
8,0.15,8,3.0,0.005,0.11441338855282934,0.06581949415701871,1.325,8,true,false,candidate,002555
8,0.15,8,3.0,0.01,0.11441261637586742,0.06581949337611182,1.33,8,true,false,candidate,002556
8,0.15,8,3.0,0.02,0.11441101990478564,0.06581947626660911,1.32,8,true,false,candidate,002557
8,0.15,12,0.3,0.005,0.0035306348422131655,0.0035306348422131655,0.3,2,false,true,candidate,002558
8,0.15,12,0.3,0.01,0.0035306349077152137,0.0035306349077152137,0.3,2,false,true,candidate,002559
8,0.15,12,0.3,0.02,0.0035306379596630193,0.0035306379596630193,0.3,2,false,true,candidate,002560
8,0.15,12,0.5,0.005,0.004693882442035392,0.004447180235918614,0.44,2,false,true,candidate,002561
8,0.15,12,0.5,0.01,0.004693882585319221,0.004447180433777676,0.44,2,false,true,candidate,002562
8,0.15,12,0.5,0.02,0.004693887785992002,0.004447186894659395,0.44,2,false,true,candidate,002563
8,0.15,12,1.0,0.005,0.018307913434835957,0.018307913434835957,1.0,5,true,true,candidate,002564
8,0.15,12,1.0,0.01,0.01830791242973218,0.01830791242973218,1.0,5,true,true,candidate,002565
8,0.15,12,1.0,0.02,0.018307889685186377,0.018307889685186377,1.0,5,true,true,candidate,002566
8,0.15,12,3.0,0.005,0.0873727551291489,0.08415149156152436,1.915,9,true,false,candidate,002567
8,0.15,12,3.0,0.01,0.08737128259139938,0.08415148998212198,1.92,9,true,false,candidate,002568
8,0.15,12,3.0,0.02,0.08737125515869683,0.0841514441356749,1.92,9,true,false,candidate,002569
8,0.15,16,0.3,0.005,0.0015600224688911979,0.0015600224688911979,0.3,3,false,true,candidate,002570
8,0.15,16,0.3,0.01,0.0015600220396929654,0.0015600220396929654,0.3,3,false,true,candidate,002571
8,0.15,16,0.3,0.02,0.0015600105695268152,0.0015600105695268152,0.3,3,false,true,candidate,002572
8,0.15,16,0.5,0.005,0.004732107793374851,0.004732107793374851,0.5,4,true,true,candidate,002573
8,0.15,16,0.5,0.01,0.004732107123968765,0.004732107123968765,0.5,4,true,true,candidate,002574
8,0.15,16,0.5,0.02,0.0047320886722297395,0.0047320886722297395,0.5,4,true,true,candidate,002575
8,0.15,16,1.0,0.005,0.005538781070662857,0.0021092582899664425,0.62,7,true,true,candidate,002576
8,0.15,16,1.0,0.01,0.005538780349538142,0.0021092590487965523,0.62,7,true,true,candidate,002577
8,0.15,16,1.0,0.02,0.005538759176647812,0.0021092866296517077,0.62,7,true,true,candidate,002578
8,0.15,16,3.0,0.005,0.03860762625629499,0.027089058576923786,2.22,9,true,false,candidate,002579
8,0.15,16,3.0,0.01,0.03860762752075375,0.027089061590654495,2.22,9,true,false,candidate,002580
8,0.15,16,3.0,0.02,0.038607681437399566,0.027089155431616607,2.22,9,true,false,candidate,002581
8,0.2,4,0.3,0.005,0.004262179601413952,0.004262179601413952,0.3,4,true,true,candidate,002582
8,0.2,4,0.3,0.01,0.004262179607870565,0.004262179607870565,0.3,4,true,true,candidate,002583
8,0.2,4,0.3,0.02,0.00426217970351317,0.00426217970351317,0.3,4,true,true,candidate,002584
8,0.2,4,0.5,0.005,0.010369155842724355,0.010369155842724355,0.5,4,true,true,candidate,002585
8,0.2,4,0.5,0.01,0.010369155852330893,0.010369155852330893,0.5,4,true,true,candidate,002586
8,0.2,4,0.5,0.02,0.01036915599365962,0.01036915599365962,0.5,4,true,true,candidate,002587
8,0.2,4,1.0,0.005,0.03125744832594291,0.03125744832594291,1.0,4,true,false,candidate,002588
8,0.2,4,1.0,0.01,0.031257448338311684,0.031257448338311684,1.0,4,true,false,candidate,002589
8,0.2,4,1.0,0.02,0.031257448512354465,0.031257448512354465,1.0,4,true,false,candidate,002590
8,0.2,4,3.0,0.005,0.1134857752308708,0.1134857752308708,3.0,4,true,false,candidate,002591
8,0.2,4,3.0,0.01,0.113485775210761,0.113485775210761,3.0,4,true,false,candidate,002592
8,0.2,4,3.0,0.02,0.11348577494900272,0.11348577494900272,3.0,4,true,false,candidate,002593
8,0.2,6,0.3,0.005,0.009655790266851927,0.009655790266851927,0.3,3,false,true,candidate,002594
8,0.2,6,0.3,0.01,0.009655790237300677,0.009655790237300677,0.3,3,false,true,candidate,002595
8,0.2,6,0.3,0.02,0.009655789702969875,0.009655789702969875,0.3,3,false,true,candidate,002596
8,0.2,6,0.5,0.005,0.02279269585720156,0.02279269585720156,0.5,3,false,true,candidate,002597
8,0.2,6,0.5,0.01,0.022792695805881946,0.022792695805881946,0.5,3,false,true,candidate,002598
8,0.2,6,0.5,0.02,0.022792694875229946,0.022792694875229946,0.5,3,false,true,candidate,002599
8,0.2,6,1.0,0.005,0.04065551450743299,0.04034671443172422,0.9450000000000001,4,true,false,candidate,002600
8,0.2,6,1.0,0.01,0.04065335227852929,0.04034671441795945,0.9400000000000001,4,true,false,candidate,002601
8,0.2,6,1.0,0.02,0.04065335165261019,0.040346713962249536,0.9400000000000001,4,true,false,candidate,002602
8,0.2,6,3.0,0.005,0.04065551450743299,0.0012824548979554207,0.9450000000000001,6,true,false,candidate,002603
8,0.2,6,3.0,0.01,0.04065335227852929,0.0012824545915876007,0.9400000000000001,6,true,false,candidate,002604
8,0.2,6,3.0,0.02,0.04065335165261019,0.0012824503522669284,0.9400000000000001,6,true,false,candidate,002605
8,0.2,8,0.3,0.005,0.017759837043737292,0.017759837043737292,0.3,1,false,true,candidate,002606
8,0.2,8,0.3,0.01,0.01775983693785932,0.01775983693785932,0.3,1,false,true,candidate,002607
8,0.2,8,0.3,0.02,0.017759834805860963,0.017759834805860963,0.3,1,false,true,candidate,002608
8,0.2,8,0.5,0.005,0.04379166279912794,0.04379166279912794,0.5,2,false,false,candidate,002609
8,0.2,8,0.5,0.01,0.04379166259232026,0.04379166259232026,0.5,2,false,false,candidate,002610
8,0.2,8,0.5,0.02,0.04379165853427436,0.04379165853427436,0.5,2,false,false,candidate,002611
8,0.2,8,1.0,0.005,0.10461722547029817,0.10461722547029817,1.0,2,false,false,candidate,002612
8,0.2,8,1.0,0.01,0.1046172252042572,0.1046172252042572,1.0,2,false,false,candidate,002613
8,0.2,8,1.0,0.02,0.10461721937591717,0.10461721937591717,1.0,2,false,false,candidate,002614
8,0.2,8,3.0,0.005,0.11441338855282934,0.06581949415701871,1.325,6,true,false,candidate,002615
8,0.2,8,3.0,0.01,0.11441261637586742,0.06581949337611182,1.33,6,true,false,candidate,002616
8,0.2,8,3.0,0.02,0.11441101990478564,0.06581947626660911,1.32,6,true,false,candidate,002617
8,0.2,12,0.3,0.005,0.0035306348422131655,0.0035306348422131655,0.3,1,false,true,candidate,002618
8,0.2,12,0.3,0.01,0.0035306349077152137,0.0035306349077152137,0.3,1,false,true,candidate,002619
8,0.2,12,0.3,0.02,0.0035306379596630193,0.0035306379596630193,0.3,1,false,true,candidate,002620
8,0.2,12,0.5,0.005,0.004693882442035392,0.004447180235918614,0.44,1,false,true,candidate,002621
8,0.2,12,0.5,0.01,0.004693882585319221,0.004447180433777676,0.44,1,false,true,candidate,002622
8,0.2,12,0.5,0.02,0.004693887785992002,0.004447186894659395,0.44,1,false,true,candidate,002623
8,0.2,12,1.0,0.005,0.018307913434835957,0.018307913434835957,1.0,2,false,true,candidate,002624
8,0.2,12,1.0,0.01,0.01830791242973218,0.01830791242973218,1.0,2,false,true,candidate,002625
8,0.2,12,1.0,0.02,0.018307889685186377,0.018307889685186377,1.0,2,false,true,candidate,002626
8,0.2,12,3.0,0.005,0.0873727551291489,0.08415149156152436,1.915,6,true,false,candidate,002627
8,0.2,12,3.0,0.01,0.08737128259139938,0.08415148998212198,1.92,6,true,false,candidate,002628
8,0.2,12,3.0,0.02,0.08737125515869683,0.0841514441356749,1.92,6,true,false,candidate,002629
8,0.2,16,0.3,0.005,0.0015600224688911979,0.0015600224688911979,0.3,1,false,true,candidate,002630
8,0.2,16,0.3,0.01,0.0015600220396929654,0.0015600220396929654,0.3,1,false,true,candidate,002631
8,0.2,16,0.3,0.02,0.0015600105695268152,0.0015600105695268152,0.3,1,false,true,candidate,002632
8,0.2,16,0.5,0.005,0.004732107793374851,0.004732107793374851,0.5,1,false,true,candidate,002633
8,0.2,16,0.5,0.01,0.004732107123968765,0.004732107123968765,0.5,1,false,true,candidate,002634
8,0.2,16,0.5,0.02,0.0047320886722297395,0.0047320886722297395,0.5,1,false,true,candidate,002635
8,0.2,16,1.0,0.005,0.005538781070662857,0.0021092582899664425,0.62,3,false,true,candidate,002636
8,0.2,16,1.0,0.01,0.005538780349538142,0.0021092590487965523,0.62,3,false,true,candidate,002637
8,0.2,16,1.0,0.02,0.005538759176647812,0.0021092866296517077,0.62,3,false,true,candidate,002638
8,0.2,16,3.0,0.005,0.03860762625629499,0.027089058576923786,2.22,5,true,false,candidate,002639
8,0.2,16,3.0,0.01,0.03860762752075375,0.027089061590654495,2.22,5,true,false,candidate,002640
8,0.2,16,3.0,0.02,0.038607681437399566,0.027089155431616607,2.22,5,true,false,candidate,002641
8,0.25,4,0.3,0.005,0.004262179601413952,0.004262179601413952,0.3,2,false,true,candidate,002642
8,0.25,4,0.3,0.01,0.004262179607870565,0.004262179607870565,0.3,2,false,true,candidate,002643
8,0.25,4,0.3,0.02,0.00426217970351317,0.00426217970351317,0.3,2,false,true,candidate,002644
8,0.25,4,0.5,0.005,0.010369155842724355,0.010369155842724355,0.5,2,false,true,candidate,002645
8,0.25,4,0.5,0.01,0.010369155852330893,0.010369155852330893,0.5,2,false,true,candidate,002646
8,0.25,4,0.5,0.02,0.01036915599365962,0.01036915599365962,0.5,2,false,true,candidate,002647
8,0.25,4,1.0,0.005,0.03125744832594291,0.03125744832594291,1.0,2,false,false,candidate,002648
8,0.25,4,1.0,0.01,0.031257448338311684,0.031257448338311684,1.0,2,false,false,candidate,002649
8,0.25,4,1.0,0.02,0.031257448512354465,0.031257448512354465,1.0,2,false,false,candidate,002650
8,0.25,4,3.0,0.005,0.1134857752308708,0.1134857752308708,3.0,3,false,false,candidate,002651
8,0.25,4,3.0,0.01,0.113485775210761,0.113485775210761,3.0,3,false,false,candidate,002652
8,0.25,4,3.0,0.02,0.11348577494900272,0.11348577494900272,3.0,3,false,false,candidate,002653
8,0.25,6,0.3,0.005,0.009655790266851927,0.009655790266851927,0.3,2,false,true,candidate,002654
8,0.25,6,0.3,0.01,0.009655790237300677,0.009655790237300677,0.3,2,false,true,candidate,002655
8,0.25,6,0.3,0.02,0.009655789702969875,0.009655789702969875,0.3,2,false,true,candidate,002656
8,0.25,6,0.5,0.005,0.02279269585720156,0.02279269585720156,0.5,2,false,true,candidate,002657
8,0.25,6,0.5,0.01,0.022792695805881946,0.022792695805881946,0.5,2,false,true,candidate,002658
8,0.25,6,0.5,0.02,0.022792694875229946,0.022792694875229946,0.5,2,false,true,candidate,002659
8,0.25,6,1.0,0.005,0.04065551450743299,0.04034671443172422,0.9450000000000001,2,false,false,candidate,002660
8,0.25,6,1.0,0.01,0.04065335227852929,0.04034671441795945,0.9400000000000001,2,false,false,candidate,002661
8,0.25,6,1.0,0.02,0.04065335165261019,0.040346713962249536,0.9400000000000001,2,false,false,candidate,002662
8,0.25,6,3.0,0.005,0.04065551450743299,0.0012824548979554207,0.9450000000000001,5,true,false,candidate,002663
8,0.25,6,3.0,0.01,0.04065335227852929,0.0012824545915876007,0.9400000000000001,5,true,false,candidate,002664
8,0.25,6,3.0,0.02,0.04065335165261019,0.0012824503522669284,0.9400000000000001,5,true,false,candidate,002665
8,0.25,8,0.3,0.005,0.017759837043737292,0.017759837043737292,0.3,1,false,true,candidate,002666
8,0.25,8,0.3,0.01,0.01775983693785932,0.01775983693785932,0.3,1,false,true,candidate,002667
8,0.25,8,0.3,0.02,0.017759834805860963,0.017759834805860963,0.3,1,false,true,candidate,002668
8,0.25,8,0.5,0.005,0.04379166279912794,0.04379166279912794,0.5,1,false,false,candidate,002669
8,0.25,8,0.5,0.01,0.04379166259232026,0.04379166259232026,0.5,1,false,false,candidate,002670
8,0.25,8,0.5,0.02,0.04379165853427436,0.04379165853427436,0.5,1,false,false,candidate,002671
8,0.25,8,1.0,0.005,0.10461722547029817,0.10461722547029817,1.0,1,false,false,candidate,002672
8,0.25,8,1.0,0.01,0.1046172252042572,0.1046172252042572,1.0,1,false,false,candidate,002673
8,0.25,8,1.0,0.02,0.10461721937591717,0.10461721937591717,1.0,1,false,false,candidate,002674
8,0.25,8,3.0,0.005,0.11441338855282934,0.06581949415701871,1.325,4,true,false,candidate,002675
8,0.25,8,3.0,0.01,0.11441261637586742,0.06581949337611182,1.33,4,true,false,candidate,002676
8,0.25,8,3.0,0.02,0.11441101990478564,0.06581947626660911,1.32,4,true,false,candidate,002677
8,0.25,12,0.3,0.005,0.0035306348422131655,0.0035306348422131655,0.3,1,false,true,candidate,002678
8,0.25,12,0.3,0.01,0.0035306349077152137,0.0035306349077152137,0.3,1,false,true,candidate,002679
8,0.25,12,0.3,0.02,0.0035306379596630193,0.0035306379596630193,0.3,1,false,true,candidate,002680
8,0.25,12,0.5,0.005,0.004693882442035392,0.004447180235918614,0.44,1,false,true,candidate,002681
8,0.25,12,0.5,0.01,0.004693882585319221,0.004447180433777676,0.44,1,false,true,candidate,002682
8,0.25,12,0.5,0.02,0.004693887785992002,0.004447186894659395,0.44,1,false,true,candidate,002683
8,0.25,12,1.0,0.005,0.018307913434835957,0.018307913434835957,1.0,2,false,true,candidate,002684
8,0.25,12,1.0,0.01,0.01830791242973218,0.01830791242973218,1.0,2,false,true,candidate,002685
8,0.25,12,1.0,0.02,0.018307889685186377,0.018307889685186377,1.0,2,false,true,candidate,002686
8,0.25,12,3.0,0.005,0.0873727551291489,0.08415149156152436,1.915,4,true,false,candidate,002687
8,0.25,12,3.0,0.01,0.08737128259139938,0.08415148998212198,1.92,4,true,false,candidate,002688
8,0.25,12,3.0,0.02,0.08737125515869683,0.0841514441356749,1.92,4,true,false,candidate,002689
8,0.25,16,0.3,0.005,0.0015600224688911979,0.0015600224688911979,0.3,0,false,true,candidate,002690
8,0.25,16,0.3,0.01,0.0015600220396929654,0.0015600220396929654,0.3,0,false,true,candidate,002691
8,0.25,16,0.3,0.02,0.0015600105695268152,0.0015600105695268152,0.3,0,false,true,candidate,002692
8,0.25,16,0.5,0.005,0.004732107793374851,0.004732107793374851,0.5,1,false,true,candidate,002693
8,0.25,16,0.5,0.01,0.004732107123968765,0.004732107123968765,0.5,1,false,true,candidate,002694
8,0.25,16,0.5,0.02,0.0047320886722297395,0.0047320886722297395,0.5,1,false,true,candidate,002695
8,0.25,16,1.0,0.005,0.005538781070662857,0.0021092582899664425,0.62,1,false,true,candidate,002696
8,0.25,16,1.0,0.01,0.005538780349538142,0.0021092590487965523,0.62,1,false,true,candidate,002697
8,0.25,16,1.0,0.02,0.005538759176647812,0.0021092866296517077,0.62,1,false,true,candidate,002698
8,0.25,16,3.0,0.005,0.03860762625629499,0.027089058576923786,2.22,3,false,false,candidate,002699
8,0.25,16,3.0,0.01,0.03860762752075375,0.027089061590654495,2.22,3,false,false,candidate,002700
8,0.25,16,3.0,0.02,0.038607681437399566,0.027089155431616607,2.22,3,false,false,candidate,002701
9,0.05,4,0.3,0.005,0.0028924104692529262,0.0028924104692529262,0.3,4,true,true,candidate,002702
9,0.05,4,0.3,0.01,0.002892410454973904,0.002892410454973904,0.3,4,true,true,candidate,002703
9,0.05,4,0.3,0.02,0.002892410165521886,0.002892410165521886,0.3,4,true,true,candidate,002704
9,0.05,4,0.5,0.005,0.003080708376123953,0.0023864610794870345,0.375,4,true,true,candidate,002705
9,0.05,4,0.5,0.01,0.0030805094531829447,0.002386461067632073,0.37,4,true,true,candidate,002706
9,0.05,4,0.5,0.02,0.003078976972614722,0.002386460774709276,0.38,4,true,true,candidate,002707
9,0.05,4,1.0,0.005,0.016634177412310103,0.016634177412310103,1.0,4,true,true,candidate,002708
9,0.05,4,1.0,0.01,0.01663417737004602,0.01663417737004602,1.0,4,true,true,candidate,002709
9,0.05,4,1.0,0.02,0.016634176893760566,0.016634176893760566,1.0,4,true,true,candidate,002710
9,0.05,4,3.0,0.005,0.04980768981655126,0.010899874250463792,1.77,4,true,false,candidate,002711
9,0.05,4,3.0,0.01,0.049807689805580146,0.01089987402940773,1.77,4,true,false,candidate,002712
9,0.05,4,3.0,0.02,0.04980153952178479,0.010899869932267992,1.76,4,true,false,candidate,002713
9,0.05,6,0.3,0.005,0.00273913530626202,0.00273913530626202,0.3,6,true,true,candidate,002714
9,0.05,6,0.3,0.01,0.0027391352770904658,0.0027391352770904658,0.3,6,true,true,candidate,002715
9,0.05,6,0.3,0.02,0.0027391347810197257,0.0027391347810197257,0.3,6,true,true,candidate,002716
9,0.05,6,0.5,0.005,0.008788160222936272,0.008788160222936272,0.5,6,true,true,candidate,002717
9,0.05,6,0.5,0.01,0.008788160166889327,0.008788160166889327,0.5,6,true,true,candidate,002718
9,0.05,6,0.5,0.02,0.008788159215239457,0.008788159215239457,0.5,6,true,true,candidate,002719
9,0.05,6,1.0,0.005,0.03058484455983513,0.03058484455983513,1.0,6,true,false,candidate,002720
9,0.05,6,1.0,0.01,0.030584844476614366,0.030584844476614366,1.0,6,true,false,candidate,002721
9,0.05,6,1.0,0.02,0.03058484300203857,0.03058484300203857,1.0,6,true,false,candidate,002722
9,0.05,6,3.0,0.005,0.04437680719923676,0.009685254928623934,1.575,6,true,false,candidate,002723
9,0.05,6,3.0,0.01,0.044376180906294145,0.009685254786365506,1.57,6,true,false,candidate,002724
9,0.05,6,3.0,0.02,0.044375211897381035,0.009685252269410418,1.58,6,true,false,candidate,002725
9,0.05,8,0.3,0.005,0.0014351200508748718,0.0014351200508748718,0.3,8,true,true,candidate,002726
9,0.05,8,0.3,0.01,0.0014351200469495673,0.0014351200469495673,0.3,8,true,true,candidate,002727
9,0.05,8,0.3,0.02,0.0014351198361655104,0.0014351198361655104,0.3,8,true,true,candidate,002728
9,0.05,8,0.5,0.005,0.0028489611217497046,0.0028489611217497046,0.5,8,true,true,candidate,002729
9,0.05,8,0.5,0.01,0.0028489611184141506,0.0028489611184141506,0.5,8,true,true,candidate,002730
9,0.05,8,0.5,0.02,0.0028489608199502303,0.0028489608199502303,0.5,8,true,true,candidate,002731
9,0.05,8,1.0,0.005,0.013502948186135066,0.013502948186135066,1.0,8,true,true,candidate,002732
9,0.05,8,1.0,0.01,0.013502948205501353,0.013502948205501353,1.0,8,true,true,candidate,002733
9,0.05,8,1.0,0.02,0.013502948018156768,0.013502948018156768,1.0,8,true,true,candidate,002734
9,0.05,8,3.0,0.005,0.09902535997393902,0.09902535997393902,3.0,8,true,false,candidate,002735
9,0.05,8,3.0,0.01,0.09902536022406727,0.09902536022406727,3.0,8,true,false,candidate,002736
9,0.05,8,3.0,0.02,0.09902536545085416,0.09902536545085416,3.0,8,true,false,candidate,002737
9,0.05,12,0.3,0.005,0.0012845012596887084,0.0012845012596887084,0.3,12,true,true,candidate,002738
9,0.05,12,0.3,0.01,0.0012845010748914198,0.0012845010748914198,0.3,12,true,true,candidate,002739
9,0.05,12,0.3,0.02,0.0012844963712193014,0.0012844963712193014,0.3,12,true,true,candidate,002740
9,0.05,12,0.5,0.005,0.004254622270530861,0.004254622270530861,0.5,12,true,true,candidate,002741
9,0.05,12,0.5,0.01,0.004254621876560449,0.004254621876560449,0.5,12,true,true,candidate,002742
9,0.05,12,0.5,0.02,0.004254612667880409,0.004254612667880409,0.5,12,true,true,candidate,002743
9,0.05,12,1.0,0.005,0.02643033979596332,0.02643033979596332,1.0,12,true,true,candidate,002744
9,0.05,12,1.0,0.01,0.026430338734911407,0.026430338734911407,1.0,12,true,true,candidate,002745
9,0.05,12,1.0,0.02,0.026430315634948576,0.026430315634948576,1.0,12,true,true,candidate,002746
9,0.05,12,3.0,0.005,0.04372064495274386,0.02612741508743388,1.655,12,true,false,candidate,002747
9,0.05,12,3.0,0.01,0.04371935339204369,0.026127417589332458,1.6600000000000001,12,true,false,candidate,002748
9,0.05,12,3.0,0.02,0.04371932785092447,0.026127476605608768,1.6600000000000001,12,true,false,candidate,002749
9,0.05,16,0.3,0.005,0.00562802997646228,0.00562802997646228,0.3,16,true,true,candidate,002750
9,0.05,16,0.3,0.01,0.005628029900435317,0.005628029900435317,0.3,16,true,true,candidate,002751
9,0.05,16,0.3,0.02,0.005628027794807201,0.005628027794807201,0.3,16,true,true,candidate,002752
9,0.05,16,0.5,0.005,0.013200077657861022,0.013200077657861022,0.5,16,true,true,candidate,002753
9,0.05,16,0.5,0.01,0.013200077524077815,0.013200077524077815,0.5,16,true,true,candidate,002754
9,0.05,16,0.5,0.02,0.0132000738859418,0.0132000738859418,0.5,16,true,true,candidate,002755
9,0.05,16,1.0,0.005,0.030822190370876194,0.030822190370876194,1.0,16,true,false,candidate,002756
9,0.05,16,1.0,0.01,0.03082219024381139,0.03082219024381139,1.0,16,true,false,candidate,002757
9,0.05,16,1.0,0.02,0.030822185195755417,0.030822185195755417,1.0,16,true,false,candidate,002758
9,0.05,16,3.0,0.005,0.033924557860372746,0.017476280363619815,1.26,16,true,false,candidate,002759
9,0.05,16,3.0,0.01,0.03392455777074955,0.01747628021056802,1.26,16,true,false,candidate,002760
9,0.05,16,3.0,0.02,0.03392455257045802,0.017476269635564482,1.26,16,true,false,candidate,002761
9,0.1,4,0.3,0.005,0.0028924104692529262,0.0028924104692529262,0.3,4,true,true,candidate,002762
9,0.1,4,0.3,0.01,0.002892410454973904,0.002892410454973904,0.3,4,true,true,candidate,002763
9,0.1,4,0.3,0.02,0.002892410165521886,0.002892410165521886,0.3,4,true,true,candidate,002764
9,0.1,4,0.5,0.005,0.003080708376123953,0.0023864610794870345,0.375,4,true,true,candidate,002765
9,0.1,4,0.5,0.01,0.0030805094531829447,0.002386461067632073,0.37,4,true,true,candidate,002766
9,0.1,4,0.5,0.02,0.003078976972614722,0.002386460774709276,0.38,4,true,true,candidate,002767
9,0.1,4,1.0,0.005,0.016634177412310103,0.016634177412310103,1.0,4,true,true,candidate,002768
9,0.1,4,1.0,0.01,0.01663417737004602,0.01663417737004602,1.0,4,true,true,candidate,002769
9,0.1,4,1.0,0.02,0.016634176893760566,0.016634176893760566,1.0,4,true,true,candidate,002770
9,0.1,4,3.0,0.005,0.04980768981655126,0.010899874250463792,1.77,4,true,false,candidate,002771
9,0.1,4,3.0,0.01,0.049807689805580146,0.01089987402940773,1.77,4,true,false,candidate,002772
9,0.1,4,3.0,0.02,0.04980153952178479,0.010899869932267992,1.76,4,true,false,candidate,002773
9,0.1,6,0.3,0.005,0.00273913530626202,0.00273913530626202,0.3,6,true,true,candidate,002774
9,0.1,6,0.3,0.01,0.0027391352770904658,0.0027391352770904658,0.3,6,true,true,candidate,002775
9,0.1,6,0.3,0.02,0.0027391347810197257,0.0027391347810197257,0.3,6,true,true,candidate,002776
9,0.1,6,0.5,0.005,0.008788160222936272,0.008788160222936272,0.5,6,true,true,candidate,002777
9,0.1,6,0.5,0.01,0.008788160166889327,0.008788160166889327,0.5,6,true,true,candidate,002778
9,0.1,6,0.5,0.02,0.008788159215239457,0.008788159215239457,0.5,6,true,true,candidate,002779
9,0.1,6,1.0,0.005,0.03058484455983513,0.03058484455983513,1.0,6,true,false,candidate,002780
9,0.1,6,1.0,0.01,0.030584844476614366,0.030584844476614366,1.0,6,true,false,candidate,002781
9,0.1,6,1.0,0.02,0.03058484300203857,0.03058484300203857,1.0,6,true,false,candidate,002782
9,0.1,6,3.0,0.005,0.04437680719923676,0.009685254928623934,1.575,6,true,false,candidate,002783
9,0.1,6,3.0,0.01,0.044376180906294145,0.009685254786365506,1.57,6,true,false,candidate,002784
9,0.1,6,3.0,0.02,0.044375211897381035,0.009685252269410418,1.58,6,true,false,candidate,002785
9,0.1,8,0.3,0.005,0.0014351200508748718,0.0014351200508748718,0.3,8,true,true,candidate,002786
9,0.1,8,0.3,0.01,0.0014351200469495673,0.0014351200469495673,0.3,8,true,true,candidate,002787
9,0.1,8,0.3,0.02,0.0014351198361655104,0.0014351198361655104,0.3,8,true,true,candidate,002788
9,0.1,8,0.5,0.005,0.0028489611217497046,0.0028489611217497046,0.5,8,true,true,candidate,002789
9,0.1,8,0.5,0.01,0.0028489611184141506,0.0028489611184141506,0.5,8,true,true,candidate,002790
9,0.1,8,0.5,0.02,0.0028489608199502303,0.0028489608199502303,0.5,8,true,true,candidate,002791
9,0.1,8,1.0,0.005,0.013502948186135066,0.013502948186135066,1.0,8,true,true,candidate,002792
9,0.1,8,1.0,0.01,0.013502948205501353,0.013502948205501353,1.0,8,true,true,candidate,002793
9,0.1,8,1.0,0.02,0.013502948018156768,0.013502948018156768,1.0,8,true,true,candidate,002794
9,0.1,8,3.0,0.005,0.09902535997393902,0.09902535997393902,3.0,8,true,false,candidate,002795
9,0.1,8,3.0,0.01,0.09902536022406727,0.09902536022406727,3.0,8,true,false,candidate,002796
9,0.1,8,3.0,0.02,0.09902536545085416,0.09902536545085416,3.0,8,true,false,candidate,002797
9,0.1,12,0.3,0.005,0.0012845012596887084,0.0012845012596887084,0.3,6,true,true,candidate,002798
9,0.1,12,0.3,0.01,0.0012845010748914198,0.0012845010748914198,0.3,6,true,true,candidate,002799
9,0.1,12,0.3,0.02,0.0012844963712193014,0.0012844963712193014,0.3,6,true,true,candidate,002800
9,0.1,12,0.5,0.005,0.004254622270530861,0.004254622270530861,0.5,6,true,true,candidate,002801
9,0.1,12,0.5,0.01,0.004254621876560449,0.004254621876560449,0.5,6,true,true,candidate,002802
9,0.1,12,0.5,0.02,0.004254612667880409,0.004254612667880409,0.5,6,true,true,candidate,002803
9,0.1,12,1.0,0.005,0.02643033979596332,0.02643033979596332,1.0,8,true,true,candidate,002804
9,0.1,12,1.0,0.01,0.026430338734911407,0.026430338734911407,1.0,8,true,true,candidate,002805
9,0.1,12,1.0,0.02,0.026430315634948576,0.026430315634948576,1.0,8,true,true,candidate,002806
9,0.1,12,3.0,0.005,0.04372064495274386,0.02612741508743388,1.655,10,true,false,candidate,002807
9,0.1,12,3.0,0.01,0.04371935339204369,0.026127417589332458,1.6600000000000001,10,true,false,candidate,002808
9,0.1,12,3.0,0.02,0.04371932785092447,0.026127476605608768,1.6600000000000001,10,true,false,candidate,002809
9,0.1,16,0.3,0.005,0.00562802997646228,0.00562802997646228,0.3,4,true,true,candidate,002810
9,0.1,16,0.3,0.01,0.005628029900435317,0.005628029900435317,0.3,4,true,true,candidate,002811
9,0.1,16,0.3,0.02,0.005628027794807201,0.005628027794807201,0.3,4,true,true,candidate,002812
9,0.1,16,0.5,0.005,0.013200077657861022,0.013200077657861022,0.5,4,true,true,candidate,002813
9,0.1,16,0.5,0.01,0.013200077524077815,0.013200077524077815,0.5,4,true,true,candidate,002814
9,0.1,16,0.5,0.02,0.0132000738859418,0.0132000738859418,0.5,4,true,true,candidate,002815
9,0.1,16,1.0,0.005,0.030822190370876194,0.030822190370876194,1.0,7,true,false,candidate,002816
9,0.1,16,1.0,0.01,0.03082219024381139,0.03082219024381139,1.0,7,true,false,candidate,002817
9,0.1,16,1.0,0.02,0.030822185195755417,0.030822185195755417,1.0,7,true,false,candidate,002818
9,0.1,16,3.0,0.005,0.033924557860372746,0.017476280363619815,1.26,10,true,false,candidate,002819
9,0.1,16,3.0,0.01,0.03392455777074955,0.01747628021056802,1.26,10,true,false,candidate,002820
9,0.1,16,3.0,0.02,0.03392455257045802,0.017476269635564482,1.26,10,true,false,candidate,002821
9,0.15,4,0.3,0.005,0.0028924104692529262,0.0028924104692529262,0.3,4,true,true,candidate,002822
9,0.15,4,0.3,0.01,0.002892410454973904,0.002892410454973904,0.3,4,true,true,candidate,002823
9,0.15,4,0.3,0.02,0.002892410165521886,0.002892410165521886,0.3,4,true,true,candidate,002824
9,0.15,4,0.5,0.005,0.003080708376123953,0.0023864610794870345,0.375,4,true,true,candidate,002825
9,0.15,4,0.5,0.01,0.0030805094531829447,0.002386461067632073,0.37,4,true,true,candidate,002826
9,0.15,4,0.5,0.02,0.003078976972614722,0.002386460774709276,0.38,4,true,true,candidate,002827
9,0.15,4,1.0,0.005,0.016634177412310103,0.016634177412310103,1.0,4,true,true,candidate,002828
9,0.15,4,1.0,0.01,0.01663417737004602,0.01663417737004602,1.0,4,true,true,candidate,002829
9,0.15,4,1.0,0.02,0.016634176893760566,0.016634176893760566,1.0,4,true,true,candidate,002830
9,0.15,4,3.0,0.005,0.04980768981655126,0.010899874250463792,1.77,4,true,false,candidate,002831
9,0.15,4,3.0,0.01,0.049807689805580146,0.01089987402940773,1.77,4,true,false,candidate,002832
9,0.15,4,3.0,0.02,0.04980153952178479,0.010899869932267992,1.76,4,true,false,candidate,002833
9,0.15,6,0.3,0.005,0.00273913530626202,0.00273913530626202,0.3,4,true,true,candidate,002834
9,0.15,6,0.3,0.01,0.0027391352770904658,0.0027391352770904658,0.3,4,true,true,candidate,002835
9,0.15,6,0.3,0.02,0.0027391347810197257,0.0027391347810197257,0.3,4,true,true,candidate,002836
9,0.15,6,0.5,0.005,0.008788160222936272,0.008788160222936272,0.5,4,true,true,candidate,002837
9,0.15,6,0.5,0.01,0.008788160166889327,0.008788160166889327,0.5,4,true,true,candidate,002838
9,0.15,6,0.5,0.02,0.008788159215239457,0.008788159215239457,0.5,4,true,true,candidate,002839
9,0.15,6,1.0,0.005,0.03058484455983513,0.03058484455983513,1.0,4,true,false,candidate,002840
9,0.15,6,1.0,0.01,0.030584844476614366,0.030584844476614366,1.0,4,true,false,candidate,002841
9,0.15,6,1.0,0.02,0.03058484300203857,0.03058484300203857,1.0,4,true,false,candidate,002842
9,0.15,6,3.0,0.005,0.04437680719923676,0.009685254928623934,1.575,5,true,false,candidate,002843
9,0.15,6,3.0,0.01,0.044376180906294145,0.009685254786365506,1.57,5,true,false,candidate,002844
9,0.15,6,3.0,0.02,0.044375211897381035,0.009685252269410418,1.58,5,true,false,candidate,002845
9,0.15,8,0.3,0.005,0.0014351200508748718,0.0014351200508748718,0.3,3,false,true,candidate,002846
9,0.15,8,0.3,0.01,0.0014351200469495673,0.0014351200469495673,0.3,3,false,true,candidate,002847
9,0.15,8,0.3,0.02,0.0014351198361655104,0.0014351198361655104,0.3,3,false,true,candidate,002848
9,0.15,8,0.5,0.005,0.0028489611217497046,0.0028489611217497046,0.5,3,false,true,candidate,002849
9,0.15,8,0.5,0.01,0.0028489611184141506,0.0028489611184141506,0.5,3,false,true,candidate,002850
9,0.15,8,0.5,0.02,0.0028489608199502303,0.0028489608199502303,0.5,3,false,true,candidate,002851
9,0.15,8,1.0,0.005,0.013502948186135066,0.013502948186135066,1.0,3,false,true,candidate,002852
9,0.15,8,1.0,0.01,0.013502948205501353,0.013502948205501353,1.0,3,false,true,candidate,002853
9,0.15,8,1.0,0.02,0.013502948018156768,0.013502948018156768,1.0,3,false,true,candidate,002854
9,0.15,8,3.0,0.005,0.09902535997393902,0.09902535997393902,3.0,5,true,false,candidate,002855
9,0.15,8,3.0,0.01,0.09902536022406727,0.09902536022406727,3.0,5,true,false,candidate,002856
9,0.15,8,3.0,0.02,0.09902536545085416,0.09902536545085416,3.0,5,true,false,candidate,002857
9,0.15,12,0.3,0.005,0.0012845012596887084,0.0012845012596887084,0.3,3,false,true,candidate,002858
9,0.15,12,0.3,0.01,0.0012845010748914198,0.0012845010748914198,0.3,3,false,true,candidate,002859
9,0.15,12,0.3,0.02,0.0012844963712193014,0.0012844963712193014,0.3,3,false,true,candidate,002860
9,0.15,12,0.5,0.005,0.004254622270530861,0.004254622270530861,0.5,3,false,true,candidate,002861
9,0.15,12,0.5,0.01,0.004254621876560449,0.004254621876560449,0.5,3,false,true,candidate,002862
9,0.15,12,0.5,0.02,0.004254612667880409,0.004254612667880409,0.5,3,false,true,candidate,002863
9,0.15,12,1.0,0.005,0.02643033979596332,0.02643033979596332,1.0,5,true,true,candidate,002864
9,0.15,12,1.0,0.01,0.026430338734911407,0.026430338734911407,1.0,5,true,true,candidate,002865
9,0.15,12,1.0,0.02,0.026430315634948576,0.026430315634948576,1.0,5,true,true,candidate,002866
9,0.15,12,3.0,0.005,0.04372064495274386,0.02612741508743388,1.655,8,true,false,candidate,002867
9,0.15,12,3.0,0.01,0.04371935339204369,0.026127417589332458,1.6600000000000001,8,true,false,candidate,002868
9,0.15,12,3.0,0.02,0.04371932785092447,0.026127476605608768,1.6600000000000001,8,true,false,candidate,002869
9,0.15,16,0.3,0.005,0.00562802997646228,0.00562802997646228,0.3,2,false,true,candidate,002870
9,0.15,16,0.3,0.01,0.005628029900435317,0.005628029900435317,0.3,2,false,true,candidate,002871
9,0.15,16,0.3,0.02,0.005628027794807201,0.005628027794807201,0.3,2,false,true,candidate,002872
9,0.15,16,0.5,0.005,0.013200077657861022,0.013200077657861022,0.5,2,false,true,candidate,002873
9,0.15,16,0.5,0.01,0.013200077524077815,0.013200077524077815,0.5,2,false,true,candidate,002874
9,0.15,16,0.5,0.02,0.0132000738859418,0.0132000738859418,0.5,2,false,true,candidate,002875
9,0.15,16,1.0,0.005,0.030822190370876194,0.030822190370876194,1.0,3,false,false,candidate,002876
9,0.15,16,1.0,0.01,0.03082219024381139,0.03082219024381139,1.0,3,false,false,candidate,002877
9,0.15,16,1.0,0.02,0.030822185195755417,0.030822185195755417,1.0,3,false,false,candidate,002878
9,0.15,16,3.0,0.005,0.033924557860372746,0.017476280363619815,1.26,7,true,false,candidate,002879
9,0.15,16,3.0,0.01,0.03392455777074955,0.01747628021056802,1.26,7,true,false,candidate,002880
9,0.15,16,3.0,0.02,0.03392455257045802,0.017476269635564482,1.26,7,true,false,candidate,002881
9,0.2,4,0.3,0.005,0.0028924104692529262,0.0028924104692529262,0.3,4,true,true,candidate,002882
9,0.2,4,0.3,0.01,0.002892410454973904,0.002892410454973904,0.3,4,true,true,candidate,002883
9,0.2,4,0.3,0.02,0.002892410165521886,0.002892410165521886,0.3,4,true,true,candidate,002884
9,0.2,4,0.5,0.005,0.003080708376123953,0.0023864610794870345,0.375,4,true,true,candidate,002885
9,0.2,4,0.5,0.01,0.0030805094531829447,0.002386461067632073,0.37,4,true,true,candidate,002886
9,0.2,4,0.5,0.02,0.003078976972614722,0.002386460774709276,0.38,4,true,true,candidate,002887
9,0.2,4,1.0,0.005,0.016634177412310103,0.016634177412310103,1.0,4,true,true,candidate,002888
9,0.2,4,1.0,0.01,0.01663417737004602,0.01663417737004602,1.0,4,true,true,candidate,002889
9,0.2,4,1.0,0.02,0.016634176893760566,0.016634176893760566,1.0,4,true,true,candidate,002890
9,0.2,4,3.0,0.005,0.04980768981655126,0.010899874250463792,1.77,4,true,false,candidate,002891
9,0.2,4,3.0,0.01,0.049807689805580146,0.01089987402940773,1.77,4,true,false,candidate,002892
9,0.2,4,3.0,0.02,0.04980153952178479,0.010899869932267992,1.76,4,true,false,candidate,002893
9,0.2,6,0.3,0.005,0.00273913530626202,0.00273913530626202,0.3,2,false,true,candidate,002894
9,0.2,6,0.3,0.01,0.0027391352770904658,0.0027391352770904658,0.3,2,false,true,candidate,002895
9,0.2,6,0.3,0.02,0.0027391347810197257,0.0027391347810197257,0.3,2,false,true,candidate,002896
9,0.2,6,0.5,0.005,0.008788160222936272,0.008788160222936272,0.5,2,false,true,candidate,002897
9,0.2,6,0.5,0.01,0.008788160166889327,0.008788160166889327,0.5,2,false,true,candidate,002898
9,0.2,6,0.5,0.02,0.008788159215239457,0.008788159215239457,0.5,2,false,true,candidate,002899
9,0.2,6,1.0,0.005,0.03058484455983513,0.03058484455983513,1.0,2,false,false,candidate,002900
9,0.2,6,1.0,0.01,0.030584844476614366,0.030584844476614366,1.0,2,false,false,candidate,002901
9,0.2,6,1.0,0.02,0.03058484300203857,0.03058484300203857,1.0,2,false,false,candidate,002902
9,0.2,6,3.0,0.005,0.04437680719923676,0.009685254928623934,1.575,4,true,false,candidate,002903
9,0.2,6,3.0,0.01,0.044376180906294145,0.009685254786365506,1.57,4,true,false,candidate,002904
9,0.2,6,3.0,0.02,0.044375211897381035,0.009685252269410418,1.58,4,true,false,candidate,002905
9,0.2,8,0.3,0.005,0.0014351200508748718,0.0014351200508748718,0.3,2,false,true,candidate,002906
9,0.2,8,0.3,0.01,0.0014351200469495673,0.0014351200469495673,0.3,2,false,true,candidate,002907
9,0.2,8,0.3,0.02,0.0014351198361655104,0.0014351198361655104,0.3,2,false,true,candidate,002908
9,0.2,8,0.5,0.005,0.0028489611217497046,0.0028489611217497046,0.5,2,false,true,candidate,002909
9,0.2,8,0.5,0.01,0.0028489611184141506,0.0028489611184141506,0.5,2,false,true,candidate,002910
9,0.2,8,0.5,0.02,0.0028489608199502303,0.0028489608199502303,0.5,2,false,true,candidate,002911
9,0.2,8,1.0,0.005,0.013502948186135066,0.013502948186135066,1.0,2,false,true,candidate,002912
9,0.2,8,1.0,0.01,0.013502948205501353,0.013502948205501353,1.0,2,false,true,candidate,002913
9,0.2,8,1.0,0.02,0.013502948018156768,0.013502948018156768,1.0,2,false,true,candidate,002914
9,0.2,8,3.0,0.005,0.09902535997393902,0.09902535997393902,3.0,3,false,false,candidate,002915
9,0.2,8,3.0,0.01,0.09902536022406727,0.09902536022406727,3.0,3,false,false,candidate,002916
9,0.2,8,3.0,0.02,0.09902536545085416,0.09902536545085416,3.0,3,false,false,candidate,002917
9,0.2,12,0.3,0.005,0.0012845012596887084,0.0012845012596887084,0.3,1,false,true,candidate,002918
9,0.2,12,0.3,0.01,0.0012845010748914198,0.0012845010748914198,0.3,1,false,true,candidate,002919
9,0.2,12,0.3,0.02,0.0012844963712193014,0.0012844963712193014,0.3,1,false,true,candidate,002920
9,0.2,12,0.5,0.005,0.004254622270530861,0.004254622270530861,0.5,1,false,true,candidate,002921
9,0.2,12,0.5,0.01,0.004254621876560449,0.004254621876560449,0.5,1,false,true,candidate,002922
9,0.2,12,0.5,0.02,0.004254612667880409,0.004254612667880409,0.5,1,false,true,candidate,002923
9,0.2,12,1.0,0.005,0.02643033979596332,0.02643033979596332,1.0,3,false,true,candidate,002924
9,0.2,12,1.0,0.01,0.026430338734911407,0.026430338734911407,1.0,3,false,true,candidate,002925
9,0.2,12,1.0,0.02,0.026430315634948576,0.026430315634948576,1.0,3,false,true,candidate,002926
9,0.2,12,3.0,0.005,0.04372064495274386,0.02612741508743388,1.655,7,true,false,candidate,002927
9,0.2,12,3.0,0.01,0.04371935339204369,0.026127417589332458,1.6600000000000001,7,true,false,candidate,002928
9,0.2,12,3.0,0.02,0.04371932785092447,0.026127476605608768,1.6600000000000001,7,true,false,candidate,002929
9,0.2,16,0.3,0.005,0.00562802997646228,0.00562802997646228,0.3,1,false,true,candidate,002930
9,0.2,16,0.3,0.01,0.005628029900435317,0.005628029900435317,0.3,1,false,true,candidate,002931
9,0.2,16,0.3,0.02,0.005628027794807201,0.005628027794807201,0.3,1,false,true,candidate,002932
9,0.2,16,0.5,0.005,0.013200077657861022,0.013200077657861022,0.5,1,false,true,candidate,002933
9,0.2,16,0.5,0.01,0.013200077524077815,0.013200077524077815,0.5,1,false,true,candidate,002934
9,0.2,16,0.5,0.02,0.0132000738859418,0.0132000738859418,0.5,1,false,true,candidate,002935
9,0.2,16,1.0,0.005,0.030822190370876194,0.030822190370876194,1.0,2,false,false,candidate,002936
9,0.2,16,1.0,0.01,0.03082219024381139,0.03082219024381139,1.0,2,false,false,candidate,002937
9,0.2,16,1.0,0.02,0.030822185195755417,0.030822185195755417,1.0,2,false,false,candidate,002938
9,0.2,16,3.0,0.005,0.033924557860372746,0.017476280363619815,1.26,6,true,false,candidate,002939
9,0.2,16,3.0,0.01,0.03392455777074955,0.01747628021056802,1.26,6,true,false,candidate,002940
9,0.2,16,3.0,0.02,0.03392455257045802,0.017476269635564482,1.26,6,true,false,candidate,002941
9,0.25,4,0.3,0.005,0.0028924104692529262,0.0028924104692529262,0.3,2,false,true,candidate,002942
9,0.25,4,0.3,0.01,0.002892410454973904,0.002892410454973904,0.3,2,false,true,candidate,002943
9,0.25,4,0.3,0.02,0.002892410165521886,0.002892410165521886,0.3,2,false,true,candidate,002944
9,0.25,4,0.5,0.005,0.003080708376123953,0.0023864610794870345,0.375,2,false,true,candidate,002945
9,0.25,4,0.5,0.01,0.0030805094531829447,0.002386461067632073,0.37,2,false,true,candidate,002946
9,0.25,4,0.5,0.02,0.003078976972614722,0.002386460774709276,0.38,2,false,true,candidate,002947
9,0.25,4,1.0,0.005,0.016634177412310103,0.016634177412310103,1.0,2,false,true,candidate,002948
9,0.25,4,1.0,0.01,0.01663417737004602,0.01663417737004602,1.0,2,false,true,candidate,002949
9,0.25,4,1.0,0.02,0.016634176893760566,0.016634176893760566,1.0,2,false,true,candidate,002950
9,0.25,4,3.0,0.005,0.04980768981655126,0.010899874250463792,1.77,3,false,false,candidate,002951
9,0.25,4,3.0,0.01,0.049807689805580146,0.01089987402940773,1.77,3,false,false,candidate,002952
9,0.25,4,3.0,0.02,0.04980153952178479,0.010899869932267992,1.76,3,false,false,candidate,002953
9,0.25,6,0.3,0.005,0.00273913530626202,0.00273913530626202,0.3,1,false,true,candidate,002954
9,0.25,6,0.3,0.01,0.0027391352770904658,0.0027391352770904658,0.3,1,false,true,candidate,002955
9,0.25,6,0.3,0.02,0.0027391347810197257,0.0027391347810197257,0.3,1,false,true,candidate,002956
9,0.25,6,0.5,0.005,0.008788160222936272,0.008788160222936272,0.5,1,false,true,candidate,002957
9,0.25,6,0.5,0.01,0.008788160166889327,0.008788160166889327,0.5,1,false,true,candidate,002958
9,0.25,6,0.5,0.02,0.008788159215239457,0.008788159215239457,0.5,1,false,true,candidate,002959
9,0.25,6,1.0,0.005,0.03058484455983513,0.03058484455983513,1.0,1,false,false,candidate,002960
9,0.25,6,1.0,0.01,0.030584844476614366,0.030584844476614366,1.0,1,false,false,candidate,002961
9,0.25,6,1.0,0.02,0.03058484300203857,0.03058484300203857,1.0,1,false,false,candidate,002962
9,0.25,6,3.0,0.005,0.04437680719923676,0.009685254928623934,1.575,2,false,false,candidate,002963
9,0.25,6,3.0,0.01,0.044376180906294145,0.009685254786365506,1.57,2,false,false,candidate,002964
9,0.25,6,3.0,0.02,0.044375211897381035,0.009685252269410418,1.58,2,false,false,candidate,002965
9,0.25,8,0.3,0.005,0.0014351200508748718,0.0014351200508748718,0.3,1,false,true,candidate,002966
9,0.25,8,0.3,0.01,0.0014351200469495673,0.0014351200469495673,0.3,1,false,true,candidate,002967
9,0.25,8,0.3,0.02,0.0014351198361655104,0.0014351198361655104,0.3,1,false,true,candidate,002968
9,0.25,8,0.5,0.005,0.0028489611217497046,0.0028489611217497046,0.5,1,false,true,candidate,002969
9,0.25,8,0.5,0.01,0.0028489611184141506,0.0028489611184141506,0.5,1,false,true,candidate,002970
9,0.25,8,0.5,0.02,0.0028489608199502303,0.0028489608199502303,0.5,1,false,true,candidate,002971
9,0.25,8,1.0,0.005,0.013502948186135066,0.013502948186135066,1.0,1,false,true,candidate,002972
9,0.25,8,1.0,0.01,0.013502948205501353,0.013502948205501353,1.0,1,false,true,candidate,002973
9,0.25,8,1.0,0.02,0.013502948018156768,0.013502948018156768,1.0,1,false,true,candidate,002974
9,0.25,8,3.0,0.005,0.09902535997393902,0.09902535997393902,3.0,3,false,false,candidate,002975
9,0.25,8,3.0,0.01,0.09902536022406727,0.09902536022406727,3.0,3,false,false,candidate,002976
9,0.25,8,3.0,0.02,0.09902536545085416,0.09902536545085416,3.0,3,false,false,candidate,002977
9,0.25,12,0.3,0.005,0.0012845012596887084,0.0012845012596887084,0.3,0,false,true,candidate,002978
9,0.25,12,0.3,0.01,0.0012845010748914198,0.0012845010748914198,0.3,0,false,true,candidate,002979
9,0.25,12,0.3,0.02,0.0012844963712193014,0.0012844963712193014,0.3,0,false,true,candidate,002980
9,0.25,12,0.5,0.005,0.004254622270530861,0.004254622270530861,0.5,1,false,true,candidate,002981
9,0.25,12,0.5,0.01,0.004254621876560449,0.004254621876560449,0.5,1,false,true,candidate,002982
9,0.25,12,0.5,0.02,0.004254612667880409,0.004254612667880409,0.5,1,false,true,candidate,002983
9,0.25,12,1.0,0.005,0.02643033979596332,0.02643033979596332,1.0,3,false,true,candidate,002984
9,0.25,12,1.0,0.01,0.026430338734911407,0.026430338734911407,1.0,3,false,true,candidate,002985
9,0.25,12,1.0,0.02,0.026430315634948576,0.026430315634948576,1.0,3,false,true,candidate,002986
9,0.25,12,3.0,0.005,0.04372064495274386,0.02612741508743388,1.655,7,true,false,candidate,002987
9,0.25,12,3.0,0.01,0.04371935339204369,0.026127417589332458,1.6600000000000001,7,true,false,candidate,002988
9,0.25,12,3.0,0.02,0.04371932785092447,0.026127476605608768,1.6600000000000001,7,true,false,candidate,002989
9,0.25,16,0.3,0.005,0.00562802997646228,0.00562802997646228,0.3,0,false,true,candidate,002990
9,0.25,16,0.3,0.01,0.005628029900435317,0.005628029900435317,0.3,0,false,true,candidate,002991
9,0.25,16,0.3,0.02,0.005628027794807201,0.005628027794807201,0.3,0,false,true,candidate,002992
9,0.25,16,0.5,0.005,0.013200077657861022,0.013200077657861022,0.5,1,false,true,candidate,002993
9,0.25,16,0.5,0.01,0.013200077524077815,0.013200077524077815,0.5,1,false,true,candidate,002994
9,0.25,16,0.5,0.02,0.0132000738859418,0.0132000738859418,0.5,1,false,true,candidate,002995
9,0.25,16,1.0,0.005,0.030822190370876194,0.030822190370876194,1.0,1,false,false,candidate,002996
9,0.25,16,1.0,0.01,0.03082219024381139,0.03082219024381139,1.0,1,false,false,candidate,002997
9,0.25,16,1.0,0.02,0.030822185195755417,0.030822185195755417,1.0,1,false,false,candidate,002998
9,0.25,16,3.0,0.005,0.033924557860372746,0.017476280363619815,1.26,5,true,false,candidate,002999
9,0.25,16,3.0,0.01,0.03392455777074955,0.01747628021056802,1.26,5,true,false,candidate,003000
9,0.25,16,3.0,0.02,0.03392455257045802,0.017476269635564482,1.26,5,true,false,candidate,003001
10,0.05,4,0.3,0.005,0.0020265207660432605,0.0020265207660432605,0.3,4,true,true,candidate,003002
10,0.05,4,0.3,0.01,0.0020265207522500717,0.0020265207522500717,0.3,4,true,true,candidate,003003
10,0.05,4,0.3,0.02,0.0020265204717582197,0.0020265204717582197,0.3,4,true,true,candidate,003004
10,0.05,4,0.5,0.005,0.011571480983864513,0.011571480983864513,0.5,4,true,true,candidate,003005
10,0.05,4,0.5,0.01,0.011571480954199576,0.011571480954199576,0.5,4,true,true,candidate,003006
10,0.05,4,0.5,0.02,0.011571480379481525,0.011571480379481525,0.5,4,true,true,candidate,003007
10,0.05,4,1.0,0.005,0.060560684963875566,0.060560684963875566,1.0,4,true,false,candidate,003008
10,0.05,4,1.0,0.01,0.06056068488944755,0.06056068488944755,1.0,4,true,false,candidate,003009
10,0.05,4,1.0,0.02,0.06056068348888721,0.06056068348888721,1.0,4,true,false,candidate,003010
10,0.05,4,3.0,0.005,0.08990884241488706,0.008783805457094562,1.47,4,true,false,candidate,003011
10,0.05,4,3.0,0.01,0.08990884236696117,0.008783805249593435,1.47,4,true,false,candidate,003012
10,0.05,4,3.0,0.02,0.08989955711507491,0.008783801320980222,1.46,4,true,false,candidate,003013
10,0.05,6,0.3,0.005,0.00775483810766886,0.00775483810766886,0.3,6,true,true,candidate,003014
10,0.05,6,0.3,0.01,0.0077548380950474005,0.0077548380950474005,0.3,6,true,true,candidate,003015
10,0.05,6,0.3,0.02,0.007754838247099993,0.007754838247099993,0.3,6,true,true,candidate,003016
10,0.05,6,0.5,0.005,0.021842869755641647,0.021842869755641647,0.5,6,true,true,candidate,003017
10,0.05,6,0.5,0.01,0.021842869697303646,0.021842869697303646,0.5,6,true,true,candidate,003018
10,0.05,6,0.5,0.02,0.02184286934729962,0.02184286934729962,0.5,6,true,true,candidate,003019
10,0.05,6,1.0,0.005,0.07581521260483826,0.07581521260483826,1.0,6,true,false,candidate,003020
10,0.05,6,1.0,0.01,0.07581521247947376,0.07581521247947376,1.0,6,true,false,candidate,003021
10,0.05,6,1.0,0.02,0.07581521156716708,0.07581521156716708,1.0,6,true,false,candidate,003022
10,0.05,6,3.0,0.005,0.18014938252886792,0.15768312908797089,2.59,6,true,false,candidate,003023
10,0.05,6,3.0,0.01,0.1801493828681956,0.15768312990127342,2.59,6,true,false,candidate,003024
10,0.05,6,3.0,0.02,0.18013806715525638,0.15768314620050217,2.58,6,true,false,candidate,003025
10,0.05,8,0.3,0.005,0.003977542174950165,0.003977542174950165,0.3,8,true,true,candidate,003026
10,0.05,8,0.3,0.01,0.003977542143730472,0.003977542143730472,0.3,8,true,true,candidate,003027
10,0.05,8,0.3,0.02,0.003977541598987776,0.003977541598987776,0.3,8,true,true,candidate,003028
10,0.05,8,0.5,0.005,0.009332079563675764,0.009332079563675764,0.5,8,true,true,candidate,003029
10,0.05,8,0.5,0.01,0.009332079515262713,0.009332079515262713,0.5,8,true,true,candidate,003030
10,0.05,8,0.5,0.02,0.009332078661373753,0.009332078661373753,0.5,8,true,true,candidate,003031
10,0.05,8,1.0,0.005,0.024957805826371963,0.024957805826371963,1.0,8,true,true,candidate,003032
10,0.05,8,1.0,0.01,0.024957805766030232,0.024957805766030232,1.0,8,true,true,candidate,003033
10,0.05,8,1.0,0.02,0.024957804632368623,0.024957804632368623,1.0,8,true,true,candidate,003034
10,0.05,8,3.0,0.005,0.14304004764597808,0.14304004764597808,3.0,8,true,false,candidate,003035
10,0.05,8,3.0,0.01,0.14304004749485918,0.14304004749485918,3.0,8,true,false,candidate,003036
10,0.05,8,3.0,0.02,0.1430400444948012,0.1430400444948012,3.0,8,true,false,candidate,003037
10,0.05,12,0.3,0.005,0.009130698988362605,0.009130698988362605,0.3,12,true,true,candidate,003038
10,0.05,12,0.3,0.01,0.009130698642020317,0.009130698642020317,0.3,12,true,true,candidate,003039
10,0.05,12,0.3,0.02,0.009130691088625518,0.009130691088625518,0.3,12,true,true,candidate,003040
10,0.05,12,0.5,0.005,0.022789723371850142,0.022789723371850142,0.5,12,true,true,candidate,003041
10,0.05,12,0.5,0.01,0.022789722768232098,0.022789722768232098,0.5,12,true,true,candidate,003042
10,0.05,12,0.5,0.02,0.022789709716519276,0.022789709716519276,0.5,12,true,true,candidate,003043
10,0.05,12,1.0,0.005,0.04458937724910505,0.04458937724910505,1.0,12,true,false,candidate,003044
10,0.05,12,1.0,0.01,0.04458937592813816,0.04458937592813816,1.0,12,true,false,candidate,003045
10,0.05,12,1.0,0.02,0.04458934781963019,0.04458934781963019,1.0,12,true,false,candidate,003046
10,0.05,12,3.0,0.005,0.11739393840697218,0.11739393840697218,3.0,12,true,false,candidate,003047
10,0.05,12,3.0,0.01,0.11739393334960299,0.11739393334960299,3.0,12,true,false,candidate,003048
10,0.05,12,3.0,0.02,0.11739382894947112,0.11739382894947112,3.0,12,true,false,candidate,003049
10,0.05,16,0.3,0.005,0.008096084837807771,0.008096084837807771,0.3,16,true,true,candidate,003050
10,0.05,16,0.3,0.01,0.008096084425311068,0.008096084425311068,0.3,16,true,true,candidate,003051
10,0.05,16,0.3,0.02,0.00809607325753614,0.00809607325753614,0.3,16,true,true,candidate,003052
10,0.05,16,0.5,0.005,0.012704846396692115,0.012704846396692115,0.5,16,true,true,candidate,003053
10,0.05,16,0.5,0.01,0.012704845916197804,0.012704845916197804,0.5,16,true,true,candidate,003054
10,0.05,16,0.5,0.02,0.01270483056292826,0.01270483056292826,0.5,16,true,true,candidate,003055
10,0.05,16,1.0,0.005,0.012709672964009933,0.0013111803457414029,0.505,16,true,true,candidate,003056
10,0.05,16,1.0,0.01,0.012708432849795281,0.0013111812273078893,0.51,16,true,true,candidate,003057
10,0.05,16,1.0,0.02,0.01270483056292826,0.0013112103765000604,0.5,16,true,true,candidate,003058
10,0.05,16,3.0,0.005,0.045618809035377406,0.04350039698416386,2.84,16,true,false,candidate,003059
10,0.05,16,3.0,0.01,0.0456188117217633,0.043500400772952696,2.84,16,true,false,candidate,003060
10,0.05,16,3.0,0.02,0.045618896697338096,0.04350050602536604,2.84,16,true,false,candidate,003061
10,0.1,4,0.3,0.005,0.0020265207660432605,0.0020265207660432605,0.3,4,true,true,candidate,003062
10,0.1,4,0.3,0.01,0.0020265207522500717,0.0020265207522500717,0.3,4,true,true,candidate,003063
10,0.1,4,0.3,0.02,0.0020265204717582197,0.0020265204717582197,0.3,4,true,true,candidate,003064
10,0.1,4,0.5,0.005,0.011571480983864513,0.011571480983864513,0.5,4,true,true,candidate,003065
10,0.1,4,0.5,0.01,0.011571480954199576,0.011571480954199576,0.5,4,true,true,candidate,003066
10,0.1,4,0.5,0.02,0.011571480379481525,0.011571480379481525,0.5,4,true,true,candidate,003067
10,0.1,4,1.0,0.005,0.060560684963875566,0.060560684963875566,1.0,4,true,false,candidate,003068
10,0.1,4,1.0,0.01,0.06056068488944755,0.06056068488944755,1.0,4,true,false,candidate,003069
10,0.1,4,1.0,0.02,0.06056068348888721,0.06056068348888721,1.0,4,true,false,candidate,003070
10,0.1,4,3.0,0.005,0.08990884241488706,0.008783805457094562,1.47,4,true,false,candidate,003071
10,0.1,4,3.0,0.01,0.08990884236696117,0.008783805249593435,1.47,4,true,false,candidate,003072
10,0.1,4,3.0,0.02,0.08989955711507491,0.008783801320980222,1.46,4,true,false,candidate,003073
10,0.1,6,0.3,0.005,0.00775483810766886,0.00775483810766886,0.3,6,true,true,candidate,003074
10,0.1,6,0.3,0.01,0.0077548380950474005,0.0077548380950474005,0.3,6,true,true,candidate,003075
10,0.1,6,0.3,0.02,0.007754838247099993,0.007754838247099993,0.3,6,true,true,candidate,003076
10,0.1,6,0.5,0.005,0.021842869755641647,0.021842869755641647,0.5,6,true,true,candidate,003077
10,0.1,6,0.5,0.01,0.021842869697303646,0.021842869697303646,0.5,6,true,true,candidate,003078
10,0.1,6,0.5,0.02,0.02184286934729962,0.02184286934729962,0.5,6,true,true,candidate,003079
10,0.1,6,1.0,0.005,0.07581521260483826,0.07581521260483826,1.0,6,true,false,candidate,003080
10,0.1,6,1.0,0.01,0.07581521247947376,0.07581521247947376,1.0,6,true,false,candidate,003081
10,0.1,6,1.0,0.02,0.07581521156716708,0.07581521156716708,1.0,6,true,false,candidate,003082
10,0.1,6,3.0,0.005,0.18014938252886792,0.15768312908797089,2.59,6,true,false,candidate,003083
10,0.1,6,3.0,0.01,0.1801493828681956,0.15768312990127342,2.59,6,true,false,candidate,003084
10,0.1,6,3.0,0.02,0.18013806715525638,0.15768314620050217,2.58,6,true,false,candidate,003085
10,0.1,8,0.3,0.005,0.003977542174950165,0.003977542174950165,0.3,7,true,true,candidate,003086
10,0.1,8,0.3,0.01,0.003977542143730472,0.003977542143730472,0.3,7,true,true,candidate,003087
10,0.1,8,0.3,0.02,0.003977541598987776,0.003977541598987776,0.3,7,true,true,candidate,003088
10,0.1,8,0.5,0.005,0.009332079563675764,0.009332079563675764,0.5,7,true,true,candidate,003089
10,0.1,8,0.5,0.01,0.009332079515262713,0.009332079515262713,0.5,7,true,true,candidate,003090
10,0.1,8,0.5,0.02,0.009332078661373753,0.009332078661373753,0.5,7,true,true,candidate,003091
10,0.1,8,1.0,0.005,0.024957805826371963,0.024957805826371963,1.0,7,true,true,candidate,003092
10,0.1,8,1.0,0.01,0.024957805766030232,0.024957805766030232,1.0,7,true,true,candidate,003093
10,0.1,8,1.0,0.02,0.024957804632368623,0.024957804632368623,1.0,7,true,true,candidate,003094
10,0.1,8,3.0,0.005,0.14304004764597808,0.14304004764597808,3.0,7,true,false,candidate,003095
10,0.1,8,3.0,0.01,0.14304004749485918,0.14304004749485918,3.0,7,true,false,candidate,003096
10,0.1,8,3.0,0.02,0.1430400444948012,0.1430400444948012,3.0,7,true,false,candidate,003097
10,0.1,12,0.3,0.005,0.009130698988362605,0.009130698988362605,0.3,3,false,true,candidate,003098
10,0.1,12,0.3,0.01,0.009130698642020317,0.009130698642020317,0.3,3,false,true,candidate,003099
10,0.1,12,0.3,0.02,0.009130691088625518,0.009130691088625518,0.3,3,false,true,candidate,003100
10,0.1,12,0.5,0.005,0.022789723371850142,0.022789723371850142,0.5,4,true,true,candidate,003101
10,0.1,12,0.5,0.01,0.022789722768232098,0.022789722768232098,0.5,4,true,true,candidate,003102
10,0.1,12,0.5,0.02,0.022789709716519276,0.022789709716519276,0.5,4,true,true,candidate,003103
10,0.1,12,1.0,0.005,0.04458937724910505,0.04458937724910505,1.0,8,true,false,candidate,003104
10,0.1,12,1.0,0.01,0.04458937592813816,0.04458937592813816,1.0,8,true,false,candidate,003105
10,0.1,12,1.0,0.02,0.04458934781963019,0.04458934781963019,1.0,8,true,false,candidate,003106
10,0.1,12,3.0,0.005,0.11739393840697218,0.11739393840697218,3.0,9,true,false,candidate,003107
10,0.1,12,3.0,0.01,0.11739393334960299,0.11739393334960299,3.0,9,true,false,candidate,003108
10,0.1,12,3.0,0.02,0.11739382894947112,0.11739382894947112,3.0,9,true,false,candidate,003109
10,0.1,16,0.3,0.005,0.008096084837807771,0.008096084837807771,0.3,5,true,true,candidate,003110
10,0.1,16,0.3,0.01,0.008096084425311068,0.008096084425311068,0.3,5,true,true,candidate,003111
10,0.1,16,0.3,0.02,0.00809607325753614,0.00809607325753614,0.3,5,true,true,candidate,003112
10,0.1,16,0.5,0.005,0.012704846396692115,0.012704846396692115,0.5,6,true,true,candidate,003113
10,0.1,16,0.5,0.01,0.012704845916197804,0.012704845916197804,0.5,6,true,true,candidate,003114
10,0.1,16,0.5,0.02,0.01270483056292826,0.01270483056292826,0.5,6,true,true,candidate,003115
10,0.1,16,1.0,0.005,0.012709672964009933,0.0013111803457414029,0.505,9,true,true,candidate,003116
10,0.1,16,1.0,0.01,0.012708432849795281,0.0013111812273078893,0.51,9,true,true,candidate,003117
10,0.1,16,1.0,0.02,0.01270483056292826,0.0013112103765000604,0.5,9,true,true,candidate,003118
10,0.1,16,3.0,0.005,0.045618809035377406,0.04350039698416386,2.84,13,true,false,candidate,003119
10,0.1,16,3.0,0.01,0.0456188117217633,0.043500400772952696,2.84,13,true,false,candidate,003120
10,0.1,16,3.0,0.02,0.045618896697338096,0.04350050602536604,2.84,13,true,false,candidate,003121
10,0.15,4,0.3,0.005,0.0020265207660432605,0.0020265207660432605,0.3,4,true,true,candidate,003122
10,0.15,4,0.3,0.01,0.0020265207522500717,0.0020265207522500717,0.3,4,true,true,candidate,003123
10,0.15,4,0.3,0.02,0.0020265204717582197,0.0020265204717582197,0.3,4,true,true,candidate,003124
10,0.15,4,0.5,0.005,0.011571480983864513,0.011571480983864513,0.5,4,true,true,candidate,003125
10,0.15,4,0.5,0.01,0.011571480954199576,0.011571480954199576,0.5,4,true,true,candidate,003126
10,0.15,4,0.5,0.02,0.011571480379481525,0.011571480379481525,0.5,4,true,true,candidate,003127
10,0.15,4,1.0,0.005,0.060560684963875566,0.060560684963875566,1.0,4,true,false,candidate,003128
10,0.15,4,1.0,0.01,0.06056068488944755,0.06056068488944755,1.0,4,true,false,candidate,003129
10,0.15,4,1.0,0.02,0.06056068348888721,0.06056068348888721,1.0,4,true,false,candidate,003130
10,0.15,4,3.0,0.005,0.08990884241488706,0.008783805457094562,1.47,4,true,false,candidate,003131
10,0.15,4,3.0,0.01,0.08990884236696117,0.008783805249593435,1.47,4,true,false,candidate,003132
10,0.15,4,3.0,0.02,0.08989955711507491,0.008783801320980222,1.46,4,true,false,candidate,003133
10,0.15,6,0.3,0.005,0.00775483810766886,0.00775483810766886,0.3,6,true,true,candidate,003134
10,0.15,6,0.3,0.01,0.0077548380950474005,0.0077548380950474005,0.3,6,true,true,candidate,003135
10,0.15,6,0.3,0.02,0.007754838247099993,0.007754838247099993,0.3,6,true,true,candidate,003136
10,0.15,6,0.5,0.005,0.021842869755641647,0.021842869755641647,0.5,6,true,true,candidate,003137
10,0.15,6,0.5,0.01,0.021842869697303646,0.021842869697303646,0.5,6,true,true,candidate,003138
10,0.15,6,0.5,0.02,0.02184286934729962,0.02184286934729962,0.5,6,true,true,candidate,003139
10,0.15,6,1.0,0.005,0.07581521260483826,0.07581521260483826,1.0,6,true,false,candidate,003140
10,0.15,6,1.0,0.01,0.07581521247947376,0.07581521247947376,1.0,6,true,false,candidate,003141
10,0.15,6,1.0,0.02,0.07581521156716708,0.07581521156716708,1.0,6,true,false,candidate,003142
10,0.15,6,3.0,0.005,0.18014938252886792,0.15768312908797089,2.59,6,true,false,candidate,003143
10,0.15,6,3.0,0.01,0.1801493828681956,0.15768312990127342,2.59,6,true,false,candidate,003144
10,0.15,6,3.0,0.02,0.18013806715525638,0.15768314620050217,2.58,6,true,false,candidate,003145
10,0.15,8,0.3,0.005,0.003977542174950165,0.003977542174950165,0.3,3,false,true,candidate,003146
10,0.15,8,0.3,0.01,0.003977542143730472,0.003977542143730472,0.3,3,false,true,candidate,003147
10,0.15,8,0.3,0.02,0.003977541598987776,0.003977541598987776,0.3,3,false,true,candidate,003148
10,0.15,8,0.5,0.005,0.009332079563675764,0.009332079563675764,0.5,3,false,true,candidate,003149
10,0.15,8,0.5,0.01,0.009332079515262713,0.009332079515262713,0.5,3,false,true,candidate,003150
10,0.15,8,0.5,0.02,0.009332078661373753,0.009332078661373753,0.5,3,false,true,candidate,003151
10,0.15,8,1.0,0.005,0.024957805826371963,0.024957805826371963,1.0,3,false,true,candidate,003152
10,0.15,8,1.0,0.01,0.024957805766030232,0.024957805766030232,1.0,3,false,true,candidate,003153
10,0.15,8,1.0,0.02,0.024957804632368623,0.024957804632368623,1.0,3,false,true,candidate,003154
10,0.15,8,3.0,0.005,0.14304004764597808,0.14304004764597808,3.0,4,true,false,candidate,003155
10,0.15,8,3.0,0.01,0.14304004749485918,0.14304004749485918,3.0,4,true,false,candidate,003156
10,0.15,8,3.0,0.02,0.1430400444948012,0.1430400444948012,3.0,4,true,false,candidate,003157
10,0.15,12,0.3,0.005,0.009130698988362605,0.009130698988362605,0.3,2,false,true,candidate,003158
10,0.15,12,0.3,0.01,0.009130698642020317,0.009130698642020317,0.3,2,false,true,candidate,003159
10,0.15,12,0.3,0.02,0.009130691088625518,0.009130691088625518,0.3,2,false,true,candidate,003160
10,0.15,12,0.5,0.005,0.022789723371850142,0.022789723371850142,0.5,2,false,true,candidate,003161
10,0.15,12,0.5,0.01,0.022789722768232098,0.022789722768232098,0.5,2,false,true,candidate,003162
10,0.15,12,0.5,0.02,0.022789709716519276,0.022789709716519276,0.5,2,false,true,candidate,003163
10,0.15,12,1.0,0.005,0.04458937724910505,0.04458937724910505,1.0,6,true,false,candidate,003164
10,0.15,12,1.0,0.01,0.04458937592813816,0.04458937592813816,1.0,6,true,false,candidate,003165
10,0.15,12,1.0,0.02,0.04458934781963019,0.04458934781963019,1.0,6,true,false,candidate,003166
10,0.15,12,3.0,0.005,0.11739393840697218,0.11739393840697218,3.0,6,true,false,candidate,003167
10,0.15,12,3.0,0.01,0.11739393334960299,0.11739393334960299,3.0,6,true,false,candidate,003168
10,0.15,12,3.0,0.02,0.11739382894947112,0.11739382894947112,3.0,6,true,false,candidate,003169
10,0.15,16,0.3,0.005,0.008096084837807771,0.008096084837807771,0.3,3,false,true,candidate,003170
10,0.15,16,0.3,0.01,0.008096084425311068,0.008096084425311068,0.3,3,false,true,candidate,003171
10,0.15,16,0.3,0.02,0.00809607325753614,0.00809607325753614,0.3,3,false,true,candidate,003172
10,0.15,16,0.5,0.005,0.012704846396692115,0.012704846396692115,0.5,4,true,true,candidate,003173
10,0.15,16,0.5,0.01,0.012704845916197804,0.012704845916197804,0.5,4,true,true,candidate,003174
10,0.15,16,0.5,0.02,0.01270483056292826,0.01270483056292826,0.5,4,true,true,candidate,003175
10,0.15,16,1.0,0.005,0.012709672964009933,0.0013111803457414029,0.505,6,true,true,candidate,003176
10,0.15,16,1.0,0.01,0.012708432849795281,0.0013111812273078893,0.51,6,true,true,candidate,003177
10,0.15,16,1.0,0.02,0.01270483056292826,0.0013112103765000604,0.5,6,true,true,candidate,003178
10,0.15,16,3.0,0.005,0.045618809035377406,0.04350039698416386,2.84,11,true,false,candidate,003179
10,0.15,16,3.0,0.01,0.0456188117217633,0.043500400772952696,2.84,11,true,false,candidate,003180
10,0.15,16,3.0,0.02,0.045618896697338096,0.04350050602536604,2.84,11,true,false,candidate,003181
10,0.2,4,0.3,0.005,0.0020265207660432605,0.0020265207660432605,0.3,4,true,true,candidate,003182
10,0.2,4,0.3,0.01,0.0020265207522500717,0.0020265207522500717,0.3,4,true,true,candidate,003183
10,0.2,4,0.3,0.02,0.0020265204717582197,0.0020265204717582197,0.3,4,true,true,candidate,003184
10,0.2,4,0.5,0.005,0.011571480983864513,0.011571480983864513,0.5,4,true,true,candidate,003185
10,0.2,4,0.5,0.01,0.011571480954199576,0.011571480954199576,0.5,4,true,true,candidate,003186
10,0.2,4,0.5,0.02,0.011571480379481525,0.011571480379481525,0.5,4,true,true,candidate,003187
10,0.2,4,1.0,0.005,0.060560684963875566,0.060560684963875566,1.0,4,true,false,candidate,003188
10,0.2,4,1.0,0.01,0.06056068488944755,0.06056068488944755,1.0,4,true,false,candidate,003189
10,0.2,4,1.0,0.02,0.06056068348888721,0.06056068348888721,1.0,4,true,false,candidate,003190
10,0.2,4,3.0,0.005,0.08990884241488706,0.008783805457094562,1.47,4,true,false,candidate,003191
10,0.2,4,3.0,0.01,0.08990884236696117,0.008783805249593435,1.47,4,true,false,candidate,003192
10,0.2,4,3.0,0.02,0.08989955711507491,0.008783801320980222,1.46,4,true,false,candidate,003193
10,0.2,6,0.3,0.005,0.00775483810766886,0.00775483810766886,0.3,2,false,true,candidate,003194
10,0.2,6,0.3,0.01,0.0077548380950474005,0.0077548380950474005,0.3,2,false,true,candidate,003195
10,0.2,6,0.3,0.02,0.007754838247099993,0.007754838247099993,0.3,2,false,true,candidate,003196
10,0.2,6,0.5,0.005,0.021842869755641647,0.021842869755641647,0.5,2,false,true,candidate,003197
10,0.2,6,0.5,0.01,0.021842869697303646,0.021842869697303646,0.5,2,false,true,candidate,003198
10,0.2,6,0.5,0.02,0.02184286934729962,0.02184286934729962,0.5,2,false,true,candidate,003199
10,0.2,6,1.0,0.005,0.07581521260483826,0.07581521260483826,1.0,2,false,false,candidate,003200
10,0.2,6,1.0,0.01,0.07581521247947376,0.07581521247947376,1.0,2,false,false,candidate,003201
10,0.2,6,1.0,0.02,0.07581521156716708,0.07581521156716708,1.0,2,false,false,candidate,003202
10,0.2,6,3.0,0.005,0.18014938252886792,0.15768312908797089,2.59,5,true,false,candidate,003203
10,0.2,6,3.0,0.01,0.1801493828681956,0.15768312990127342,2.59,5,true,false,candidate,003204
10,0.2,6,3.0,0.02,0.18013806715525638,0.15768314620050217,2.58,5,true,false,candidate,003205
10,0.2,8,0.3,0.005,0.003977542174950165,0.003977542174950165,0.3,2,false,true,candidate,003206
10,0.2,8,0.3,0.01,0.003977542143730472,0.003977542143730472,0.3,2,false,true,candidate,003207
10,0.2,8,0.3,0.02,0.003977541598987776,0.003977541598987776,0.3,2,false,true,candidate,003208
10,0.2,8,0.5,0.005,0.009332079563675764,0.009332079563675764,0.5,3,false,true,candidate,003209
10,0.2,8,0.5,0.01,0.009332079515262713,0.009332079515262713,0.5,3,false,true,candidate,003210
10,0.2,8,0.5,0.02,0.009332078661373753,0.009332078661373753,0.5,3,false,true,candidate,003211
10,0.2,8,1.0,0.005,0.024957805826371963,0.024957805826371963,1.0,3,false,true,candidate,003212
10,0.2,8,1.0,0.01,0.024957805766030232,0.024957805766030232,1.0,3,false,true,candidate,003213
10,0.2,8,1.0,0.02,0.024957804632368623,0.024957804632368623,1.0,3,false,true,candidate,003214
10,0.2,8,3.0,0.005,0.14304004764597808,0.14304004764597808,3.0,4,true,false,candidate,003215
10,0.2,8,3.0,0.01,0.14304004749485918,0.14304004749485918,3.0,4,true,false,candidate,003216
10,0.2,8,3.0,0.02,0.1430400444948012,0.1430400444948012,3.0,4,true,false,candidate,003217
10,0.2,12,0.3,0.005,0.009130698988362605,0.009130698988362605,0.3,2,false,true,candidate,003218
10,0.2,12,0.3,0.01,0.009130698642020317,0.009130698642020317,0.3,2,false,true,candidate,003219
10,0.2,12,0.3,0.02,0.009130691088625518,0.009130691088625518,0.3,2,false,true,candidate,003220
10,0.2,12,0.5,0.005,0.022789723371850142,0.022789723371850142,0.5,2,false,true,candidate,003221
10,0.2,12,0.5,0.01,0.022789722768232098,0.022789722768232098,0.5,2,false,true,candidate,003222
10,0.2,12,0.5,0.02,0.022789709716519276,0.022789709716519276,0.5,2,false,true,candidate,003223
10,0.2,12,1.0,0.005,0.04458937724910505,0.04458937724910505,1.0,5,true,false,candidate,003224
10,0.2,12,1.0,0.01,0.04458937592813816,0.04458937592813816,1.0,5,true,false,candidate,003225
10,0.2,12,1.0,0.02,0.04458934781963019,0.04458934781963019,1.0,5,true,false,candidate,003226
10,0.2,12,3.0,0.005,0.11739393840697218,0.11739393840697218,3.0,6,true,false,candidate,003227
10,0.2,12,3.0,0.01,0.11739393334960299,0.11739393334960299,3.0,6,true,false,candidate,003228
10,0.2,12,3.0,0.02,0.11739382894947112,0.11739382894947112,3.0,6,true,false,candidate,003229
10,0.2,16,0.3,0.005,0.008096084837807771,0.008096084837807771,0.3,0,false,true,candidate,003230
10,0.2,16,0.3,0.01,0.008096084425311068,0.008096084425311068,0.3,0,false,true,candidate,003231
10,0.2,16,0.3,0.02,0.00809607325753614,0.00809607325753614,0.3,0,false,true,candidate,003232
10,0.2,16,0.5,0.005,0.012704846396692115,0.012704846396692115,0.5,0,false,true,candidate,003233
10,0.2,16,0.5,0.01,0.012704845916197804,0.012704845916197804,0.5,0,false,true,candidate,003234
10,0.2,16,0.5,0.02,0.01270483056292826,0.01270483056292826,0.5,0,false,true,candidate,003235
10,0.2,16,1.0,0.005,0.012709672964009933,0.0013111803457414029,0.505,1,false,true,candidate,003236
10,0.2,16,1.0,0.01,0.012708432849795281,0.0013111812273078893,0.51,1,false,true,candidate,003237
10,0.2,16,1.0,0.02,0.01270483056292826,0.0013112103765000604,0.5,1,false,true,candidate,003238
10,0.2,16,3.0,0.005,0.045618809035377406,0.04350039698416386,2.84,5,true,false,candidate,003239
10,0.2,16,3.0,0.01,0.0456188117217633,0.043500400772952696,2.84,5,true,false,candidate,003240
10,0.2,16,3.0,0.02,0.045618896697338096,0.04350050602536604,2.84,5,true,false,candidate,003241
10,0.25,4,0.3,0.005,0.0020265207660432605,0.0020265207660432605,0.3,3,false,true,candidate,003242
10,0.25,4,0.3,0.01,0.0020265207522500717,0.0020265207522500717,0.3,3,false,true,candidate,003243
10,0.25,4,0.3,0.02,0.0020265204717582197,0.0020265204717582197,0.3,3,false,true,candidate,003244
10,0.25,4,0.5,0.005,0.011571480983864513,0.011571480983864513,0.5,3,false,true,candidate,003245
10,0.25,4,0.5,0.01,0.011571480954199576,0.011571480954199576,0.5,3,false,true,candidate,003246
10,0.25,4,0.5,0.02,0.011571480379481525,0.011571480379481525,0.5,3,false,true,candidate,003247
10,0.25,4,1.0,0.005,0.060560684963875566,0.060560684963875566,1.0,3,false,false,candidate,003248
10,0.25,4,1.0,0.01,0.06056068488944755,0.06056068488944755,1.0,3,false,false,candidate,003249
10,0.25,4,1.0,0.02,0.06056068348888721,0.06056068348888721,1.0,3,false,false,candidate,003250
10,0.25,4,3.0,0.005,0.08990884241488706,0.008783805457094562,1.47,4,true,false,candidate,003251
10,0.25,4,3.0,0.01,0.08990884236696117,0.008783805249593435,1.47,4,true,false,candidate,003252
10,0.25,4,3.0,0.02,0.08989955711507491,0.008783801320980222,1.46,4,true,false,candidate,003253
10,0.25,6,0.3,0.005,0.00775483810766886,0.00775483810766886,0.3,1,false,true,candidate,003254
10,0.25,6,0.3,0.01,0.0077548380950474005,0.0077548380950474005,0.3,1,false,true,candidate,003255
10,0.25,6,0.3,0.02,0.007754838247099993,0.007754838247099993,0.3,1,false,true,candidate,003256
10,0.25,6,0.5,0.005,0.021842869755641647,0.021842869755641647,0.5,1,false,true,candidate,003257
10,0.25,6,0.5,0.01,0.021842869697303646,0.021842869697303646,0.5,1,false,true,candidate,003258
10,0.25,6,0.5,0.02,0.02184286934729962,0.02184286934729962,0.5,1,false,true,candidate,003259
10,0.25,6,1.0,0.005,0.07581521260483826,0.07581521260483826,1.0,1,false,false,candidate,003260
10,0.25,6,1.0,0.01,0.07581521247947376,0.07581521247947376,1.0,1,false,false,candidate,003261
10,0.25,6,1.0,0.02,0.07581521156716708,0.07581521156716708,1.0,1,false,false,candidate,003262
10,0.25,6,3.0,0.005,0.18014938252886792,0.15768312908797089,2.59,4,true,false,candidate,003263
10,0.25,6,3.0,0.01,0.1801493828681956,0.15768312990127342,2.59,4,true,false,candidate,003264
10,0.25,6,3.0,0.02,0.18013806715525638,0.15768314620050217,2.58,4,true,false,candidate,003265
10,0.25,8,0.3,0.005,0.003977542174950165,0.003977542174950165,0.3,0,false,true,candidate,003266
10,0.25,8,0.3,0.01,0.003977542143730472,0.003977542143730472,0.3,0,false,true,candidate,003267
10,0.25,8,0.3,0.02,0.003977541598987776,0.003977541598987776,0.3,0,false,true,candidate,003268
10,0.25,8,0.5,0.005,0.009332079563675764,0.009332079563675764,0.5,1,false,true,candidate,003269
10,0.25,8,0.5,0.01,0.009332079515262713,0.009332079515262713,0.5,1,false,true,candidate,003270
10,0.25,8,0.5,0.02,0.009332078661373753,0.009332078661373753,0.5,1,false,true,candidate,003271
10,0.25,8,1.0,0.005,0.024957805826371963,0.024957805826371963,1.0,1,false,true,candidate,003272
10,0.25,8,1.0,0.01,0.024957805766030232,0.024957805766030232,1.0,1,false,true,candidate,003273
10,0.25,8,1.0,0.02,0.024957804632368623,0.024957804632368623,1.0,1,false,true,candidate,003274
10,0.25,8,3.0,0.005,0.14304004764597808,0.14304004764597808,3.0,2,false,false,candidate,003275
10,0.25,8,3.0,0.01,0.14304004749485918,0.14304004749485918,3.0,2,false,false,candidate,003276
10,0.25,8,3.0,0.02,0.1430400444948012,0.1430400444948012,3.0,2,false,false,candidate,003277
10,0.25,12,0.3,0.005,0.009130698988362605,0.009130698988362605,0.3,2,false,true,candidate,003278
10,0.25,12,0.3,0.01,0.009130698642020317,0.009130698642020317,0.3,2,false,true,candidate,003279
10,0.25,12,0.3,0.02,0.009130691088625518,0.009130691088625518,0.3,2,false,true,candidate,003280
10,0.25,12,0.5,0.005,0.022789723371850142,0.022789723371850142,0.5,2,false,true,candidate,003281
10,0.25,12,0.5,0.01,0.022789722768232098,0.022789722768232098,0.5,2,false,true,candidate,003282
10,0.25,12,0.5,0.02,0.022789709716519276,0.022789709716519276,0.5,2,false,true,candidate,003283
10,0.25,12,1.0,0.005,0.04458937724910505,0.04458937724910505,1.0,2,false,false,candidate,003284
10,0.25,12,1.0,0.01,0.04458937592813816,0.04458937592813816,1.0,2,false,false,candidate,003285
10,0.25,12,1.0,0.02,0.04458934781963019,0.04458934781963019,1.0,2,false,false,candidate,003286
10,0.25,12,3.0,0.005,0.11739393840697218,0.11739393840697218,3.0,4,true,false,candidate,003287
10,0.25,12,3.0,0.01,0.11739393334960299,0.11739393334960299,3.0,4,true,false,candidate,003288
10,0.25,12,3.0,0.02,0.11739382894947112,0.11739382894947112,3.0,4,true,false,candidate,003289
10,0.25,16,0.3,0.005,0.008096084837807771,0.008096084837807771,0.3,0,false,true,candidate,003290
10,0.25,16,0.3,0.01,0.008096084425311068,0.008096084425311068,0.3,0,false,true,candidate,003291
10,0.25,16,0.3,0.02,0.00809607325753614,0.00809607325753614,0.3,0,false,true,candidate,003292
10,0.25,16,0.5,0.005,0.012704846396692115,0.012704846396692115,0.5,0,false,true,candidate,003293
10,0.25,16,0.5,0.01,0.012704845916197804,0.012704845916197804,0.5,0,false,true,candidate,003294
10,0.25,16,0.5,0.02,0.01270483056292826,0.01270483056292826,0.5,0,false,true,candidate,003295
10,0.25,16,1.0,0.005,0.012709672964009933,0.0013111803457414029,0.505,1,false,true,candidate,003296
10,0.25,16,1.0,0.01,0.012708432849795281,0.0013111812273078893,0.51,1,false,true,candidate,003297
10,0.25,16,1.0,0.02,0.01270483056292826,0.0013112103765000604,0.5,1,false,true,candidate,003298
10,0.25,16,3.0,0.005,0.045618809035377406,0.04350039698416386,2.84,2,false,false,candidate,003299
10,0.25,16,3.0,0.01,0.0456188117217633,0.043500400772952696,2.84,2,false,false,candidate,003300
10,0.25,16,3.0,0.02,0.045618896697338096,0.04350050602536604,2.84,2,false,false,candidate,003301
11,0.05,4,0.3,0.005,0.005424639653939245,0.005424639653939245,0.3,4,true,true,candidate,003302
11,0.05,4,0.3,0.01,0.0054246396540266195,0.0054246396540266195,0.3,4,true,true,candidate,003303
11,0.05,4,0.3,0.02,0.005424639665488673,0.005424639665488673,0.3,4,true,true,candidate,003304
11,0.05,4,0.5,0.005,0.01462260500583934,0.01462260500583934,0.5,4,true,true,candidate,003305
11,0.05,4,0.5,0.01,0.01462260500468704,0.01462260500468704,0.5,4,true,true,candidate,003306
11,0.05,4,0.5,0.02,0.014622605002832856,0.014622605002832856,0.5,4,true,true,candidate,003307
11,0.05,4,1.0,0.005,0.051469386669818484,0.051469386669818484,1.0,4,true,false,candidate,003308
11,0.05,4,1.0,0.01,0.05146938666888157,0.05146938666888157,1.0,4,true,false,candidate,003309
11,0.05,4,1.0,0.02,0.05146938668469625,0.05146938668469625,1.0,4,true,false,candidate,003310
11,0.05,4,3.0,0.005,0.10152308304551128,0.08137276845034047,2.015,4,true,false,candidate,003311
11,0.05,4,3.0,0.01,0.10152300398658443,0.0813727685083444,2.02,4,true,false,candidate,003312
11,0.05,4,3.0,0.02,0.10152300518983948,0.08137276956376771,2.02,4,true,false,candidate,003313
11,0.05,6,0.3,0.005,0.007121837392912058,0.007121837392912058,0.3,6,true,true,candidate,003314
11,0.05,6,0.3,0.01,0.007121837368448182,0.007121837368448182,0.3,6,true,true,candidate,003315
11,0.05,6,0.3,0.02,0.007121837039499425,0.007121837039499425,0.3,6,true,true,candidate,003316
11,0.05,6,0.5,0.005,0.01421135289688125,0.01421135289688125,0.5,6,true,true,candidate,003317
11,0.05,6,0.5,0.01,0.014211352854747176,0.014211352854747176,0.5,6,true,true,candidate,003318
11,0.05,6,0.5,0.02,0.014211352278146187,0.014211352278146187,0.5,6,true,true,candidate,003319
11,0.05,6,1.0,0.005,0.021320522356251596,0.019806767748588253,0.855,6,true,true,candidate,003320
11,0.05,6,1.0,0.01,0.021319089659480043,0.019806767738144385,0.85,6,true,true,candidate,003321
11,0.05,6,1.0,0.02,0.021318490234526703,0.019806767746047952,0.86,6,true,true,candidate,003322
11,0.05,6,3.0,0.005,0.08930339433136038,0.08930339433136038,3.0,6,true,false,candidate,003323
11,0.05,6,3.0,0.01,0.08930339447071158,0.08930339447071158,3.0,6,true,false,candidate,003324
11,0.05,6,3.0,0.02,0.08930339611746164,0.08930339611746164,3.0,6,true,false,candidate,003325
11,0.05,8,0.3,0.005,0.0019335791135002278,0.0019335791135002278,0.3,8,true,true,candidate,003326
11,0.05,8,0.3,0.01,0.0019335790891505944,0.0019335790891505944,0.3,8,true,true,candidate,003327
11,0.05,8,0.3,0.02,0.001933578481305931,0.001933578481305931,0.3,8,true,true,candidate,003328
11,0.05,8,0.5,0.005,0.002531006693761162,0.002467588826210232,0.455,8,true,true,candidate,003329
11,0.05,8,0.5,0.01,0.002530793111984231,0.0024675887934280105,0.46,8,true,true,candidate,003330
11,0.05,8,0.5,0.02,0.002530792248660818,0.0024675878986561983,0.46,8,true,true,candidate,003331
11,0.05,8,1.0,0.005,0.013965469471203917,0.013965469471203917,1.0,8,true,true,candidate,003332
11,0.05,8,1.0,0.01,0.013965469381429618,0.013965469381429618,1.0,8,true,true,candidate,003333
11,0.05,8,1.0,0.02,0.013965468689203675,0.013965468689203675,1.0,8,true,true,candidate,003334
11,0.05,8,3.0,0.005,0.11317304964205699,0.11317304964205699,3.0,8,true,false,candidate,003335
11,0.05,8,3.0,0.01,0.11317304946688855,0.11317304946688855,3.0,8,true,false,candidate,003336
11,0.05,8,3.0,0.02,0.113173048621387,0.113173048621387,3.0,8,true,false,candidate,003337
11,0.05,12,0.3,0.005,0.0022216553551379636,0.0022216553551379636,0.3,12,true,true,candidate,003338
11,0.05,12,0.3,0.01,0.002221655486923102,0.002221655486923102,0.3,12,true,true,candidate,003339
11,0.05,12,0.3,0.02,0.002221659911514351,0.002221659911514351,0.3,12,true,true,candidate,003340
11,0.05,12,0.5,0.005,0.005239464268378957,0.005239464268378957,0.5,12,true,true,candidate,003341
11,0.05,12,0.5,0.01,0.005239464461806453,0.005239464461806453,0.5,12,true,true,candidate,003342
11,0.05,12,0.5,0.02,0.00523947140641412,0.00523947140641412,0.5,12,true,true,candidate,003343
11,0.05,12,1.0,0.005,0.009585003440000572,0.00896365597968296,0.875,12,true,true,candidate,003344
11,0.05,12,1.0,0.01,0.009584534353942686,0.008963656491141947,0.88,12,true,true,candidate,003345
11,0.05,12,1.0,0.02,0.009584547574854718,0.008963672330301709,0.88,12,true,true,candidate,003346
11,0.05,12,3.0,0.005,0.025291509294252723,0.025291509294252723,3.0,12,true,true,candidate,003347
11,0.05,12,3.0,0.01,0.02529150788213519,0.02529150788213519,3.0,12,true,true,candidate,003348
11,0.05,12,3.0,0.02,0.025291462358807193,0.025291462358807193,3.0,12,true,true,candidate,003349
11,0.05,16,0.3,0.005,0.008839924281691338,0.008839924281691338,0.3,16,true,true,candidate,003350
11,0.05,16,0.3,0.01,0.008839924376070065,0.008839924376070065,0.3,16,true,true,candidate,003351
11,0.05,16,0.3,0.02,0.008839930604762293,0.008839930604762293,0.3,16,true,true,candidate,003352
11,0.05,16,0.5,0.005,0.02209762599417309,0.02209762599417309,0.5,16,true,true,candidate,003353
11,0.05,16,0.5,0.01,0.022097626087984493,0.022097626087984493,0.5,16,true,true,candidate,003354
11,0.05,16,0.5,0.02,0.022097635326473467,0.022097635326473467,0.5,16,true,true,candidate,003355
11,0.05,16,1.0,0.005,0.036435922955378904,0.03619387406640707,0.92,16,true,false,candidate,003356
11,0.05,16,1.0,0.01,0.036435923780541286,0.03619387504666161,0.92,16,true,false,candidate,003357
11,0.05,16,1.0,0.02,0.036435951040383226,0.03619390604225104,0.92,16,true,false,candidate,003358
11,0.05,16,3.0,0.005,0.036435922955378904,0.03366299768853843,0.92,16,true,false,candidate,003359
11,0.05,16,3.0,0.01,0.036435923780541286,0.033663000136375694,0.92,16,true,false,candidate,003360
11,0.05,16,3.0,0.02,0.036435951040383226,0.0336630849005587,0.92,16,true,false,candidate,003361
11,0.1,4,0.3,0.005,0.005424639653939245,0.005424639653939245,0.3,4,true,true,candidate,003362
11,0.1,4,0.3,0.01,0.0054246396540266195,0.0054246396540266195,0.3,4,true,true,candidate,003363
11,0.1,4,0.3,0.02,0.005424639665488673,0.005424639665488673,0.3,4,true,true,candidate,003364
11,0.1,4,0.5,0.005,0.01462260500583934,0.01462260500583934,0.5,4,true,true,candidate,003365
11,0.1,4,0.5,0.01,0.01462260500468704,0.01462260500468704,0.5,4,true,true,candidate,003366
11,0.1,4,0.5,0.02,0.014622605002832856,0.014622605002832856,0.5,4,true,true,candidate,003367
11,0.1,4,1.0,0.005,0.051469386669818484,0.051469386669818484,1.0,4,true,false,candidate,003368
11,0.1,4,1.0,0.01,0.05146938666888157,0.05146938666888157,1.0,4,true,false,candidate,003369
11,0.1,4,1.0,0.02,0.05146938668469625,0.05146938668469625,1.0,4,true,false,candidate,003370
11,0.1,4,3.0,0.005,0.10152308304551128,0.08137276845034047,2.015,4,true,false,candidate,003371
11,0.1,4,3.0,0.01,0.10152300398658443,0.0813727685083444,2.02,4,true,false,candidate,003372
11,0.1,4,3.0,0.02,0.10152300518983948,0.08137276956376771,2.02,4,true,false,candidate,003373
11,0.1,6,0.3,0.005,0.007121837392912058,0.007121837392912058,0.3,6,true,true,candidate,003374
11,0.1,6,0.3,0.01,0.007121837368448182,0.007121837368448182,0.3,6,true,true,candidate,003375
11,0.1,6,0.3,0.02,0.007121837039499425,0.007121837039499425,0.3,6,true,true,candidate,003376
11,0.1,6,0.5,0.005,0.01421135289688125,0.01421135289688125,0.5,6,true,true,candidate,003377
11,0.1,6,0.5,0.01,0.014211352854747176,0.014211352854747176,0.5,6,true,true,candidate,003378
11,0.1,6,0.5,0.02,0.014211352278146187,0.014211352278146187,0.5,6,true,true,candidate,003379
11,0.1,6,1.0,0.005,0.021320522356251596,0.019806767748588253,0.855,6,true,true,candidate,003380
11,0.1,6,1.0,0.01,0.021319089659480043,0.019806767738144385,0.85,6,true,true,candidate,003381
11,0.1,6,1.0,0.02,0.021318490234526703,0.019806767746047952,0.86,6,true,true,candidate,003382
11,0.1,6,3.0,0.005,0.08930339433136038,0.08930339433136038,3.0,6,true,false,candidate,003383
11,0.1,6,3.0,0.01,0.08930339447071158,0.08930339447071158,3.0,6,true,false,candidate,003384
11,0.1,6,3.0,0.02,0.08930339611746164,0.08930339611746164,3.0,6,true,false,candidate,003385
11,0.1,8,0.3,0.005,0.0019335791135002278,0.0019335791135002278,0.3,8,true,true,candidate,003386
11,0.1,8,0.3,0.01,0.0019335790891505944,0.0019335790891505944,0.3,8,true,true,candidate,003387
11,0.1,8,0.3,0.02,0.001933578481305931,0.001933578481305931,0.3,8,true,true,candidate,003388
11,0.1,8,0.5,0.005,0.002531006693761162,0.002467588826210232,0.455,8,true,true,candidate,003389
11,0.1,8,0.5,0.01,0.002530793111984231,0.0024675887934280105,0.46,8,true,true,candidate,003390
11,0.1,8,0.5,0.02,0.002530792248660818,0.0024675878986561983,0.46,8,true,true,candidate,003391
11,0.1,8,1.0,0.005,0.013965469471203917,0.013965469471203917,1.0,8,true,true,candidate,003392
11,0.1,8,1.0,0.01,0.013965469381429618,0.013965469381429618,1.0,8,true,true,candidate,003393
11,0.1,8,1.0,0.02,0.013965468689203675,0.013965468689203675,1.0,8,true,true,candidate,003394
11,0.1,8,3.0,0.005,0.11317304964205699,0.11317304964205699,3.0,8,true,false,candidate,003395
11,0.1,8,3.0,0.01,0.11317304946688855,0.11317304946688855,3.0,8,true,false,candidate,003396
11,0.1,8,3.0,0.02,0.113173048621387,0.113173048621387,3.0,8,true,false,candidate,003397
11,0.1,12,0.3,0.005,0.0022216553551379636,0.0022216553551379636,0.3,4,true,true,candidate,003398
11,0.1,12,0.3,0.01,0.002221655486923102,0.002221655486923102,0.3,4,true,true,candidate,003399
11,0.1,12,0.3,0.02,0.002221659911514351,0.002221659911514351,0.3,4,true,true,candidate,003400
11,0.1,12,0.5,0.005,0.005239464268378957,0.005239464268378957,0.5,4,true,true,candidate,003401
11,0.1,12,0.5,0.01,0.005239464461806453,0.005239464461806453,0.5,4,true,true,candidate,003402
11,0.1,12,0.5,0.02,0.00523947140641412,0.00523947140641412,0.5,4,true,true,candidate,003403
11,0.1,12,1.0,0.005,0.009585003440000572,0.00896365597968296,0.875,7,true,true,candidate,003404
11,0.1,12,1.0,0.01,0.009584534353942686,0.008963656491141947,0.88,7,true,true,candidate,003405
11,0.1,12,1.0,0.02,0.009584547574854718,0.008963672330301709,0.88,7,true,true,candidate,003406
11,0.1,12,3.0,0.005,0.025291509294252723,0.025291509294252723,3.0,10,true,true,candidate,003407
11,0.1,12,3.0,0.01,0.02529150788213519,0.02529150788213519,3.0,10,true,true,candidate,003408
11,0.1,12,3.0,0.02,0.025291462358807193,0.025291462358807193,3.0,10,true,true,candidate,003409
11,0.1,16,0.3,0.005,0.008839924281691338,0.008839924281691338,0.3,5,true,true,candidate,003410
11,0.1,16,0.3,0.01,0.008839924376070065,0.008839924376070065,0.3,5,true,true,candidate,003411
11,0.1,16,0.3,0.02,0.008839930604762293,0.008839930604762293,0.3,5,true,true,candidate,003412
11,0.1,16,0.5,0.005,0.02209762599417309,0.02209762599417309,0.5,6,true,true,candidate,003413
11,0.1,16,0.5,0.01,0.022097626087984493,0.022097626087984493,0.5,6,true,true,candidate,003414
11,0.1,16,0.5,0.02,0.022097635326473467,0.022097635326473467,0.5,6,true,true,candidate,003415
11,0.1,16,1.0,0.005,0.036435922955378904,0.03619387406640707,0.92,7,true,false,candidate,003416
11,0.1,16,1.0,0.01,0.036435923780541286,0.03619387504666161,0.92,7,true,false,candidate,003417
11,0.1,16,1.0,0.02,0.036435951040383226,0.03619390604225104,0.92,7,true,false,candidate,003418
11,0.1,16,3.0,0.005,0.036435922955378904,0.03366299768853843,0.92,12,true,false,candidate,003419
11,0.1,16,3.0,0.01,0.036435923780541286,0.033663000136375694,0.92,12,true,false,candidate,003420
11,0.1,16,3.0,0.02,0.036435951040383226,0.0336630849005587,0.92,12,true,false,candidate,003421
11,0.15,4,0.3,0.005,0.005424639653939245,0.005424639653939245,0.3,4,true,true,candidate,003422
11,0.15,4,0.3,0.01,0.0054246396540266195,0.0054246396540266195,0.3,4,true,true,candidate,003423
11,0.15,4,0.3,0.02,0.005424639665488673,0.005424639665488673,0.3,4,true,true,candidate,003424
11,0.15,4,0.5,0.005,0.01462260500583934,0.01462260500583934,0.5,4,true,true,candidate,003425
11,0.15,4,0.5,0.01,0.01462260500468704,0.01462260500468704,0.5,4,true,true,candidate,003426
11,0.15,4,0.5,0.02,0.014622605002832856,0.014622605002832856,0.5,4,true,true,candidate,003427
11,0.15,4,1.0,0.005,0.051469386669818484,0.051469386669818484,1.0,4,true,false,candidate,003428
11,0.15,4,1.0,0.01,0.05146938666888157,0.05146938666888157,1.0,4,true,false,candidate,003429
11,0.15,4,1.0,0.02,0.05146938668469625,0.05146938668469625,1.0,4,true,false,candidate,003430
11,0.15,4,3.0,0.005,0.10152308304551128,0.08137276845034047,2.015,4,true,false,candidate,003431
11,0.15,4,3.0,0.01,0.10152300398658443,0.0813727685083444,2.02,4,true,false,candidate,003432
11,0.15,4,3.0,0.02,0.10152300518983948,0.08137276956376771,2.02,4,true,false,candidate,003433
11,0.15,6,0.3,0.005,0.007121837392912058,0.007121837392912058,0.3,5,true,true,candidate,003434
11,0.15,6,0.3,0.01,0.007121837368448182,0.007121837368448182,0.3,5,true,true,candidate,003435
11,0.15,6,0.3,0.02,0.007121837039499425,0.007121837039499425,0.3,5,true,true,candidate,003436
11,0.15,6,0.5,0.005,0.01421135289688125,0.01421135289688125,0.5,5,true,true,candidate,003437
11,0.15,6,0.5,0.01,0.014211352854747176,0.014211352854747176,0.5,5,true,true,candidate,003438
11,0.15,6,0.5,0.02,0.014211352278146187,0.014211352278146187,0.5,5,true,true,candidate,003439
11,0.15,6,1.0,0.005,0.021320522356251596,0.019806767748588253,0.855,5,true,true,candidate,003440
11,0.15,6,1.0,0.01,0.021319089659480043,0.019806767738144385,0.85,5,true,true,candidate,003441
11,0.15,6,1.0,0.02,0.021318490234526703,0.019806767746047952,0.86,5,true,true,candidate,003442
11,0.15,6,3.0,0.005,0.08930339433136038,0.08930339433136038,3.0,6,true,false,candidate,003443
11,0.15,6,3.0,0.01,0.08930339447071158,0.08930339447071158,3.0,6,true,false,candidate,003444
11,0.15,6,3.0,0.02,0.08930339611746164,0.08930339611746164,3.0,6,true,false,candidate,003445
11,0.15,8,0.3,0.005,0.0019335791135002278,0.0019335791135002278,0.3,3,false,true,candidate,003446
11,0.15,8,0.3,0.01,0.0019335790891505944,0.0019335790891505944,0.3,3,false,true,candidate,003447
11,0.15,8,0.3,0.02,0.001933578481305931,0.001933578481305931,0.3,3,false,true,candidate,003448
11,0.15,8,0.5,0.005,0.002531006693761162,0.002467588826210232,0.455,4,true,true,candidate,003449
11,0.15,8,0.5,0.01,0.002530793111984231,0.0024675887934280105,0.46,4,true,true,candidate,003450
11,0.15,8,0.5,0.02,0.002530792248660818,0.0024675878986561983,0.46,4,true,true,candidate,003451
11,0.15,8,1.0,0.005,0.013965469471203917,0.013965469471203917,1.0,4,true,true,candidate,003452
11,0.15,8,1.0,0.01,0.013965469381429618,0.013965469381429618,1.0,4,true,true,candidate,003453
11,0.15,8,1.0,0.02,0.013965468689203675,0.013965468689203675,1.0,4,true,true,candidate,003454
11,0.15,8,3.0,0.005,0.11317304964205699,0.11317304964205699,3.0,6,true,false,candidate,003455
11,0.15,8,3.0,0.01,0.11317304946688855,0.11317304946688855,3.0,6,true,false,candidate,003456
11,0.15,8,3.0,0.02,0.113173048621387,0.113173048621387,3.0,6,true,false,candidate,003457
11,0.15,12,0.3,0.005,0.0022216553551379636,0.0022216553551379636,0.3,2,false,true,candidate,003458
11,0.15,12,0.3,0.01,0.002221655486923102,0.002221655486923102,0.3,2,false,true,candidate,003459
11,0.15,12,0.3,0.02,0.002221659911514351,0.002221659911514351,0.3,2,false,true,candidate,003460
11,0.15,12,0.5,0.005,0.005239464268378957,0.005239464268378957,0.5,2,false,true,candidate,003461
11,0.15,12,0.5,0.01,0.005239464461806453,0.005239464461806453,0.5,2,false,true,candidate,003462
11,0.15,12,0.5,0.02,0.00523947140641412,0.00523947140641412,0.5,2,false,true,candidate,003463
11,0.15,12,1.0,0.005,0.009585003440000572,0.00896365597968296,0.875,2,false,true,candidate,003464
11,0.15,12,1.0,0.01,0.009584534353942686,0.008963656491141947,0.88,2,false,true,candidate,003465
11,0.15,12,1.0,0.02,0.009584547574854718,0.008963672330301709,0.88,2,false,true,candidate,003466
11,0.15,12,3.0,0.005,0.025291509294252723,0.025291509294252723,3.0,8,true,true,candidate,003467
11,0.15,12,3.0,0.01,0.02529150788213519,0.02529150788213519,3.0,8,true,true,candidate,003468
11,0.15,12,3.0,0.02,0.025291462358807193,0.025291462358807193,3.0,8,true,true,candidate,003469
11,0.15,16,0.3,0.005,0.008839924281691338,0.008839924281691338,0.3,2,false,true,candidate,003470
11,0.15,16,0.3,0.01,0.008839924376070065,0.008839924376070065,0.3,2,false,true,candidate,003471
11,0.15,16,0.3,0.02,0.008839930604762293,0.008839930604762293,0.3,2,false,true,candidate,003472
11,0.15,16,0.5,0.005,0.02209762599417309,0.02209762599417309,0.5,2,false,true,candidate,003473
11,0.15,16,0.5,0.01,0.022097626087984493,0.022097626087984493,0.5,2,false,true,candidate,003474
11,0.15,16,0.5,0.02,0.022097635326473467,0.022097635326473467,0.5,2,false,true,candidate,003475
11,0.15,16,1.0,0.005,0.036435922955378904,0.03619387406640707,0.92,5,true,false,candidate,003476
11,0.15,16,1.0,0.01,0.036435923780541286,0.03619387504666161,0.92,5,true,false,candidate,003477
11,0.15,16,1.0,0.02,0.036435951040383226,0.03619390604225104,0.92,5,true,false,candidate,003478
11,0.15,16,3.0,0.005,0.036435922955378904,0.03366299768853843,0.92,10,true,false,candidate,003479
11,0.15,16,3.0,0.01,0.036435923780541286,0.033663000136375694,0.92,10,true,false,candidate,003480
11,0.15,16,3.0,0.02,0.036435951040383226,0.0336630849005587,0.92,10,true,false,candidate,003481
11,0.2,4,0.3,0.005,0.005424639653939245,0.005424639653939245,0.3,4,true,true,candidate,003482
11,0.2,4,0.3,0.01,0.0054246396540266195,0.0054246396540266195,0.3,4,true,true,candidate,003483
11,0.2,4,0.3,0.02,0.005424639665488673,0.005424639665488673,0.3,4,true,true,candidate,003484
11,0.2,4,0.5,0.005,0.01462260500583934,0.01462260500583934,0.5,4,true,true,candidate,003485
11,0.2,4,0.5,0.01,0.01462260500468704,0.01462260500468704,0.5,4,true,true,candidate,003486
11,0.2,4,0.5,0.02,0.014622605002832856,0.014622605002832856,0.5,4,true,true,candidate,003487
11,0.2,4,1.0,0.005,0.051469386669818484,0.051469386669818484,1.0,4,true,false,candidate,003488
11,0.2,4,1.0,0.01,0.05146938666888157,0.05146938666888157,1.0,4,true,false,candidate,003489
11,0.2,4,1.0,0.02,0.05146938668469625,0.05146938668469625,1.0,4,true,false,candidate,003490
11,0.2,4,3.0,0.005,0.10152308304551128,0.08137276845034047,2.015,4,true,false,candidate,003491
11,0.2,4,3.0,0.01,0.10152300398658443,0.0813727685083444,2.02,4,true,false,candidate,003492
11,0.2,4,3.0,0.02,0.10152300518983948,0.08137276956376771,2.02,4,true,false,candidate,003493
11,0.2,6,0.3,0.005,0.007121837392912058,0.007121837392912058,0.3,1,false,true,candidate,003494
11,0.2,6,0.3,0.01,0.007121837368448182,0.007121837368448182,0.3,1,false,true,candidate,003495
11,0.2,6,0.3,0.02,0.007121837039499425,0.007121837039499425,0.3,1,false,true,candidate,003496
11,0.2,6,0.5,0.005,0.01421135289688125,0.01421135289688125,0.5,2,false,true,candidate,003497
11,0.2,6,0.5,0.01,0.014211352854747176,0.014211352854747176,0.5,2,false,true,candidate,003498
11,0.2,6,0.5,0.02,0.014211352278146187,0.014211352278146187,0.5,2,false,true,candidate,003499
11,0.2,6,1.0,0.005,0.021320522356251596,0.019806767748588253,0.855,2,false,true,candidate,003500
11,0.2,6,1.0,0.01,0.021319089659480043,0.019806767738144385,0.85,2,false,true,candidate,003501
11,0.2,6,1.0,0.02,0.021318490234526703,0.019806767746047952,0.86,2,false,true,candidate,003502
11,0.2,6,3.0,0.005,0.08930339433136038,0.08930339433136038,3.0,3,false,false,candidate,003503
11,0.2,6,3.0,0.01,0.08930339447071158,0.08930339447071158,3.0,3,false,false,candidate,003504
11,0.2,6,3.0,0.02,0.08930339611746164,0.08930339611746164,3.0,3,false,false,candidate,003505
11,0.2,8,0.3,0.005,0.0019335791135002278,0.0019335791135002278,0.3,1,false,true,candidate,003506
11,0.2,8,0.3,0.01,0.0019335790891505944,0.0019335790891505944,0.3,1,false,true,candidate,003507
11,0.2,8,0.3,0.02,0.001933578481305931,0.001933578481305931,0.3,1,false,true,candidate,003508
11,0.2,8,0.5,0.005,0.002531006693761162,0.002467588826210232,0.455,1,false,true,candidate,003509
11,0.2,8,0.5,0.01,0.002530793111984231,0.0024675887934280105,0.46,1,false,true,candidate,003510
11,0.2,8,0.5,0.02,0.002530792248660818,0.0024675878986561983,0.46,1,false,true,candidate,003511
11,0.2,8,1.0,0.005,0.013965469471203917,0.013965469471203917,1.0,2,false,true,candidate,003512
11,0.2,8,1.0,0.01,0.013965469381429618,0.013965469381429618,1.0,2,false,true,candidate,003513
11,0.2,8,1.0,0.02,0.013965468689203675,0.013965468689203675,1.0,2,false,true,candidate,003514
11,0.2,8,3.0,0.005,0.11317304964205699,0.11317304964205699,3.0,5,true,false,candidate,003515
11,0.2,8,3.0,0.01,0.11317304946688855,0.11317304946688855,3.0,5,true,false,candidate,003516
11,0.2,8,3.0,0.02,0.113173048621387,0.113173048621387,3.0,5,true,false,candidate,003517
11,0.2,12,0.3,0.005,0.0022216553551379636,0.0022216553551379636,0.3,2,false,true,candidate,003518
11,0.2,12,0.3,0.01,0.002221655486923102,0.002221655486923102,0.3,2,false,true,candidate,003519
11,0.2,12,0.3,0.02,0.002221659911514351,0.002221659911514351,0.3,2,false,true,candidate,003520
11,0.2,12,0.5,0.005,0.005239464268378957,0.005239464268378957,0.5,2,false,true,candidate,003521
11,0.2,12,0.5,0.01,0.005239464461806453,0.005239464461806453,0.5,2,false,true,candidate,003522
11,0.2,12,0.5,0.02,0.00523947140641412,0.00523947140641412,0.5,2,false,true,candidate,003523
11,0.2,12,1.0,0.005,0.009585003440000572,0.00896365597968296,0.875,2,false,true,candidate,003524
11,0.2,12,1.0,0.01,0.009584534353942686,0.008963656491141947,0.88,2,false,true,candidate,003525
11,0.2,12,1.0,0.02,0.009584547574854718,0.008963672330301709,0.88,2,false,true,candidate,003526
11,0.2,12,3.0,0.005,0.025291509294252723,0.025291509294252723,3.0,6,true,true,candidate,003527
11,0.2,12,3.0,0.01,0.02529150788213519,0.02529150788213519,3.0,6,true,true,candidate,003528
11,0.2,12,3.0,0.02,0.025291462358807193,0.025291462358807193,3.0,6,true,true,candidate,003529
11,0.2,16,0.3,0.005,0.008839924281691338,0.008839924281691338,0.3,2,false,true,candidate,003530
11,0.2,16,0.3,0.01,0.008839924376070065,0.008839924376070065,0.3,2,false,true,candidate,003531
11,0.2,16,0.3,0.02,0.008839930604762293,0.008839930604762293,0.3,2,false,true,candidate,003532
11,0.2,16,0.5,0.005,0.02209762599417309,0.02209762599417309,0.5,2,false,true,candidate,003533
11,0.2,16,0.5,0.01,0.022097626087984493,0.022097626087984493,0.5,2,false,true,candidate,003534
11,0.2,16,0.5,0.02,0.022097635326473467,0.022097635326473467,0.5,2,false,true,candidate,003535
11,0.2,16,1.0,0.005,0.036435922955378904,0.03619387406640707,0.92,4,true,false,candidate,003536
11,0.2,16,1.0,0.01,0.036435923780541286,0.03619387504666161,0.92,4,true,false,candidate,003537
11,0.2,16,1.0,0.02,0.036435951040383226,0.03619390604225104,0.92,4,true,false,candidate,003538
11,0.2,16,3.0,0.005,0.036435922955378904,0.03366299768853843,0.92,9,true,false,candidate,003539
11,0.2,16,3.0,0.01,0.036435923780541286,0.033663000136375694,0.92,9,true,false,candidate,003540
11,0.2,16,3.0,0.02,0.036435951040383226,0.0336630849005587,0.92,9,true,false,candidate,003541
11,0.25,4,0.3,0.005,0.005424639653939245,0.005424639653939245,0.3,3,false,true,candidate,003542
11,0.25,4,0.3,0.01,0.0054246396540266195,0.0054246396540266195,0.3,3,false,true,candidate,003543
11,0.25,4,0.3,0.02,0.005424639665488673,0.005424639665488673,0.3,3,false,true,candidate,003544
11,0.25,4,0.5,0.005,0.01462260500583934,0.01462260500583934,0.5,3,false,true,candidate,003545
11,0.25,4,0.5,0.01,0.01462260500468704,0.01462260500468704,0.5,3,false,true,candidate,003546
11,0.25,4,0.5,0.02,0.014622605002832856,0.014622605002832856,0.5,3,false,true,candidate,003547
11,0.25,4,1.0,0.005,0.051469386669818484,0.051469386669818484,1.0,3,false,false,candidate,003548
11,0.25,4,1.0,0.01,0.05146938666888157,0.05146938666888157,1.0,3,false,false,candidate,003549
11,0.25,4,1.0,0.02,0.05146938668469625,0.05146938668469625,1.0,3,false,false,candidate,003550
11,0.25,4,3.0,0.005,0.10152308304551128,0.08137276845034047,2.015,4,true,false,candidate,003551
11,0.25,4,3.0,0.01,0.10152300398658443,0.0813727685083444,2.02,4,true,false,candidate,003552
11,0.25,4,3.0,0.02,0.10152300518983948,0.08137276956376771,2.02,4,true,false,candidate,003553
11,0.25,6,0.3,0.005,0.007121837392912058,0.007121837392912058,0.3,1,false,true,candidate,003554
11,0.25,6,0.3,0.01,0.007121837368448182,0.007121837368448182,0.3,1,false,true,candidate,003555
11,0.25,6,0.3,0.02,0.007121837039499425,0.007121837039499425,0.3,1,false,true,candidate,003556
11,0.25,6,0.5,0.005,0.01421135289688125,0.01421135289688125,0.5,1,false,true,candidate,003557
11,0.25,6,0.5,0.01,0.014211352854747176,0.014211352854747176,0.5,1,false,true,candidate,003558
11,0.25,6,0.5,0.02,0.014211352278146187,0.014211352278146187,0.5,1,false,true,candidate,003559
11,0.25,6,1.0,0.005,0.021320522356251596,0.019806767748588253,0.855,2,false,true,candidate,003560
11,0.25,6,1.0,0.01,0.021319089659480043,0.019806767738144385,0.85,2,false,true,candidate,003561
11,0.25,6,1.0,0.02,0.021318490234526703,0.019806767746047952,0.86,2,false,true,candidate,003562
11,0.25,6,3.0,0.005,0.08930339433136038,0.08930339433136038,3.0,3,false,false,candidate,003563
11,0.25,6,3.0,0.01,0.08930339447071158,0.08930339447071158,3.0,3,false,false,candidate,003564
11,0.25,6,3.0,0.02,0.08930339611746164,0.08930339611746164,3.0,3,false,false,candidate,003565
11,0.25,8,0.3,0.005,0.0019335791135002278,0.0019335791135002278,0.3,0,false,true,candidate,003566
11,0.25,8,0.3,0.01,0.0019335790891505944,0.0019335790891505944,0.3,0,false,true,candidate,003567
11,0.25,8,0.3,0.02,0.001933578481305931,0.001933578481305931,0.3,0,false,true,candidate,003568
11,0.25,8,0.5,0.005,0.002531006693761162,0.002467588826210232,0.455,1,false,true,candidate,003569
11,0.25,8,0.5,0.01,0.002530793111984231,0.0024675887934280105,0.46,1,false,true,candidate,003570
11,0.25,8,0.5,0.02,0.002530792248660818,0.0024675878986561983,0.46,1,false,true,candidate,003571
11,0.25,8,1.0,0.005,0.013965469471203917,0.013965469471203917,1.0,2,false,true,candidate,003572
11,0.25,8,1.0,0.01,0.013965469381429618,0.013965469381429618,1.0,2,false,true,candidate,003573
11,0.25,8,1.0,0.02,0.013965468689203675,0.013965468689203675,1.0,2,false,true,candidate,003574
11,0.25,8,3.0,0.005,0.11317304964205699,0.11317304964205699,3.0,4,true,false,candidate,003575
11,0.25,8,3.0,0.01,0.11317304946688855,0.11317304946688855,3.0,4,true,false,candidate,003576
11,0.25,8,3.0,0.02,0.113173048621387,0.113173048621387,3.0,4,true,false,candidate,003577
11,0.25,12,0.3,0.005,0.0022216553551379636,0.0022216553551379636,0.3,1,false,true,candidate,003578
11,0.25,12,0.3,0.01,0.002221655486923102,0.002221655486923102,0.3,1,false,true,candidate,003579
11,0.25,12,0.3,0.02,0.002221659911514351,0.002221659911514351,0.3,1,false,true,candidate,003580
11,0.25,12,0.5,0.005,0.005239464268378957,0.005239464268378957,0.5,2,false,true,candidate,003581
11,0.25,12,0.5,0.01,0.005239464461806453,0.005239464461806453,0.5,2,false,true,candidate,003582
11,0.25,12,0.5,0.02,0.00523947140641412,0.00523947140641412,0.5,2,false,true,candidate,003583
11,0.25,12,1.0,0.005,0.009585003440000572,0.00896365597968296,0.875,2,false,true,candidate,003584
11,0.25,12,1.0,0.01,0.009584534353942686,0.008963656491141947,0.88,2,false,true,candidate,003585
11,0.25,12,1.0,0.02,0.009584547574854718,0.008963672330301709,0.88,2,false,true,candidate,003586
11,0.25,12,3.0,0.005,0.025291509294252723,0.025291509294252723,3.0,5,true,true,candidate,003587
11,0.25,12,3.0,0.01,0.02529150788213519,0.02529150788213519,3.0,5,true,true,candidate,003588
11,0.25,12,3.0,0.02,0.025291462358807193,0.025291462358807193,3.0,5,true,true,candidate,003589
11,0.25,16,0.3,0.005,0.008839924281691338,0.008839924281691338,0.3,1,false,true,candidate,003590
11,0.25,16,0.3,0.01,0.008839924376070065,0.008839924376070065,0.3,1,false,true,candidate,003591
11,0.25,16,0.3,0.02,0.008839930604762293,0.008839930604762293,0.3,1,false,true,candidate,003592
11,0.25,16,0.5,0.005,0.02209762599417309,0.02209762599417309,0.5,2,false,true,candidate,003593
11,0.25,16,0.5,0.01,0.022097626087984493,0.022097626087984493,0.5,2,false,true,candidate,003594
11,0.25,16,0.5,0.02,0.022097635326473467,0.022097635326473467,0.5,2,false,true,candidate,003595
11,0.25,16,1.0,0.005,0.036435922955378904,0.03619387406640707,0.92,3,false,false,candidate,003596
11,0.25,16,1.0,0.01,0.036435923780541286,0.03619387504666161,0.92,3,false,false,candidate,003597
11,0.25,16,1.0,0.02,0.036435951040383226,0.03619390604225104,0.92,3,false,false,candidate,003598
11,0.25,16,3.0,0.005,0.036435922955378904,0.03366299768853843,0.92,8,true,false,candidate,003599
11,0.25,16,3.0,0.01,0.036435923780541286,0.033663000136375694,0.92,8,true,false,candidate,003600
11,0.25,16,3.0,0.02,0.036435951040383226,0.0336630849005587,0.92,8,true,false,candidate,003601
12,0.05,4,0.3,0.005,0.006059091394483797,0.006059091394483797,0.3,4,true,true,candidate,003602
12,0.05,4,0.3,0.01,0.006059091387534023,0.006059091387534023,0.3,4,true,true,candidate,003603
12,0.05,4,0.3,0.02,0.006059091269972285,0.006059091269972285,0.3,4,true,true,candidate,003604
12,0.05,4,0.5,0.005,0.013157012977112584,0.013157012977112584,0.5,4,true,true,candidate,003605
12,0.05,4,0.5,0.01,0.013157012964742257,0.013157012964742257,0.5,4,true,true,candidate,003606
12,0.05,4,0.5,0.02,0.013157012755296685,0.013157012755296685,0.5,4,true,true,candidate,003607
12,0.05,4,1.0,0.005,0.03471719467084645,0.03471719467084645,1.0,4,true,false,candidate,003608
12,0.05,4,1.0,0.01,0.03471719465397039,0.03471719465397039,1.0,4,true,false,candidate,003609
12,0.05,4,1.0,0.02,0.034717194356596044,0.034717194356596044,1.0,4,true,false,candidate,003610
12,0.05,4,3.0,0.005,0.05396964803383987,0.05396964803383987,3.0,4,true,false,candidate,003611
12,0.05,4,3.0,0.01,0.053969648071929624,0.053969648071929624,3.0,4,true,false,candidate,003612
12,0.05,4,3.0,0.02,0.05396964863573418,0.05396964863573418,3.0,4,true,false,candidate,003613
12,0.05,6,0.3,0.005,0.0051966665773561784,0.0051966665773561784,0.3,6,true,true,candidate,003614
12,0.05,6,0.3,0.01,0.005196666554813544,0.005196666554813544,0.3,6,true,true,candidate,003615
12,0.05,6,0.3,0.02,0.005196666382627834,0.005196666382627834,0.3,6,true,true,candidate,003616
12,0.05,6,0.5,0.005,0.013551934447990851,0.013551934447990851,0.5,6,true,true,candidate,003617
12,0.05,6,0.5,0.01,0.013551934408532414,0.013551934408532414,0.5,6,true,true,candidate,003618
12,0.05,6,0.5,0.02,0.013551934087559721,0.013551934087559721,0.5,6,true,true,candidate,003619
12,0.05,6,1.0,0.005,0.03179787012360357,0.03179787012360357,1.0,6,true,false,candidate,003620
12,0.05,6,1.0,0.01,0.031797870082052586,0.031797870082052586,1.0,6,true,false,candidate,003621
12,0.05,6,1.0,0.02,0.03179787002102818,0.03179787002102818,1.0,6,true,false,candidate,003622
12,0.05,6,3.0,0.005,0.05743090661886384,0.05325170344781448,2.73,6,true,false,candidate,003623
12,0.05,6,3.0,0.01,0.05743090694406015,0.05325170386776022,2.73,6,true,false,candidate,003624
12,0.05,6,3.0,0.02,0.05742546066833164,0.05325171239992975,2.74,6,true,false,candidate,003625
12,0.05,8,0.3,0.005,0.0008005254836729312,0.0008005254836729312,0.3,8,true,true,candidate,003626
12,0.05,8,0.3,0.01,0.0008005254947360816,0.0008005254947360816,0.3,8,true,true,candidate,003627
12,0.05,8,0.3,0.02,0.0008005260016186175,0.0008005260016186175,0.3,8,true,true,candidate,003628
12,0.05,8,0.5,0.005,0.003189872928275771,0.003189872928275771,0.5,8,true,true,candidate,003629
12,0.05,8,0.5,0.01,0.0031898729269721473,0.0031898729269721473,0.5,8,true,true,candidate,003630
12,0.05,8,0.5,0.02,0.0031898734541691,0.0031898734541691,0.5,8,true,true,candidate,003631
12,0.05,8,1.0,0.005,0.014124098011651594,0.014124098011651594,1.0,8,true,true,candidate,003632
12,0.05,8,1.0,0.01,0.014124098015174554,0.014124098015174554,1.0,8,true,true,candidate,003633
12,0.05,8,1.0,0.02,0.014124099138885345,0.014124099138885345,1.0,8,true,true,candidate,003634
12,0.05,8,3.0,0.005,0.05265045507374809,0.05265045507374809,3.0,8,true,false,candidate,003635
12,0.05,8,3.0,0.01,0.052650455428334006,0.052650455428334006,3.0,8,true,false,candidate,003636
12,0.05,8,3.0,0.02,0.05265045802593947,0.05265045802593947,3.0,8,true,false,candidate,003637
12,0.05,12,0.3,0.005,0.006035309147118362,0.006035309147118362,0.3,12,true,true,candidate,003638
12,0.05,12,0.3,0.01,0.006035309176395054,0.006035309176395054,0.3,12,true,true,candidate,003639
12,0.05,12,0.3,0.02,0.0060353110991463454,0.0060353110991463454,0.3,12,true,true,candidate,003640
12,0.05,12,0.5,0.005,0.014530323054130934,0.014530323054130934,0.5,12,true,true,candidate,003641
12,0.05,12,0.5,0.01,0.014530323146115354,0.014530323146115354,0.5,12,true,true,candidate,003642
12,0.05,12,0.5,0.02,0.014530327035567225,0.014530327035567225,0.5,12,true,true,candidate,003643
12,0.05,12,1.0,0.005,0.044823468059002614,0.044823468059002614,1.0,12,true,false,candidate,003644
12,0.05,12,1.0,0.01,0.04482346818004346,0.04482346818004346,1.0,12,true,false,candidate,003645
12,0.05,12,1.0,0.02,0.044823474976886435,0.044823474976886435,1.0,12,true,false,candidate,003646
12,0.05,12,3.0,0.005,0.1124309900414674,0.11012177339975049,2.6550000000000002,12,true,false,candidate,003647
12,0.05,12,3.0,0.01,0.11243062448160457,0.1101217747084633,2.66,12,true,false,candidate,003648
12,0.05,12,3.0,0.02,0.1124306516630793,0.1101218095115084,2.66,12,true,false,candidate,003649
12,0.05,16,0.3,0.005,0.0038875147788357545,0.0038875147788357545,0.3,16,true,true,candidate,003650
12,0.05,16,0.3,0.01,0.0038875152444166616,0.0038875152444166616,0.3,16,true,true,candidate,003651
12,0.05,16,0.3,0.02,0.0038875270932254846,0.0038875270932254846,0.3,16,true,true,candidate,003652
12,0.05,16,0.5,0.005,0.007620854084978035,0.007620854084978035,0.5,16,true,true,candidate,003653
12,0.05,16,0.5,0.01,0.007620855140958671,0.007620855140958671,0.5,16,true,true,candidate,003654
12,0.05,16,0.5,0.02,0.007620879391962432,0.007620879391962432,0.5,16,true,true,candidate,003655
12,0.05,16,1.0,0.005,0.00797769513201052,0.005717789211574065,0.5750000000000001,16,true,true,candidate,003656
12,0.05,16,1.0,0.01,0.007977210945971813,0.005717786520395229,0.5700000000000001,16,true,true,candidate,003657
12,0.05,16,1.0,0.02,0.007974769004136517,0.005717727923268967,0.58,16,true,true,candidate,003658
12,0.05,16,3.0,0.005,0.07381611085295425,0.07374017626736684,2.97,16,true,false,candidate,003659
12,0.05,16,3.0,0.01,0.07381610911759728,0.0737401746984987,2.97,16,true,false,candidate,003660
12,0.05,16,3.0,0.02,0.07380772542358138,0.07374009946384352,2.96,16,true,false,candidate,003661
12,0.1,4,0.3,0.005,0.006059091394483797,0.006059091394483797,0.3,4,true,true,candidate,003662
12,0.1,4,0.3,0.01,0.006059091387534023,0.006059091387534023,0.3,4,true,true,candidate,003663
12,0.1,4,0.3,0.02,0.006059091269972285,0.006059091269972285,0.3,4,true,true,candidate,003664
12,0.1,4,0.5,0.005,0.013157012977112584,0.013157012977112584,0.5,4,true,true,candidate,003665
12,0.1,4,0.5,0.01,0.013157012964742257,0.013157012964742257,0.5,4,true,true,candidate,003666
12,0.1,4,0.5,0.02,0.013157012755296685,0.013157012755296685,0.5,4,true,true,candidate,003667
12,0.1,4,1.0,0.005,0.03471719467084645,0.03471719467084645,1.0,4,true,false,candidate,003668
12,0.1,4,1.0,0.01,0.03471719465397039,0.03471719465397039,1.0,4,true,false,candidate,003669
12,0.1,4,1.0,0.02,0.034717194356596044,0.034717194356596044,1.0,4,true,false,candidate,003670
12,0.1,4,3.0,0.005,0.05396964803383987,0.05396964803383987,3.0,4,true,false,candidate,003671
12,0.1,4,3.0,0.01,0.053969648071929624,0.053969648071929624,3.0,4,true,false,candidate,003672
12,0.1,4,3.0,0.02,0.05396964863573418,0.05396964863573418,3.0,4,true,false,candidate,003673
12,0.1,6,0.3,0.005,0.0051966665773561784,0.0051966665773561784,0.3,6,true,true,candidate,003674
12,0.1,6,0.3,0.01,0.005196666554813544,0.005196666554813544,0.3,6,true,true,candidate,003675
12,0.1,6,0.3,0.02,0.005196666382627834,0.005196666382627834,0.3,6,true,true,candidate,003676
12,0.1,6,0.5,0.005,0.013551934447990851,0.013551934447990851,0.5,6,true,true,candidate,003677
12,0.1,6,0.5,0.01,0.013551934408532414,0.013551934408532414,0.5,6,true,true,candidate,003678
12,0.1,6,0.5,0.02,0.013551934087559721,0.013551934087559721,0.5,6,true,true,candidate,003679
12,0.1,6,1.0,0.005,0.03179787012360357,0.03179787012360357,1.0,6,true,false,candidate,003680
12,0.1,6,1.0,0.01,0.031797870082052586,0.031797870082052586,1.0,6,true,false,candidate,003681
12,0.1,6,1.0,0.02,0.03179787002102818,0.03179787002102818,1.0,6,true,false,candidate,003682
12,0.1,6,3.0,0.005,0.05743090661886384,0.05325170344781448,2.73,6,true,false,candidate,003683
12,0.1,6,3.0,0.01,0.05743090694406015,0.05325170386776022,2.73,6,true,false,candidate,003684
12,0.1,6,3.0,0.02,0.05742546066833164,0.05325171239992975,2.74,6,true,false,candidate,003685
12,0.1,8,0.3,0.005,0.0008005254836729312,0.0008005254836729312,0.3,8,true,true,candidate,003686
12,0.1,8,0.3,0.01,0.0008005254947360816,0.0008005254947360816,0.3,8,true,true,candidate,003687
12,0.1,8,0.3,0.02,0.0008005260016186175,0.0008005260016186175,0.3,8,true,true,candidate,003688
12,0.1,8,0.5,0.005,0.003189872928275771,0.003189872928275771,0.5,8,true,true,candidate,003689
12,0.1,8,0.5,0.01,0.0031898729269721473,0.0031898729269721473,0.5,8,true,true,candidate,003690
12,0.1,8,0.5,0.02,0.0031898734541691,0.0031898734541691,0.5,8,true,true,candidate,003691
12,0.1,8,1.0,0.005,0.014124098011651594,0.014124098011651594,1.0,8,true,true,candidate,003692
12,0.1,8,1.0,0.01,0.014124098015174554,0.014124098015174554,1.0,8,true,true,candidate,003693
12,0.1,8,1.0,0.02,0.014124099138885345,0.014124099138885345,1.0,8,true,true,candidate,003694
12,0.1,8,3.0,0.005,0.05265045507374809,0.05265045507374809,3.0,8,true,false,candidate,003695
12,0.1,8,3.0,0.01,0.052650455428334006,0.052650455428334006,3.0,8,true,false,candidate,003696
12,0.1,8,3.0,0.02,0.05265045802593947,0.05265045802593947,3.0,8,true,false,candidate,003697
12,0.1,12,0.3,0.005,0.006035309147118362,0.006035309147118362,0.3,5,true,true,candidate,003698
12,0.1,12,0.3,0.01,0.006035309176395054,0.006035309176395054,0.3,5,true,true,candidate,003699
12,0.1,12,0.3,0.02,0.0060353110991463454,0.0060353110991463454,0.3,5,true,true,candidate,003700
12,0.1,12,0.5,0.005,0.014530323054130934,0.014530323054130934,0.5,6,true,true,candidate,003701
12,0.1,12,0.5,0.01,0.014530323146115354,0.014530323146115354,0.5,6,true,true,candidate,003702
12,0.1,12,0.5,0.02,0.014530327035567225,0.014530327035567225,0.5,6,true,true,candidate,003703
12,0.1,12,1.0,0.005,0.044823468059002614,0.044823468059002614,1.0,7,true,false,candidate,003704
12,0.1,12,1.0,0.01,0.04482346818004346,0.04482346818004346,1.0,7,true,false,candidate,003705
12,0.1,12,1.0,0.02,0.044823474976886435,0.044823474976886435,1.0,7,true,false,candidate,003706
12,0.1,12,3.0,0.005,0.1124309900414674,0.11012177339975049,2.6550000000000002,11,true,false,candidate,003707
12,0.1,12,3.0,0.01,0.11243062448160457,0.1101217747084633,2.66,11,true,false,candidate,003708
12,0.1,12,3.0,0.02,0.1124306516630793,0.1101218095115084,2.66,11,true,false,candidate,003709
12,0.1,16,0.3,0.005,0.0038875147788357545,0.0038875147788357545,0.3,5,true,true,candidate,003710
12,0.1,16,0.3,0.01,0.0038875152444166616,0.0038875152444166616,0.3,5,true,true,candidate,003711
12,0.1,16,0.3,0.02,0.0038875270932254846,0.0038875270932254846,0.3,5,true,true,candidate,003712
12,0.1,16,0.5,0.005,0.007620854084978035,0.007620854084978035,0.5,6,true,true,candidate,003713
12,0.1,16,0.5,0.01,0.007620855140958671,0.007620855140958671,0.5,6,true,true,candidate,003714
12,0.1,16,0.5,0.02,0.007620879391962432,0.007620879391962432,0.5,6,true,true,candidate,003715
12,0.1,16,1.0,0.005,0.00797769513201052,0.005717789211574065,0.5750000000000001,10,true,true,candidate,003716
12,0.1,16,1.0,0.01,0.007977210945971813,0.005717786520395229,0.5700000000000001,10,true,true,candidate,003717
12,0.1,16,1.0,0.02,0.007974769004136517,0.005717727923268967,0.58,10,true,true,candidate,003718
12,0.1,16,3.0,0.005,0.07381611085295425,0.07374017626736684,2.97,13,true,false,candidate,003719
12,0.1,16,3.0,0.01,0.07381610911759728,0.0737401746984987,2.97,13,true,false,candidate,003720
12,0.1,16,3.0,0.02,0.07380772542358138,0.07374009946384352,2.96,13,true,false,candidate,003721
12,0.15,4,0.3,0.005,0.006059091394483797,0.006059091394483797,0.3,4,true,true,candidate,003722
12,0.15,4,0.3,0.01,0.006059091387534023,0.006059091387534023,0.3,4,true,true,candidate,003723
12,0.15,4,0.3,0.02,0.006059091269972285,0.006059091269972285,0.3,4,true,true,candidate,003724
12,0.15,4,0.5,0.005,0.013157012977112584,0.013157012977112584,0.5,4,true,true,candidate,003725
12,0.15,4,0.5,0.01,0.013157012964742257,0.013157012964742257,0.5,4,true,true,candidate,003726
12,0.15,4,0.5,0.02,0.013157012755296685,0.013157012755296685,0.5,4,true,true,candidate,003727
12,0.15,4,1.0,0.005,0.03471719467084645,0.03471719467084645,1.0,4,true,false,candidate,003728
12,0.15,4,1.0,0.01,0.03471719465397039,0.03471719465397039,1.0,4,true,false,candidate,003729
12,0.15,4,1.0,0.02,0.034717194356596044,0.034717194356596044,1.0,4,true,false,candidate,003730
12,0.15,4,3.0,0.005,0.05396964803383987,0.05396964803383987,3.0,4,true,false,candidate,003731
12,0.15,4,3.0,0.01,0.053969648071929624,0.053969648071929624,3.0,4,true,false,candidate,003732
12,0.15,4,3.0,0.02,0.05396964863573418,0.05396964863573418,3.0,4,true,false,candidate,003733
12,0.15,6,0.3,0.005,0.0051966665773561784,0.0051966665773561784,0.3,4,true,true,candidate,003734
12,0.15,6,0.3,0.01,0.005196666554813544,0.005196666554813544,0.3,4,true,true,candidate,003735
12,0.15,6,0.3,0.02,0.005196666382627834,0.005196666382627834,0.3,4,true,true,candidate,003736
12,0.15,6,0.5,0.005,0.013551934447990851,0.013551934447990851,0.5,4,true,true,candidate,003737
12,0.15,6,0.5,0.01,0.013551934408532414,0.013551934408532414,0.5,4,true,true,candidate,003738
12,0.15,6,0.5,0.02,0.013551934087559721,0.013551934087559721,0.5,4,true,true,candidate,003739
12,0.15,6,1.0,0.005,0.03179787012360357,0.03179787012360357,1.0,5,true,false,candidate,003740
12,0.15,6,1.0,0.01,0.031797870082052586,0.031797870082052586,1.0,5,true,false,candidate,003741
12,0.15,6,1.0,0.02,0.03179787002102818,0.03179787002102818,1.0,5,true,false,candidate,003742
12,0.15,6,3.0,0.005,0.05743090661886384,0.05325170344781448,2.73,5,true,false,candidate,003743
12,0.15,6,3.0,0.01,0.05743090694406015,0.05325170386776022,2.73,5,true,false,candidate,003744
12,0.15,6,3.0,0.02,0.05742546066833164,0.05325171239992975,2.74,5,true,false,candidate,003745
12,0.15,8,0.3,0.005,0.0008005254836729312,0.0008005254836729312,0.3,2,false,true,candidate,003746
12,0.15,8,0.3,0.01,0.0008005254947360816,0.0008005254947360816,0.3,2,false,true,candidate,003747
12,0.15,8,0.3,0.02,0.0008005260016186175,0.0008005260016186175,0.3,2,false,true,candidate,003748
12,0.15,8,0.5,0.005,0.003189872928275771,0.003189872928275771,0.5,2,false,true,candidate,003749
12,0.15,8,0.5,0.01,0.0031898729269721473,0.0031898729269721473,0.5,2,false,true,candidate,003750
12,0.15,8,0.5,0.02,0.0031898734541691,0.0031898734541691,0.5,2,false,true,candidate,003751
12,0.15,8,1.0,0.005,0.014124098011651594,0.014124098011651594,1.0,3,false,true,candidate,003752
12,0.15,8,1.0,0.01,0.014124098015174554,0.014124098015174554,1.0,3,false,true,candidate,003753
12,0.15,8,1.0,0.02,0.014124099138885345,0.014124099138885345,1.0,3,false,true,candidate,003754
12,0.15,8,3.0,0.005,0.05265045507374809,0.05265045507374809,3.0,7,true,false,candidate,003755
12,0.15,8,3.0,0.01,0.052650455428334006,0.052650455428334006,3.0,7,true,false,candidate,003756
12,0.15,8,3.0,0.02,0.05265045802593947,0.05265045802593947,3.0,7,true,false,candidate,003757
12,0.15,12,0.3,0.005,0.006035309147118362,0.006035309147118362,0.3,2,false,true,candidate,003758
12,0.15,12,0.3,0.01,0.006035309176395054,0.006035309176395054,0.3,2,false,true,candidate,003759
12,0.15,12,0.3,0.02,0.0060353110991463454,0.0060353110991463454,0.3,2,false,true,candidate,003760
12,0.15,12,0.5,0.005,0.014530323054130934,0.014530323054130934,0.5,2,false,true,candidate,003761
12,0.15,12,0.5,0.01,0.014530323146115354,0.014530323146115354,0.5,2,false,true,candidate,003762
12,0.15,12,0.5,0.02,0.014530327035567225,0.014530327035567225,0.5,2,false,true,candidate,003763
12,0.15,12,1.0,0.005,0.044823468059002614,0.044823468059002614,1.0,4,true,false,candidate,003764
12,0.15,12,1.0,0.01,0.04482346818004346,0.04482346818004346,1.0,4,true,false,candidate,003765
12,0.15,12,1.0,0.02,0.044823474976886435,0.044823474976886435,1.0,4,true,false,candidate,003766
12,0.15,12,3.0,0.005,0.1124309900414674,0.11012177339975049,2.6550000000000002,9,true,false,candidate,003767
12,0.15,12,3.0,0.01,0.11243062448160457,0.1101217747084633,2.66,9,true,false,candidate,003768
12,0.15,12,3.0,0.02,0.1124306516630793,0.1101218095115084,2.66,9,true,false,candidate,003769
12,0.15,16,0.3,0.005,0.0038875147788357545,0.0038875147788357545,0.3,1,false,true,candidate,003770
12,0.15,16,0.3,0.01,0.0038875152444166616,0.0038875152444166616,0.3,1,false,true,candidate,003771
12,0.15,16,0.3,0.02,0.0038875270932254846,0.0038875270932254846,0.3,1,false,true,candidate,003772
12,0.15,16,0.5,0.005,0.007620854084978035,0.007620854084978035,0.5,1,false,true,candidate,003773
12,0.15,16,0.5,0.01,0.007620855140958671,0.007620855140958671,0.5,1,false,true,candidate,003774
12,0.15,16,0.5,0.02,0.007620879391962432,0.007620879391962432,0.5,1,false,true,candidate,003775
12,0.15,16,1.0,0.005,0.00797769513201052,0.005717789211574065,0.5750000000000001,4,true,true,candidate,003776
12,0.15,16,1.0,0.01,0.007977210945971813,0.005717786520395229,0.5700000000000001,4,true,true,candidate,003777
12,0.15,16,1.0,0.02,0.007974769004136517,0.005717727923268967,0.58,4,true,true,candidate,003778
12,0.15,16,3.0,0.005,0.07381611085295425,0.07374017626736684,2.97,9,true,false,candidate,003779
12,0.15,16,3.0,0.01,0.07381610911759728,0.0737401746984987,2.97,9,true,false,candidate,003780
12,0.15,16,3.0,0.02,0.07380772542358138,0.07374009946384352,2.96,9,true,false,candidate,003781
12,0.2,4,0.3,0.005,0.006059091394483797,0.006059091394483797,0.3,4,true,true,candidate,003782
12,0.2,4,0.3,0.01,0.006059091387534023,0.006059091387534023,0.3,4,true,true,candidate,003783
12,0.2,4,0.3,0.02,0.006059091269972285,0.006059091269972285,0.3,4,true,true,candidate,003784
12,0.2,4,0.5,0.005,0.013157012977112584,0.013157012977112584,0.5,4,true,true,candidate,003785
12,0.2,4,0.5,0.01,0.013157012964742257,0.013157012964742257,0.5,4,true,true,candidate,003786
12,0.2,4,0.5,0.02,0.013157012755296685,0.013157012755296685,0.5,4,true,true,candidate,003787
12,0.2,4,1.0,0.005,0.03471719467084645,0.03471719467084645,1.0,4,true,false,candidate,003788
12,0.2,4,1.0,0.01,0.03471719465397039,0.03471719465397039,1.0,4,true,false,candidate,003789
12,0.2,4,1.0,0.02,0.034717194356596044,0.034717194356596044,1.0,4,true,false,candidate,003790
12,0.2,4,3.0,0.005,0.05396964803383987,0.05396964803383987,3.0,4,true,false,candidate,003791
12,0.2,4,3.0,0.01,0.053969648071929624,0.053969648071929624,3.0,4,true,false,candidate,003792
12,0.2,4,3.0,0.02,0.05396964863573418,0.05396964863573418,3.0,4,true,false,candidate,003793
12,0.2,6,0.3,0.005,0.0051966665773561784,0.0051966665773561784,0.3,2,false,true,candidate,003794
12,0.2,6,0.3,0.01,0.005196666554813544,0.005196666554813544,0.3,2,false,true,candidate,003795
12,0.2,6,0.3,0.02,0.005196666382627834,0.005196666382627834,0.3,2,false,true,candidate,003796
12,0.2,6,0.5,0.005,0.013551934447990851,0.013551934447990851,0.5,2,false,true,candidate,003797
12,0.2,6,0.5,0.01,0.013551934408532414,0.013551934408532414,0.5,2,false,true,candidate,003798
12,0.2,6,0.5,0.02,0.013551934087559721,0.013551934087559721,0.5,2,false,true,candidate,003799
12,0.2,6,1.0,0.005,0.03179787012360357,0.03179787012360357,1.0,3,false,false,candidate,003800
12,0.2,6,1.0,0.01,0.031797870082052586,0.031797870082052586,1.0,3,false,false,candidate,003801
12,0.2,6,1.0,0.02,0.03179787002102818,0.03179787002102818,1.0,3,false,false,candidate,003802
12,0.2,6,3.0,0.005,0.05743090661886384,0.05325170344781448,2.73,4,true,false,candidate,003803
12,0.2,6,3.0,0.01,0.05743090694406015,0.05325170386776022,2.73,4,true,false,candidate,003804
12,0.2,6,3.0,0.02,0.05742546066833164,0.05325171239992975,2.74,4,true,false,candidate,003805
12,0.2,8,0.3,0.005,0.0008005254836729312,0.0008005254836729312,0.3,1,false,true,candidate,003806
12,0.2,8,0.3,0.01,0.0008005254947360816,0.0008005254947360816,0.3,1,false,true,candidate,003807
12,0.2,8,0.3,0.02,0.0008005260016186175,0.0008005260016186175,0.3,1,false,true,candidate,003808
12,0.2,8,0.5,0.005,0.003189872928275771,0.003189872928275771,0.5,1,false,true,candidate,003809
12,0.2,8,0.5,0.01,0.0031898729269721473,0.0031898729269721473,0.5,1,false,true,candidate,003810
12,0.2,8,0.5,0.02,0.0031898734541691,0.0031898734541691,0.5,1,false,true,candidate,003811
12,0.2,8,1.0,0.005,0.014124098011651594,0.014124098011651594,1.0,2,false,true,candidate,003812
12,0.2,8,1.0,0.01,0.014124098015174554,0.014124098015174554,1.0,2,false,true,candidate,003813
12,0.2,8,1.0,0.02,0.014124099138885345,0.014124099138885345,1.0,2,false,true,candidate,003814
12,0.2,8,3.0,0.005,0.05265045507374809,0.05265045507374809,3.0,7,true,false,candidate,003815
12,0.2,8,3.0,0.01,0.052650455428334006,0.052650455428334006,3.0,7,true,false,candidate,003816
12,0.2,8,3.0,0.02,0.05265045802593947,0.05265045802593947,3.0,7,true,false,candidate,003817
12,0.2,12,0.3,0.005,0.006035309147118362,0.006035309147118362,0.3,1,false,true,candidate,003818
12,0.2,12,0.3,0.01,0.006035309176395054,0.006035309176395054,0.3,1,false,true,candidate,003819
12,0.2,12,0.3,0.02,0.0060353110991463454,0.0060353110991463454,0.3,1,false,true,candidate,003820
12,0.2,12,0.5,0.005,0.014530323054130934,0.014530323054130934,0.5,2,false,true,candidate,003821
12,0.2,12,0.5,0.01,0.014530323146115354,0.014530323146115354,0.5,2,false,true,candidate,003822
12,0.2,12,0.5,0.02,0.014530327035567225,0.014530327035567225,0.5,2,false,true,candidate,003823
12,0.2,12,1.0,0.005,0.044823468059002614,0.044823468059002614,1.0,4,true,false,candidate,003824
12,0.2,12,1.0,0.01,0.04482346818004346,0.04482346818004346,1.0,4,true,false,candidate,003825
12,0.2,12,1.0,0.02,0.044823474976886435,0.044823474976886435,1.0,4,true,false,candidate,003826
12,0.2,12,3.0,0.005,0.1124309900414674,0.11012177339975049,2.6550000000000002,6,true,false,candidate,003827
12,0.2,12,3.0,0.01,0.11243062448160457,0.1101217747084633,2.66,6,true,false,candidate,003828
12,0.2,12,3.0,0.02,0.1124306516630793,0.1101218095115084,2.66,6,true,false,candidate,003829
12,0.2,16,0.3,0.005,0.0038875147788357545,0.0038875147788357545,0.3,0,false,true,candidate,003830
12,0.2,16,0.3,0.01,0.0038875152444166616,0.0038875152444166616,0.3,0,false,true,candidate,003831
12,0.2,16,0.3,0.02,0.0038875270932254846,0.0038875270932254846,0.3,0,false,true,candidate,003832
12,0.2,16,0.5,0.005,0.007620854084978035,0.007620854084978035,0.5,1,false,true,candidate,003833
12,0.2,16,0.5,0.01,0.007620855140958671,0.007620855140958671,0.5,1,false,true,candidate,003834
12,0.2,16,0.5,0.02,0.007620879391962432,0.007620879391962432,0.5,1,false,true,candidate,003835
12,0.2,16,1.0,0.005,0.00797769513201052,0.005717789211574065,0.5750000000000001,3,false,true,candidate,003836
12,0.2,16,1.0,0.01,0.007977210945971813,0.005717786520395229,0.5700000000000001,3,false,true,candidate,003837
12,0.2,16,1.0,0.02,0.007974769004136517,0.005717727923268967,0.58,3,false,true,candidate,003838
12,0.2,16,3.0,0.005,0.07381611085295425,0.07374017626736684,2.97,7,true,false,candidate,003839
12,0.2,16,3.0,0.01,0.07381610911759728,0.0737401746984987,2.97,7,true,false,candidate,003840
12,0.2,16,3.0,0.02,0.07380772542358138,0.07374009946384352,2.96,7,true,false,candidate,003841
12,0.25,4,0.3,0.005,0.006059091394483797,0.006059091394483797,0.3,3,false,true,candidate,003842
12,0.25,4,0.3,0.01,0.006059091387534023,0.006059091387534023,0.3,3,false,true,candidate,003843
12,0.25,4,0.3,0.02,0.006059091269972285,0.006059091269972285,0.3,3,false,true,candidate,003844
12,0.25,4,0.5,0.005,0.013157012977112584,0.013157012977112584,0.5,3,false,true,candidate,003845
12,0.25,4,0.5,0.01,0.013157012964742257,0.013157012964742257,0.5,3,false,true,candidate,003846
12,0.25,4,0.5,0.02,0.013157012755296685,0.013157012755296685,0.5,3,false,true,candidate,003847
12,0.25,4,1.0,0.005,0.03471719467084645,0.03471719467084645,1.0,3,false,false,candidate,003848
12,0.25,4,1.0,0.01,0.03471719465397039,0.03471719465397039,1.0,3,false,false,candidate,003849
12,0.25,4,1.0,0.02,0.034717194356596044,0.034717194356596044,1.0,3,false,false,candidate,003850
12,0.25,4,3.0,0.005,0.05396964803383987,0.05396964803383987,3.0,4,true,false,candidate,003851
12,0.25,4,3.0,0.01,0.053969648071929624,0.053969648071929624,3.0,4,true,false,candidate,003852
12,0.25,4,3.0,0.02,0.05396964863573418,0.05396964863573418,3.0,4,true,false,candidate,003853
12,0.25,6,0.3,0.005,0.0051966665773561784,0.0051966665773561784,0.3,2,false,true,candidate,003854
12,0.25,6,0.3,0.01,0.005196666554813544,0.005196666554813544,0.3,2,false,true,candidate,003855
12,0.25,6,0.3,0.02,0.005196666382627834,0.005196666382627834,0.3,2,false,true,candidate,003856
12,0.25,6,0.5,0.005,0.013551934447990851,0.013551934447990851,0.5,2,false,true,candidate,003857
12,0.25,6,0.5,0.01,0.013551934408532414,0.013551934408532414,0.5,2,false,true,candidate,003858
12,0.25,6,0.5,0.02,0.013551934087559721,0.013551934087559721,0.5,2,false,true,candidate,003859
12,0.25,6,1.0,0.005,0.03179787012360357,0.03179787012360357,1.0,2,false,false,candidate,003860
12,0.25,6,1.0,0.01,0.031797870082052586,0.031797870082052586,1.0,2,false,false,candidate,003861
12,0.25,6,1.0,0.02,0.03179787002102818,0.03179787002102818,1.0,2,false,false,candidate,003862
12,0.25,6,3.0,0.005,0.05743090661886384,0.05325170344781448,2.73,4,true,false,candidate,003863
12,0.25,6,3.0,0.01,0.05743090694406015,0.05325170386776022,2.73,4,true,false,candidate,003864
12,0.25,6,3.0,0.02,0.05742546066833164,0.05325171239992975,2.74,4,true,false,candidate,003865
12,0.25,8,0.3,0.005,0.0008005254836729312,0.0008005254836729312,0.3,1,false,true,candidate,003866
12,0.25,8,0.3,0.01,0.0008005254947360816,0.0008005254947360816,0.3,1,false,true,candidate,003867
12,0.25,8,0.3,0.02,0.0008005260016186175,0.0008005260016186175,0.3,1,false,true,candidate,003868
12,0.25,8,0.5,0.005,0.003189872928275771,0.003189872928275771,0.5,1,false,true,candidate,003869
12,0.25,8,0.5,0.01,0.0031898729269721473,0.0031898729269721473,0.5,1,false,true,candidate,003870
12,0.25,8,0.5,0.02,0.0031898734541691,0.0031898734541691,0.5,1,false,true,candidate,003871
12,0.25,8,1.0,0.005,0.014124098011651594,0.014124098011651594,1.0,2,false,true,candidate,003872
12,0.25,8,1.0,0.01,0.014124098015174554,0.014124098015174554,1.0,2,false,true,candidate,003873
12,0.25,8,1.0,0.02,0.014124099138885345,0.014124099138885345,1.0,2,false,true,candidate,003874
12,0.25,8,3.0,0.005,0.05265045507374809,0.05265045507374809,3.0,6,true,false,candidate,003875
12,0.25,8,3.0,0.01,0.052650455428334006,0.052650455428334006,3.0,6,true,false,candidate,003876
12,0.25,8,3.0,0.02,0.05265045802593947,0.05265045802593947,3.0,6,true,false,candidate,003877
12,0.25,12,0.3,0.005,0.006035309147118362,0.006035309147118362,0.3,1,false,true,candidate,003878
12,0.25,12,0.3,0.01,0.006035309176395054,0.006035309176395054,0.3,1,false,true,candidate,003879
12,0.25,12,0.3,0.02,0.0060353110991463454,0.0060353110991463454,0.3,1,false,true,candidate,003880
12,0.25,12,0.5,0.005,0.014530323054130934,0.014530323054130934,0.5,1,false,true,candidate,003881
12,0.25,12,0.5,0.01,0.014530323146115354,0.014530323146115354,0.5,1,false,true,candidate,003882
12,0.25,12,0.5,0.02,0.014530327035567225,0.014530327035567225,0.5,1,false,true,candidate,003883
12,0.25,12,1.0,0.005,0.044823468059002614,0.044823468059002614,1.0,3,false,false,candidate,003884
12,0.25,12,1.0,0.01,0.04482346818004346,0.04482346818004346,1.0,3,false,false,candidate,003885
12,0.25,12,1.0,0.02,0.044823474976886435,0.044823474976886435,1.0,3,false,false,candidate,003886
12,0.25,12,3.0,0.005,0.1124309900414674,0.11012177339975049,2.6550000000000002,4,true,false,candidate,003887
12,0.25,12,3.0,0.01,0.11243062448160457,0.1101217747084633,2.66,4,true,false,candidate,003888
12,0.25,12,3.0,0.02,0.1124306516630793,0.1101218095115084,2.66,4,true,false,candidate,003889
12,0.25,16,0.3,0.005,0.0038875147788357545,0.0038875147788357545,0.3,0,false,true,candidate,003890
12,0.25,16,0.3,0.01,0.0038875152444166616,0.0038875152444166616,0.3,0,false,true,candidate,003891
12,0.25,16,0.3,0.02,0.0038875270932254846,0.0038875270932254846,0.3,0,false,true,candidate,003892
12,0.25,16,0.5,0.005,0.007620854084978035,0.007620854084978035,0.5,0,false,true,candidate,003893
12,0.25,16,0.5,0.01,0.007620855140958671,0.007620855140958671,0.5,0,false,true,candidate,003894
12,0.25,16,0.5,0.02,0.007620879391962432,0.007620879391962432,0.5,0,false,true,candidate,003895
12,0.25,16,1.0,0.005,0.00797769513201052,0.005717789211574065,0.5750000000000001,0,false,true,candidate,003896
12,0.25,16,1.0,0.01,0.007977210945971813,0.005717786520395229,0.5700000000000001,0,false,true,candidate,003897
12,0.25,16,1.0,0.02,0.007974769004136517,0.005717727923268967,0.58,0,false,true,candidate,003898
12,0.25,16,3.0,0.005,0.07381611085295425,0.07374017626736684,2.97,4,true,false,candidate,003899
12,0.25,16,3.0,0.01,0.07381610911759728,0.0737401746984987,2.97,4,true,false,candidate,003900
12,0.25,16,3.0,0.02,0.07380772542358138,0.07374009946384352,2.96,4,true,false,candidate,003901
13,0.05,4,0.3,0.005,0.010082420585851626,0.010082420585851626,0.3,4,true,true,candidate,003902
13,0.05,4,0.3,0.01,0.010082420584587082,0.010082420584587082,0.3,4,true,true,candidate,003903
13,0.05,4,0.3,0.02,0.010082420559952121,0.010082420559952121,0.3,4,true,true,candidate,003904
13,0.05,4,0.5,0.005,0.028186299133341475,0.028186299133341475,0.5,4,true,true,candidate,003905
13,0.05,4,0.5,0.01,0.028186299129269177,0.028186299129269177,0.5,4,true,true,candidate,003906
13,0.05,4,0.5,0.02,0.02818629905678227,0.02818629905678227,0.5,4,true,true,candidate,003907
13,0.05,4,1.0,0.005,0.11236100117081316,0.11236100117081316,1.0,4,true,false,candidate,003908
13,0.05,4,1.0,0.01,0.11236100115445025,0.11236100115445025,1.0,4,true,false,candidate,003909
13,0.05,4,1.0,0.02,0.11236100087696732,0.11236100087696732,1.0,4,true,false,candidate,003910
13,0.05,4,3.0,0.005,0.2905908183497876,0.18280142421998025,2.16,4,true,false,candidate,003911
13,0.05,4,3.0,0.01,0.2905908183502923,0.18280142427442936,2.16,4,true,false,candidate,003912
13,0.05,4,3.0,0.02,0.2905908183176733,0.18280142509498454,2.16,4,true,false,candidate,003913
13,0.05,6,0.3,0.005,0.003956295981080161,0.003956295981080161,0.3,6,true,true,candidate,003914
13,0.05,6,0.3,0.01,0.0039562959751540125,0.0039562959751540125,0.3,6,true,true,candidate,003915
13,0.05,6,0.3,0.02,0.0039562959334178424,0.0039562959334178424,0.3,6,true,true,candidate,003916
13,0.05,6,0.5,0.005,0.01207288473899726,0.01207288473899726,0.5,6,true,true,candidate,003917
13,0.05,6,0.5,0.01,0.01207288472694268,0.01207288472694268,0.5,6,true,true,candidate,003918
13,0.05,6,0.5,0.02,0.012072884621894155,0.012072884621894155,0.5,6,true,true,candidate,003919
13,0.05,6,1.0,0.005,0.04067105234310176,0.04067105234310176,1.0,6,true,false,candidate,003920
13,0.05,6,1.0,0.01,0.040671052324450126,0.040671052324450126,1.0,6,true,false,candidate,003921
13,0.05,6,1.0,0.02,0.04067105219664258,0.04067105219664258,1.0,6,true,false,candidate,003922
13,0.05,6,3.0,0.005,0.05138666109395185,0.02901717805844795,1.4000000000000001,6,true,false,candidate,003923
13,0.05,6,3.0,0.01,0.05138666109762192,0.029017178090755217,1.4000000000000001,6,true,false,candidate,003924
13,0.05,6,3.0,0.02,0.051386661392508144,0.02901717912623181,1.4000000000000001,6,true,false,candidate,003925
13,0.05,8,0.3,0.005,0.00034486959324775407,0.00034486959324775407,0.3,8,true,true,candidate,003926
13,0.05,8,0.3,0.01,0.00034486960826973773,0.00034486960826973773,0.3,8,true,true,candidate,003927
13,0.05,8,0.3,0.02,0.0003448698025168006,0.0003448698025168006,0.3,8,true,true,candidate,003928
13,0.05,8,0.5,0.005,0.0006642613821741249,0.0006609764011049623,0.485,8,true,true,candidate,003929
13,0.05,8,0.5,0.01,0.0006640399839761278,0.000660976423594306,0.48,8,true,true,candidate,003930
13,0.05,8,0.5,0.02,0.0006640402624276119,0.0006609767087348838,0.48,8,true,true,candidate,003931
13,0.05,8,1.0,0.005,0.00390493990249463,0.00390493990249463,1.0,8,true,true,candidate,003932
13,0.05,8,1.0,0.01,0.0039049398863784104,0.0039049398863784104,1.0,8,true,true,candidate,003933
13,0.05,8,1.0,0.02,0.0039049397688669654,0.0039049397688669654,1.0,8,true,true,candidate,003934
13,0.05,8,3.0,0.005,0.013948798012218152,0.0059475816113774265,1.76,8,true,true,candidate,003935
13,0.05,8,3.0,0.01,0.013948798099834733,0.00594758173846288,1.76,8,true,true,candidate,003936
13,0.05,8,3.0,0.02,0.01394879976127061,0.005947584249052283,1.76,8,true,true,candidate,003937
13,0.05,12,0.3,0.005,0.00550141247341429,0.00550141247341429,0.3,12,true,true,candidate,003938
13,0.05,12,0.3,0.01,0.0055014121366172555,0.0055014121366172555,0.3,12,true,true,candidate,003939
13,0.05,12,0.3,0.02,0.005501404770407835,0.005501404770407835,0.3,12,true,true,candidate,003940
13,0.05,12,0.5,0.005,0.013643811907936506,0.013643811907936506,0.5,12,true,true,candidate,003941
13,0.05,12,0.5,0.01,0.013643811322985751,0.013643811322985751,0.5,12,true,true,candidate,003942
13,0.05,12,0.5,0.02,0.013643798624076938,0.013643798624076938,0.5,12,true,true,candidate,003943
13,0.05,12,1.0,0.005,0.03679417385485694,0.03679417385485694,1.0,12,true,false,candidate,003944
13,0.05,12,1.0,0.01,0.03679417283865582,0.03679417283865582,1.0,12,true,false,candidate,003945
13,0.05,12,1.0,0.02,0.03679414970713823,0.03679414970713823,1.0,12,true,false,candidate,003946
13,0.05,12,3.0,0.005,0.0395053504737568,0.008070415943988272,1.21,12,true,false,candidate,003947
13,0.05,12,3.0,0.01,0.039505349386200976,0.008070416091103259,1.21,12,true,false,candidate,003948
13,0.05,12,3.0,0.02,0.039500393906531255,0.008070439179397202,1.2,12,true,false,candidate,003949
13,0.05,16,0.3,0.005,0.0009548426660822563,0.0005563875855363333,0.225,16,true,true,candidate,003950
13,0.05,16,0.3,0.01,0.0009535331697838602,0.0005563876390731749,0.22,16,true,true,candidate,003951
13,0.05,16,0.3,0.02,0.0009535345270392793,0.0005563900336917894,0.22,16,true,true,candidate,003952
13,0.05,16,0.5,0.005,0.005945812554712827,0.005945812554712827,0.5,16,true,true,candidate,003953
13,0.05,16,0.5,0.01,0.005945812290955589,0.005945812290955589,0.5,16,true,true,candidate,003954
13,0.05,16,0.5,0.02,0.005945805512966308,0.005945805512966308,0.5,16,true,true,candidate,003955
13,0.05,16,1.0,0.005,0.042005849541776004,0.042005849541776004,1.0,16,true,false,candidate,003956
13,0.05,16,1.0,0.01,0.042005848995100854,0.042005848995100854,1.0,16,true,false,candidate,003957
13,0.05,16,1.0,0.02,0.042005834918065095,0.042005834918065095,1.0,16,true,false,candidate,003958
13,0.05,16,3.0,0.005,0.10568971986921118,0.10568971986921118,3.0,16,true,false,candidate,003959
13,0.05,16,3.0,0.01,0.10568971779779014,0.10568971779779014,3.0,16,true,false,candidate,003960
13,0.05,16,3.0,0.02,0.10568966795101965,0.10568966795101965,3.0,16,true,false,candidate,003961
13,0.1,4,0.3,0.005,0.010082420585851626,0.010082420585851626,0.3,4,true,true,candidate,003962
13,0.1,4,0.3,0.01,0.010082420584587082,0.010082420584587082,0.3,4,true,true,candidate,003963
13,0.1,4,0.3,0.02,0.010082420559952121,0.010082420559952121,0.3,4,true,true,candidate,003964
13,0.1,4,0.5,0.005,0.028186299133341475,0.028186299133341475,0.5,4,true,true,candidate,003965
13,0.1,4,0.5,0.01,0.028186299129269177,0.028186299129269177,0.5,4,true,true,candidate,003966
13,0.1,4,0.5,0.02,0.02818629905678227,0.02818629905678227,0.5,4,true,true,candidate,003967
13,0.1,4,1.0,0.005,0.11236100117081316,0.11236100117081316,1.0,4,true,false,candidate,003968
13,0.1,4,1.0,0.01,0.11236100115445025,0.11236100115445025,1.0,4,true,false,candidate,003969
13,0.1,4,1.0,0.02,0.11236100087696732,0.11236100087696732,1.0,4,true,false,candidate,003970
13,0.1,4,3.0,0.005,0.2905908183497876,0.18280142421998025,2.16,4,true,false,candidate,003971
13,0.1,4,3.0,0.01,0.2905908183502923,0.18280142427442936,2.16,4,true,false,candidate,003972
13,0.1,4,3.0,0.02,0.2905908183176733,0.18280142509498454,2.16,4,true,false,candidate,003973
13,0.1,6,0.3,0.005,0.003956295981080161,0.003956295981080161,0.3,6,true,true,candidate,003974
13,0.1,6,0.3,0.01,0.0039562959751540125,0.0039562959751540125,0.3,6,true,true,candidate,003975
13,0.1,6,0.3,0.02,0.0039562959334178424,0.0039562959334178424,0.3,6,true,true,candidate,003976
13,0.1,6,0.5,0.005,0.01207288473899726,0.01207288473899726,0.5,6,true,true,candidate,003977
13,0.1,6,0.5,0.01,0.01207288472694268,0.01207288472694268,0.5,6,true,true,candidate,003978
13,0.1,6,0.5,0.02,0.012072884621894155,0.012072884621894155,0.5,6,true,true,candidate,003979
13,0.1,6,1.0,0.005,0.04067105234310176,0.04067105234310176,1.0,6,true,false,candidate,003980
13,0.1,6,1.0,0.01,0.040671052324450126,0.040671052324450126,1.0,6,true,false,candidate,003981
13,0.1,6,1.0,0.02,0.04067105219664258,0.04067105219664258,1.0,6,true,false,candidate,003982
13,0.1,6,3.0,0.005,0.05138666109395185,0.02901717805844795,1.4000000000000001,6,true,false,candidate,003983
13,0.1,6,3.0,0.01,0.05138666109762192,0.029017178090755217,1.4000000000000001,6,true,false,candidate,003984
13,0.1,6,3.0,0.02,0.051386661392508144,0.02901717912623181,1.4000000000000001,6,true,false,candidate,003985
13,0.1,8,0.3,0.005,0.00034486959324775407,0.00034486959324775407,0.3,8,true,true,candidate,003986
13,0.1,8,0.3,0.01,0.00034486960826973773,0.00034486960826973773,0.3,8,true,true,candidate,003987
13,0.1,8,0.3,0.02,0.0003448698025168006,0.0003448698025168006,0.3,8,true,true,candidate,003988
13,0.1,8,0.5,0.005,0.0006642613821741249,0.0006609764011049623,0.485,8,true,true,candidate,003989
13,0.1,8,0.5,0.01,0.0006640399839761278,0.000660976423594306,0.48,8,true,true,candidate,003990
13,0.1,8,0.5,0.02,0.0006640402624276119,0.0006609767087348838,0.48,8,true,true,candidate,003991
13,0.1,8,1.0,0.005,0.00390493990249463,0.00390493990249463,1.0,8,true,true,candidate,003992
13,0.1,8,1.0,0.01,0.0039049398863784104,0.0039049398863784104,1.0,8,true,true,candidate,003993
13,0.1,8,1.0,0.02,0.0039049397688669654,0.0039049397688669654,1.0,8,true,true,candidate,003994
13,0.1,8,3.0,0.005,0.013948798012218152,0.0059475816113774265,1.76,8,true,true,candidate,003995
13,0.1,8,3.0,0.01,0.013948798099834733,0.00594758173846288,1.76,8,true,true,candidate,003996
13,0.1,8,3.0,0.02,0.01394879976127061,0.005947584249052283,1.76,8,true,true,candidate,003997
13,0.1,12,0.3,0.005,0.00550141247341429,0.00550141247341429,0.3,5,true,true,candidate,003998
13,0.1,12,0.3,0.01,0.0055014121366172555,0.0055014121366172555,0.3,5,true,true,candidate,003999
13,0.1,12,0.3,0.02,0.005501404770407835,0.005501404770407835,0.3,5,true,true,candidate,004000
13,0.1,12,0.5,0.005,0.013643811907936506,0.013643811907936506,0.5,5,true,true,candidate,004001
13,0.1,12,0.5,0.01,0.013643811322985751,0.013643811322985751,0.5,5,true,true,candidate,004002
13,0.1,12,0.5,0.02,0.013643798624076938,0.013643798624076938,0.5,5,true,true,candidate,004003
13,0.1,12,1.0,0.005,0.03679417385485694,0.03679417385485694,1.0,8,true,false,candidate,004004
13,0.1,12,1.0,0.01,0.03679417283865582,0.03679417283865582,1.0,8,true,false,candidate,004005
13,0.1,12,1.0,0.02,0.03679414970713823,0.03679414970713823,1.0,8,true,false,candidate,004006
13,0.1,12,3.0,0.005,0.0395053504737568,0.008070415943988272,1.21,11,true,false,candidate,004007
13,0.1,12,3.0,0.01,0.039505349386200976,0.008070416091103259,1.21,11,true,false,candidate,004008
13,0.1,12,3.0,0.02,0.039500393906531255,0.008070439179397202,1.2,11,true,false,candidate,004009
13,0.1,16,0.3,0.005,0.0009548426660822563,0.0005563875855363333,0.225,6,true,true,candidate,004010
13,0.1,16,0.3,0.01,0.0009535331697838602,0.0005563876390731749,0.22,6,true,true,candidate,004011
13,0.1,16,0.3,0.02,0.0009535345270392793,0.0005563900336917894,0.22,6,true,true,candidate,004012
13,0.1,16,0.5,0.005,0.005945812554712827,0.005945812554712827,0.5,7,true,true,candidate,004013
13,0.1,16,0.5,0.01,0.005945812290955589,0.005945812290955589,0.5,7,true,true,candidate,004014
13,0.1,16,0.5,0.02,0.005945805512966308,0.005945805512966308,0.5,7,true,true,candidate,004015
13,0.1,16,1.0,0.005,0.042005849541776004,0.042005849541776004,1.0,8,true,false,candidate,004016
13,0.1,16,1.0,0.01,0.042005848995100854,0.042005848995100854,1.0,8,true,false,candidate,004017
13,0.1,16,1.0,0.02,0.042005834918065095,0.042005834918065095,1.0,8,true,false,candidate,004018
13,0.1,16,3.0,0.005,0.10568971986921118,0.10568971986921118,3.0,11,true,false,candidate,004019
13,0.1,16,3.0,0.01,0.10568971779779014,0.10568971779779014,3.0,11,true,false,candidate,004020
13,0.1,16,3.0,0.02,0.10568966795101965,0.10568966795101965,3.0,11,true,false,candidate,004021
13,0.15,4,0.3,0.005,0.010082420585851626,0.010082420585851626,0.3,4,true,true,candidate,004022
13,0.15,4,0.3,0.01,0.010082420584587082,0.010082420584587082,0.3,4,true,true,candidate,004023
13,0.15,4,0.3,0.02,0.010082420559952121,0.010082420559952121,0.3,4,true,true,candidate,004024
13,0.15,4,0.5,0.005,0.028186299133341475,0.028186299133341475,0.5,4,true,true,candidate,004025
13,0.15,4,0.5,0.01,0.028186299129269177,0.028186299129269177,0.5,4,true,true,candidate,004026
13,0.15,4,0.5,0.02,0.02818629905678227,0.02818629905678227,0.5,4,true,true,candidate,004027
13,0.15,4,1.0,0.005,0.11236100117081316,0.11236100117081316,1.0,4,true,false,candidate,004028
13,0.15,4,1.0,0.01,0.11236100115445025,0.11236100115445025,1.0,4,true,false,candidate,004029
13,0.15,4,1.0,0.02,0.11236100087696732,0.11236100087696732,1.0,4,true,false,candidate,004030
13,0.15,4,3.0,0.005,0.2905908183497876,0.18280142421998025,2.16,4,true,false,candidate,004031
13,0.15,4,3.0,0.01,0.2905908183502923,0.18280142427442936,2.16,4,true,false,candidate,004032
13,0.15,4,3.0,0.02,0.2905908183176733,0.18280142509498454,2.16,4,true,false,candidate,004033
13,0.15,6,0.3,0.005,0.003956295981080161,0.003956295981080161,0.3,5,true,true,candidate,004034
13,0.15,6,0.3,0.01,0.0039562959751540125,0.0039562959751540125,0.3,5,true,true,candidate,004035
13,0.15,6,0.3,0.02,0.0039562959334178424,0.0039562959334178424,0.3,5,true,true,candidate,004036
13,0.15,6,0.5,0.005,0.01207288473899726,0.01207288473899726,0.5,5,true,true,candidate,004037
13,0.15,6,0.5,0.01,0.01207288472694268,0.01207288472694268,0.5,5,true,true,candidate,004038
13,0.15,6,0.5,0.02,0.012072884621894155,0.012072884621894155,0.5,5,true,true,candidate,004039
13,0.15,6,1.0,0.005,0.04067105234310176,0.04067105234310176,1.0,5,true,false,candidate,004040
13,0.15,6,1.0,0.01,0.040671052324450126,0.040671052324450126,1.0,5,true,false,candidate,004041
13,0.15,6,1.0,0.02,0.04067105219664258,0.04067105219664258,1.0,5,true,false,candidate,004042
13,0.15,6,3.0,0.005,0.05138666109395185,0.02901717805844795,1.4000000000000001,5,true,false,candidate,004043
13,0.15,6,3.0,0.01,0.05138666109762192,0.029017178090755217,1.4000000000000001,5,true,false,candidate,004044
13,0.15,6,3.0,0.02,0.051386661392508144,0.02901717912623181,1.4000000000000001,5,true,false,candidate,004045
13,0.15,8,0.3,0.005,0.00034486959324775407,0.00034486959324775407,0.3,3,false,true,candidate,004046
13,0.15,8,0.3,0.01,0.00034486960826973773,0.00034486960826973773,0.3,3,false,true,candidate,004047
13,0.15,8,0.3,0.02,0.0003448698025168006,0.0003448698025168006,0.3,3,false,true,candidate,004048
13,0.15,8,0.5,0.005,0.0006642613821741249,0.0006609764011049623,0.485,3,false,true,candidate,004049
13,0.15,8,0.5,0.01,0.0006640399839761278,0.000660976423594306,0.48,3,false,true,candidate,004050
13,0.15,8,0.5,0.02,0.0006640402624276119,0.0006609767087348838,0.48,3,false,true,candidate,004051
13,0.15,8,1.0,0.005,0.00390493990249463,0.00390493990249463,1.0,3,false,true,candidate,004052
13,0.15,8,1.0,0.01,0.0039049398863784104,0.0039049398863784104,1.0,3,false,true,candidate,004053
13,0.15,8,1.0,0.02,0.0039049397688669654,0.0039049397688669654,1.0,3,false,true,candidate,004054
13,0.15,8,3.0,0.005,0.013948798012218152,0.0059475816113774265,1.76,7,true,true,candidate,004055
13,0.15,8,3.0,0.01,0.013948798099834733,0.00594758173846288,1.76,7,true,true,candidate,004056
13,0.15,8,3.0,0.02,0.01394879976127061,0.005947584249052283,1.76,7,true,true,candidate,004057
13,0.15,12,0.3,0.005,0.00550141247341429,0.00550141247341429,0.3,2,false,true,candidate,004058
13,0.15,12,0.3,0.01,0.0055014121366172555,0.0055014121366172555,0.3,2,false,true,candidate,004059
13,0.15,12,0.3,0.02,0.005501404770407835,0.005501404770407835,0.3,2,false,true,candidate,004060
13,0.15,12,0.5,0.005,0.013643811907936506,0.013643811907936506,0.5,2,false,true,candidate,004061
13,0.15,12,0.5,0.01,0.013643811322985751,0.013643811322985751,0.5,2,false,true,candidate,004062
13,0.15,12,0.5,0.02,0.013643798624076938,0.013643798624076938,0.5,2,false,true,candidate,004063
13,0.15,12,1.0,0.005,0.03679417385485694,0.03679417385485694,1.0,4,true,false,candidate,004064
13,0.15,12,1.0,0.01,0.03679417283865582,0.03679417283865582,1.0,4,true,false,candidate,004065
13,0.15,12,1.0,0.02,0.03679414970713823,0.03679414970713823,1.0,4,true,false,candidate,004066
13,0.15,12,3.0,0.005,0.0395053504737568,0.008070415943988272,1.21,8,true,false,candidate,004067
13,0.15,12,3.0,0.01,0.039505349386200976,0.008070416091103259,1.21,8,true,false,candidate,004068
13,0.15,12,3.0,0.02,0.039500393906531255,0.008070439179397202,1.2,8,true,false,candidate,004069
13,0.15,16,0.3,0.005,0.0009548426660822563,0.0005563875855363333,0.225,0,false,true,candidate,004070
13,0.15,16,0.3,0.01,0.0009535331697838602,0.0005563876390731749,0.22,0,false,true,candidate,004071
13,0.15,16,0.3,0.02,0.0009535345270392793,0.0005563900336917894,0.22,0,false,true,candidate,004072
13,0.15,16,0.5,0.005,0.005945812554712827,0.005945812554712827,0.5,3,false,true,candidate,004073
13,0.15,16,0.5,0.01,0.005945812290955589,0.005945812290955589,0.5,3,false,true,candidate,004074
13,0.15,16,0.5,0.02,0.005945805512966308,0.005945805512966308,0.5,3,false,true,candidate,004075
13,0.15,16,1.0,0.005,0.042005849541776004,0.042005849541776004,1.0,3,false,false,candidate,004076
13,0.15,16,1.0,0.01,0.042005848995100854,0.042005848995100854,1.0,3,false,false,candidate,004077
13,0.15,16,1.0,0.02,0.042005834918065095,0.042005834918065095,1.0,3,false,false,candidate,004078
13,0.15,16,3.0,0.005,0.10568971986921118,0.10568971986921118,3.0,5,true,false,candidate,004079
13,0.15,16,3.0,0.01,0.10568971779779014,0.10568971779779014,3.0,5,true,false,candidate,004080
13,0.15,16,3.0,0.02,0.10568966795101965,0.10568966795101965,3.0,5,true,false,candidate,004081
13,0.2,4,0.3,0.005,0.010082420585851626,0.010082420585851626,0.3,4,true,true,candidate,004082
13,0.2,4,0.3,0.01,0.010082420584587082,0.010082420584587082,0.3,4,true,true,candidate,004083
13,0.2,4,0.3,0.02,0.010082420559952121,0.010082420559952121,0.3,4,true,true,candidate,004084
13,0.2,4,0.5,0.005,0.028186299133341475,0.028186299133341475,0.5,4,true,true,candidate,004085
13,0.2,4,0.5,0.01,0.028186299129269177,0.028186299129269177,0.5,4,true,true,candidate,004086
13,0.2,4,0.5,0.02,0.02818629905678227,0.02818629905678227,0.5,4,true,true,candidate,004087
13,0.2,4,1.0,0.005,0.11236100117081316,0.11236100117081316,1.0,4,true,false,candidate,004088
13,0.2,4,1.0,0.01,0.11236100115445025,0.11236100115445025,1.0,4,true,false,candidate,004089
13,0.2,4,1.0,0.02,0.11236100087696732,0.11236100087696732,1.0,4,true,false,candidate,004090
13,0.2,4,3.0,0.005,0.2905908183497876,0.18280142421998025,2.16,4,true,false,candidate,004091
13,0.2,4,3.0,0.01,0.2905908183502923,0.18280142427442936,2.16,4,true,false,candidate,004092
13,0.2,4,3.0,0.02,0.2905908183176733,0.18280142509498454,2.16,4,true,false,candidate,004093
13,0.2,6,0.3,0.005,0.003956295981080161,0.003956295981080161,0.3,2,false,true,candidate,004094
13,0.2,6,0.3,0.01,0.0039562959751540125,0.0039562959751540125,0.3,2,false,true,candidate,004095
13,0.2,6,0.3,0.02,0.0039562959334178424,0.0039562959334178424,0.3,2,false,true,candidate,004096
13,0.2,6,0.5,0.005,0.01207288473899726,0.01207288473899726,0.5,2,false,true,candidate,004097
13,0.2,6,0.5,0.01,0.01207288472694268,0.01207288472694268,0.5,2,false,true,candidate,004098
13,0.2,6,0.5,0.02,0.012072884621894155,0.012072884621894155,0.5,2,false,true,candidate,004099
13,0.2,6,1.0,0.005,0.04067105234310176,0.04067105234310176,1.0,2,false,false,candidate,004100
13,0.2,6,1.0,0.01,0.040671052324450126,0.040671052324450126,1.0,2,false,false,candidate,004101
13,0.2,6,1.0,0.02,0.04067105219664258,0.04067105219664258,1.0,2,false,false,candidate,004102
13,0.2,6,3.0,0.005,0.05138666109395185,0.02901717805844795,1.4000000000000001,4,true,false,candidate,004103
13,0.2,6,3.0,0.01,0.05138666109762192,0.029017178090755217,1.4000000000000001,4,true,false,candidate,004104
13,0.2,6,3.0,0.02,0.051386661392508144,0.02901717912623181,1.4000000000000001,4,true,false,candidate,004105
13,0.2,8,0.3,0.005,0.00034486959324775407,0.00034486959324775407,0.3,1,false,true,candidate,004106
13,0.2,8,0.3,0.01,0.00034486960826973773,0.00034486960826973773,0.3,1,false,true,candidate,004107
13,0.2,8,0.3,0.02,0.0003448698025168006,0.0003448698025168006,0.3,1,false,true,candidate,004108
13,0.2,8,0.5,0.005,0.0006642613821741249,0.0006609764011049623,0.485,1,false,true,candidate,004109
13,0.2,8,0.5,0.01,0.0006640399839761278,0.000660976423594306,0.48,1,false,true,candidate,004110
13,0.2,8,0.5,0.02,0.0006640402624276119,0.0006609767087348838,0.48,1,false,true,candidate,004111
13,0.2,8,1.0,0.005,0.00390493990249463,0.00390493990249463,1.0,1,false,true,candidate,004112
13,0.2,8,1.0,0.01,0.0039049398863784104,0.0039049398863784104,1.0,1,false,true,candidate,004113
13,0.2,8,1.0,0.02,0.0039049397688669654,0.0039049397688669654,1.0,1,false,true,candidate,004114
13,0.2,8,3.0,0.005,0.013948798012218152,0.0059475816113774265,1.76,4,true,true,candidate,004115
13,0.2,8,3.0,0.01,0.013948798099834733,0.00594758173846288,1.76,4,true,true,candidate,004116
13,0.2,8,3.0,0.02,0.01394879976127061,0.005947584249052283,1.76,4,true,true,candidate,004117
13,0.2,12,0.3,0.005,0.00550141247341429,0.00550141247341429,0.3,1,false,true,candidate,004118
13,0.2,12,0.3,0.01,0.0055014121366172555,0.0055014121366172555,0.3,1,false,true,candidate,004119
13,0.2,12,0.3,0.02,0.005501404770407835,0.005501404770407835,0.3,1,false,true,candidate,004120
13,0.2,12,0.5,0.005,0.013643811907936506,0.013643811907936506,0.5,1,false,true,candidate,004121
13,0.2,12,0.5,0.01,0.013643811322985751,0.013643811322985751,0.5,1,false,true,candidate,004122
13,0.2,12,0.5,0.02,0.013643798624076938,0.013643798624076938,0.5,1,false,true,candidate,004123
13,0.2,12,1.0,0.005,0.03679417385485694,0.03679417385485694,1.0,3,false,false,candidate,004124
13,0.2,12,1.0,0.01,0.03679417283865582,0.03679417283865582,1.0,3,false,false,candidate,004125
13,0.2,12,1.0,0.02,0.03679414970713823,0.03679414970713823,1.0,3,false,false,candidate,004126
13,0.2,12,3.0,0.005,0.0395053504737568,0.008070415943988272,1.21,8,true,false,candidate,004127
13,0.2,12,3.0,0.01,0.039505349386200976,0.008070416091103259,1.21,8,true,false,candidate,004128
13,0.2,12,3.0,0.02,0.039500393906531255,0.008070439179397202,1.2,8,true,false,candidate,004129
13,0.2,16,0.3,0.005,0.0009548426660822563,0.0005563875855363333,0.225,0,false,true,candidate,004130
13,0.2,16,0.3,0.01,0.0009535331697838602,0.0005563876390731749,0.22,0,false,true,candidate,004131
13,0.2,16,0.3,0.02,0.0009535345270392793,0.0005563900336917894,0.22,0,false,true,candidate,004132
13,0.2,16,0.5,0.005,0.005945812554712827,0.005945812554712827,0.5,0,false,true,candidate,004133
13,0.2,16,0.5,0.01,0.005945812290955589,0.005945812290955589,0.5,0,false,true,candidate,004134
13,0.2,16,0.5,0.02,0.005945805512966308,0.005945805512966308,0.5,0,false,true,candidate,004135
13,0.2,16,1.0,0.005,0.042005849541776004,0.042005849541776004,1.0,2,false,false,candidate,004136
13,0.2,16,1.0,0.01,0.042005848995100854,0.042005848995100854,1.0,2,false,false,candidate,004137
13,0.2,16,1.0,0.02,0.042005834918065095,0.042005834918065095,1.0,2,false,false,candidate,004138
13,0.2,16,3.0,0.005,0.10568971986921118,0.10568971986921118,3.0,4,true,false,candidate,004139
13,0.2,16,3.0,0.01,0.10568971779779014,0.10568971779779014,3.0,4,true,false,candidate,004140
13,0.2,16,3.0,0.02,0.10568966795101965,0.10568966795101965,3.0,4,true,false,candidate,004141
13,0.25,4,0.3,0.005,0.010082420585851626,0.010082420585851626,0.3,3,false,true,candidate,004142
13,0.25,4,0.3,0.01,0.010082420584587082,0.010082420584587082,0.3,3,false,true,candidate,004143
13,0.25,4,0.3,0.02,0.010082420559952121,0.010082420559952121,0.3,3,false,true,candidate,004144
13,0.25,4,0.5,0.005,0.028186299133341475,0.028186299133341475,0.5,3,false,true,candidate,004145
13,0.25,4,0.5,0.01,0.028186299129269177,0.028186299129269177,0.5,3,false,true,candidate,004146
13,0.25,4,0.5,0.02,0.02818629905678227,0.02818629905678227,0.5,3,false,true,candidate,004147
13,0.25,4,1.0,0.005,0.11236100117081316,0.11236100117081316,1.0,3,false,false,candidate,004148
13,0.25,4,1.0,0.01,0.11236100115445025,0.11236100115445025,1.0,3,false,false,candidate,004149
13,0.25,4,1.0,0.02,0.11236100087696732,0.11236100087696732,1.0,3,false,false,candidate,004150
13,0.25,4,3.0,0.005,0.2905908183497876,0.18280142421998025,2.16,4,true,false,candidate,004151
13,0.25,4,3.0,0.01,0.2905908183502923,0.18280142427442936,2.16,4,true,false,candidate,004152
13,0.25,4,3.0,0.02,0.2905908183176733,0.18280142509498454,2.16,4,true,false,candidate,004153
13,0.25,6,0.3,0.005,0.003956295981080161,0.003956295981080161,0.3,1,false,true,candidate,004154
13,0.25,6,0.3,0.01,0.0039562959751540125,0.0039562959751540125,0.3,1,false,true,candidate,004155
13,0.25,6,0.3,0.02,0.0039562959334178424,0.0039562959334178424,0.3,1,false,true,candidate,004156
13,0.25,6,0.5,0.005,0.01207288473899726,0.01207288473899726,0.5,1,false,true,candidate,004157
13,0.25,6,0.5,0.01,0.01207288472694268,0.01207288472694268,0.5,1,false,true,candidate,004158
13,0.25,6,0.5,0.02,0.012072884621894155,0.012072884621894155,0.5,1,false,true,candidate,004159
13,0.25,6,1.0,0.005,0.04067105234310176,0.04067105234310176,1.0,1,false,false,candidate,004160
13,0.25,6,1.0,0.01,0.040671052324450126,0.040671052324450126,1.0,1,false,false,candidate,004161
13,0.25,6,1.0,0.02,0.04067105219664258,0.04067105219664258,1.0,1,false,false,candidate,004162
13,0.25,6,3.0,0.005,0.05138666109395185,0.02901717805844795,1.4000000000000001,4,true,false,candidate,004163
13,0.25,6,3.0,0.01,0.05138666109762192,0.029017178090755217,1.4000000000000001,4,true,false,candidate,004164
13,0.25,6,3.0,0.02,0.051386661392508144,0.02901717912623181,1.4000000000000001,4,true,false,candidate,004165
13,0.25,8,0.3,0.005,0.00034486959324775407,0.00034486959324775407,0.3,1,false,true,candidate,004166
13,0.25,8,0.3,0.01,0.00034486960826973773,0.00034486960826973773,0.3,1,false,true,candidate,004167
13,0.25,8,0.3,0.02,0.0003448698025168006,0.0003448698025168006,0.3,1,false,true,candidate,004168
13,0.25,8,0.5,0.005,0.0006642613821741249,0.0006609764011049623,0.485,1,false,true,candidate,004169
13,0.25,8,0.5,0.01,0.0006640399839761278,0.000660976423594306,0.48,1,false,true,candidate,004170
13,0.25,8,0.5,0.02,0.0006640402624276119,0.0006609767087348838,0.48,1,false,true,candidate,004171
13,0.25,8,1.0,0.005,0.00390493990249463,0.00390493990249463,1.0,1,false,true,candidate,004172
13,0.25,8,1.0,0.01,0.0039049398863784104,0.0039049398863784104,1.0,1,false,true,candidate,004173
13,0.25,8,1.0,0.02,0.0039049397688669654,0.0039049397688669654,1.0,1,false,true,candidate,004174
13,0.25,8,3.0,0.005,0.013948798012218152,0.0059475816113774265,1.76,3,false,true,candidate,004175
13,0.25,8,3.0,0.01,0.013948798099834733,0.00594758173846288,1.76,3,false,true,candidate,004176
13,0.25,8,3.0,0.02,0.01394879976127061,0.005947584249052283,1.76,3,false,true,candidate,004177
13,0.25,12,0.3,0.005,0.00550141247341429,0.00550141247341429,0.3,1,false,true,candidate,004178
13,0.25,12,0.3,0.01,0.0055014121366172555,0.0055014121366172555,0.3,1,false,true,candidate,004179
13,0.25,12,0.3,0.02,0.005501404770407835,0.005501404770407835,0.3,1,false,true,candidate,004180
13,0.25,12,0.5,0.005,0.013643811907936506,0.013643811907936506,0.5,1,false,true,candidate,004181
13,0.25,12,0.5,0.01,0.013643811322985751,0.013643811322985751,0.5,1,false,true,candidate,004182
13,0.25,12,0.5,0.02,0.013643798624076938,0.013643798624076938,0.5,1,false,true,candidate,004183
13,0.25,12,1.0,0.005,0.03679417385485694,0.03679417385485694,1.0,3,false,false,candidate,004184
13,0.25,12,1.0,0.01,0.03679417283865582,0.03679417283865582,1.0,3,false,false,candidate,004185
13,0.25,12,1.0,0.02,0.03679414970713823,0.03679414970713823,1.0,3,false,false,candidate,004186
13,0.25,12,3.0,0.005,0.0395053504737568,0.008070415943988272,1.21,5,true,false,candidate,004187
13,0.25,12,3.0,0.01,0.039505349386200976,0.008070416091103259,1.21,5,true,false,candidate,004188
13,0.25,12,3.0,0.02,0.039500393906531255,0.008070439179397202,1.2,5,true,false,candidate,004189
13,0.25,16,0.3,0.005,0.0009548426660822563,0.0005563875855363333,0.225,0,false,true,candidate,004190
13,0.25,16,0.3,0.01,0.0009535331697838602,0.0005563876390731749,0.22,0,false,true,candidate,004191
13,0.25,16,0.3,0.02,0.0009535345270392793,0.0005563900336917894,0.22,0,false,true,candidate,004192
13,0.25,16,0.5,0.005,0.005945812554712827,0.005945812554712827,0.5,0,false,true,candidate,004193
13,0.25,16,0.5,0.01,0.005945812290955589,0.005945812290955589,0.5,0,false,true,candidate,004194
13,0.25,16,0.5,0.02,0.005945805512966308,0.005945805512966308,0.5,0,false,true,candidate,004195
13,0.25,16,1.0,0.005,0.042005849541776004,0.042005849541776004,1.0,1,false,false,candidate,004196
13,0.25,16,1.0,0.01,0.042005848995100854,0.042005848995100854,1.0,1,false,false,candidate,004197
13,0.25,16,1.0,0.02,0.042005834918065095,0.042005834918065095,1.0,1,false,false,candidate,004198
13,0.25,16,3.0,0.005,0.10568971986921118,0.10568971986921118,3.0,3,false,false,candidate,004199
13,0.25,16,3.0,0.01,0.10568971779779014,0.10568971779779014,3.0,3,false,false,candidate,004200
13,0.25,16,3.0,0.02,0.10568966795101965,0.10568966795101965,3.0,3,false,false,candidate,004201
14,0.05,4,0.3,0.005,0.0018509837101434723,0.0018509837101434723,0.3,4,true,true,candidate,004202
14,0.05,4,0.3,0.01,0.001850983714473009,0.001850983714473009,0.3,4,true,true,candidate,004203
14,0.05,4,0.3,0.02,0.001850983815720908,0.001850983815720908,0.3,4,true,true,candidate,004204
14,0.05,4,0.5,0.005,0.003671230225434252,0.003671230225434252,0.5,4,true,true,candidate,004205
14,0.05,4,0.5,0.01,0.0036712302330963453,0.0036712302330963453,0.5,4,true,true,candidate,004206
14,0.05,4,0.5,0.02,0.003671230408839099,0.003671230408839099,0.5,4,true,true,candidate,004207
14,0.05,4,1.0,0.005,0.00440816896279983,0.0013367352992692538,0.68,4,true,true,candidate,004208
14,0.05,4,1.0,0.01,0.004408168974636029,0.001336735321940008,0.68,4,true,true,candidate,004209
14,0.05,4,1.0,0.02,0.0044081692361810365,0.0013367357910325506,0.68,4,true,true,candidate,004210
14,0.05,4,3.0,0.005,0.036136088809517464,0.03352884319050675,2.39,4,true,false,candidate,004211
14,0.05,4,3.0,0.01,0.03613608876691288,0.033528843138325826,2.39,4,true,false,candidate,004212
14,0.05,4,3.0,0.02,0.036134587580139765,0.033528841974720835,2.4,4,true,false,candidate,004213
14,0.05,6,0.3,0.005,0.000651423220644709,0.000651423220644709,0.3,6,true,true,candidate,004214
14,0.05,6,0.3,0.01,0.0006514232218257643,0.0006514232218257643,0.3,6,true,true,candidate,004215
14,0.05,6,0.3,0.02,0.0006514232176482171,0.0006514232176482171,0.3,6,true,true,candidate,004216
14,0.05,6,0.5,0.005,0.0007376884316010468,0.0004522001621278804,0.38,6,true,true,candidate,004217
14,0.05,6,0.5,0.01,0.0007376884333729627,0.0004522001652791374,0.38,6,true,true,candidate,004218
14,0.05,6,0.5,0.02,0.0007376884324021837,0.00045220017699798554,0.38,6,true,true,candidate,004219
14,0.05,6,1.0,0.005,0.009320376411515285,0.009320376411515285,1.0,6,true,true,candidate,004220
14,0.05,6,1.0,0.01,0.00932037639755412,0.00932037639755412,1.0,6,true,true,candidate,004221
14,0.05,6,1.0,0.02,0.009320376250639528,0.009320376250639528,1.0,6,true,true,candidate,004222
14,0.05,6,3.0,0.005,0.046766528144269404,0.046766528144269404,3.0,6,true,false,candidate,004223
14,0.05,6,3.0,0.01,0.04676652811522408,0.04676652811522408,3.0,6,true,false,candidate,004224
14,0.05,6,3.0,0.02,0.04676652787857416,0.04676652787857416,3.0,6,true,false,candidate,004225
14,0.05,8,0.3,0.005,0.0011673491423382922,0.0011673491423382922,0.3,8,true,true,candidate,004226
14,0.05,8,0.3,0.01,0.0011673491587920195,0.0011673491587920195,0.3,8,true,true,candidate,004227
14,0.05,8,0.3,0.02,0.0011673496142472486,0.0011673496142472486,0.3,8,true,true,candidate,004228
14,0.05,8,0.5,0.005,0.003492033032906906,0.003492033032906906,0.5,8,true,true,candidate,004229
14,0.05,8,0.5,0.01,0.003492033054139255,0.003492033054139255,0.5,8,true,true,candidate,004230
14,0.05,8,0.5,0.02,0.0034920337132833277,0.0034920337132833277,0.5,8,true,true,candidate,004231
14,0.05,8,1.0,0.005,0.012868179728893207,0.012868179728893207,1.0,8,true,true,candidate,004232
14,0.05,8,1.0,0.01,0.01286817976530841,0.01286817976530841,1.0,8,true,true,candidate,004233
14,0.05,8,1.0,0.02,0.012868180983083736,0.012868180983083736,1.0,8,true,true,candidate,004234
14,0.05,8,3.0,0.005,0.020142396352273332,0.0026726639575865856,1.62,8,true,true,candidate,004235
14,0.05,8,3.0,0.01,0.020142396377290653,0.002672663804871634,1.62,8,true,true,candidate,004236
14,0.05,8,3.0,0.02,0.02014239780550287,0.00267266324903559,1.62,8,true,true,candidate,004237
14,0.05,12,0.3,0.005,0.0030271263109716844,0.0030271263109716844,0.3,12,true,true,candidate,004238
14,0.05,12,0.3,0.01,0.00302712635533986,0.00302712635533986,0.3,12,true,true,candidate,004239
14,0.05,12,0.3,0.02,0.0030271277253443034,0.0030271277253443034,0.3,12,true,true,candidate,004240
14,0.05,12,0.5,0.005,0.007996597426400466,0.007996597426400466,0.5,12,true,true,candidate,004241
14,0.05,12,0.5,0.01,0.00799659747752446,0.00799659747752446,0.5,12,true,true,candidate,004242
14,0.05,12,0.5,0.02,0.007996599394607841,0.007996599394607841,0.5,12,true,true,candidate,004243
14,0.05,12,1.0,0.005,0.024609448915045132,0.024609448915045132,1.0,12,true,true,candidate,004244
14,0.05,12,1.0,0.01,0.024609448941195215,0.024609448941195215,1.0,12,true,true,candidate,004245
14,0.05,12,1.0,0.02,0.0246094515315215,0.0246094515315215,1.0,12,true,true,candidate,004246
14,0.05,12,3.0,0.005,0.08105390694278604,0.08105390694278604,3.0,12,true,false,candidate,004247
14,0.05,12,3.0,0.01,0.08105390658329616,0.08105390658329616,3.0,12,true,false,candidate,004248
14,0.05,12,3.0,0.02,0.08105390695379512,0.08105390695379512,3.0,12,true,false,candidate,004249
14,0.05,16,0.3,0.005,0.0014152604303603322,0.0014152604303603322,0.3,15,true,true,candidate,004250
14,0.05,16,0.3,0.01,0.001415259794764756,0.001415259794764756,0.3,15,true,true,candidate,004251
14,0.05,16,0.3,0.02,0.0014152436276326785,0.0014152436276326785,0.3,15,true,true,candidate,004252
14,0.05,16,0.5,0.005,0.006794607142121212,0.006794607142121212,0.5,15,true,true,candidate,004253
14,0.05,16,0.5,0.01,0.006794605976700341,0.006794605976700341,0.5,15,true,true,candidate,004254
14,0.05,16,0.5,0.02,0.006794577158516724,0.006794577158516724,0.5,15,true,true,candidate,004255
14,0.05,16,1.0,0.005,0.010396085939688993,0.003608133500306865,0.71,15,true,true,candidate,004256
14,0.05,16,1.0,0.01,0.010396084598847999,0.0036081321916419107,0.71,15,true,true,candidate,004257
14,0.05,16,1.0,0.02,0.010389256003255465,0.0036080907273590146,0.7000000000000001,15,true,true,candidate,004258
14,0.05,16,3.0,0.005,0.010396085939688993,0.00041655937137496934,0.71,16,true,true,candidate,004259
14,0.05,16,3.0,0.01,0.010396084598847999,0.0004165668591720184,0.71,16,true,true,candidate,004260
14,0.05,16,3.0,0.02,0.010389256003255465,0.0004167510159700516,0.7000000000000001,16,true,true,candidate,004261
14,0.1,4,0.3,0.005,0.0018509837101434723,0.0018509837101434723,0.3,4,true,true,candidate,004262
14,0.1,4,0.3,0.01,0.001850983714473009,0.001850983714473009,0.3,4,true,true,candidate,004263
14,0.1,4,0.3,0.02,0.001850983815720908,0.001850983815720908,0.3,4,true,true,candidate,004264
14,0.1,4,0.5,0.005,0.003671230225434252,0.003671230225434252,0.5,4,true,true,candidate,004265
14,0.1,4,0.5,0.01,0.0036712302330963453,0.0036712302330963453,0.5,4,true,true,candidate,004266
14,0.1,4,0.5,0.02,0.003671230408839099,0.003671230408839099,0.5,4,true,true,candidate,004267
14,0.1,4,1.0,0.005,0.00440816896279983,0.0013367352992692538,0.68,4,true,true,candidate,004268
14,0.1,4,1.0,0.01,0.004408168974636029,0.001336735321940008,0.68,4,true,true,candidate,004269
14,0.1,4,1.0,0.02,0.0044081692361810365,0.0013367357910325506,0.68,4,true,true,candidate,004270
14,0.1,4,3.0,0.005,0.036136088809517464,0.03352884319050675,2.39,4,true,false,candidate,004271
14,0.1,4,3.0,0.01,0.03613608876691288,0.033528843138325826,2.39,4,true,false,candidate,004272
14,0.1,4,3.0,0.02,0.036134587580139765,0.033528841974720835,2.4,4,true,false,candidate,004273
14,0.1,6,0.3,0.005,0.000651423220644709,0.000651423220644709,0.3,6,true,true,candidate,004274
14,0.1,6,0.3,0.01,0.0006514232218257643,0.0006514232218257643,0.3,6,true,true,candidate,004275
14,0.1,6,0.3,0.02,0.0006514232176482171,0.0006514232176482171,0.3,6,true,true,candidate,004276
14,0.1,6,0.5,0.005,0.0007376884316010468,0.0004522001621278804,0.38,6,true,true,candidate,004277
14,0.1,6,0.5,0.01,0.0007376884333729627,0.0004522001652791374,0.38,6,true,true,candidate,004278
14,0.1,6,0.5,0.02,0.0007376884324021837,0.00045220017699798554,0.38,6,true,true,candidate,004279
14,0.1,6,1.0,0.005,0.009320376411515285,0.009320376411515285,1.0,6,true,true,candidate,004280
14,0.1,6,1.0,0.01,0.00932037639755412,0.00932037639755412,1.0,6,true,true,candidate,004281
14,0.1,6,1.0,0.02,0.009320376250639528,0.009320376250639528,1.0,6,true,true,candidate,004282
14,0.1,6,3.0,0.005,0.046766528144269404,0.046766528144269404,3.0,6,true,false,candidate,004283
14,0.1,6,3.0,0.01,0.04676652811522408,0.04676652811522408,3.0,6,true,false,candidate,004284
14,0.1,6,3.0,0.02,0.04676652787857416,0.04676652787857416,3.0,6,true,false,candidate,004285
14,0.1,8,0.3,0.005,0.0011673491423382922,0.0011673491423382922,0.3,8,true,true,candidate,004286
14,0.1,8,0.3,0.01,0.0011673491587920195,0.0011673491587920195,0.3,8,true,true,candidate,004287
14,0.1,8,0.3,0.02,0.0011673496142472486,0.0011673496142472486,0.3,8,true,true,candidate,004288
14,0.1,8,0.5,0.005,0.003492033032906906,0.003492033032906906,0.5,8,true,true,candidate,004289
14,0.1,8,0.5,0.01,0.003492033054139255,0.003492033054139255,0.5,8,true,true,candidate,004290
14,0.1,8,0.5,0.02,0.0034920337132833277,0.0034920337132833277,0.5,8,true,true,candidate,004291
14,0.1,8,1.0,0.005,0.012868179728893207,0.012868179728893207,1.0,8,true,true,candidate,004292
14,0.1,8,1.0,0.01,0.01286817976530841,0.01286817976530841,1.0,8,true,true,candidate,004293
14,0.1,8,1.0,0.02,0.012868180983083736,0.012868180983083736,1.0,8,true,true,candidate,004294
14,0.1,8,3.0,0.005,0.020142396352273332,0.0026726639575865856,1.62,8,true,true,candidate,004295
14,0.1,8,3.0,0.01,0.020142396377290653,0.002672663804871634,1.62,8,true,true,candidate,004296
14,0.1,8,3.0,0.02,0.02014239780550287,0.00267266324903559,1.62,8,true,true,candidate,004297
14,0.1,12,0.3,0.005,0.0030271263109716844,0.0030271263109716844,0.3,4,true,true,candidate,004298
14,0.1,12,0.3,0.01,0.00302712635533986,0.00302712635533986,0.3,4,true,true,candidate,004299
14,0.1,12,0.3,0.02,0.0030271277253443034,0.0030271277253443034,0.3,4,true,true,candidate,004300
14,0.1,12,0.5,0.005,0.007996597426400466,0.007996597426400466,0.5,4,true,true,candidate,004301
14,0.1,12,0.5,0.01,0.00799659747752446,0.00799659747752446,0.5,4,true,true,candidate,004302
14,0.1,12,0.5,0.02,0.007996599394607841,0.007996599394607841,0.5,4,true,true,candidate,004303
14,0.1,12,1.0,0.005,0.024609448915045132,0.024609448915045132,1.0,5,true,true,candidate,004304
14,0.1,12,1.0,0.01,0.024609448941195215,0.024609448941195215,1.0,5,true,true,candidate,004305
14,0.1,12,1.0,0.02,0.0246094515315215,0.0246094515315215,1.0,5,true,true,candidate,004306
14,0.1,12,3.0,0.005,0.08105390694278604,0.08105390694278604,3.0,9,true,false,candidate,004307
14,0.1,12,3.0,0.01,0.08105390658329616,0.08105390658329616,3.0,9,true,false,candidate,004308
14,0.1,12,3.0,0.02,0.08105390695379512,0.08105390695379512,3.0,9,true,false,candidate,004309
14,0.1,16,0.3,0.005,0.0014152604303603322,0.0014152604303603322,0.3,4,true,true,candidate,004310
14,0.1,16,0.3,0.01,0.001415259794764756,0.001415259794764756,0.3,4,true,true,candidate,004311
14,0.1,16,0.3,0.02,0.0014152436276326785,0.0014152436276326785,0.3,4,true,true,candidate,004312
14,0.1,16,0.5,0.005,0.006794607142121212,0.006794607142121212,0.5,4,true,true,candidate,004313
14,0.1,16,0.5,0.01,0.006794605976700341,0.006794605976700341,0.5,4,true,true,candidate,004314
14,0.1,16,0.5,0.02,0.006794577158516724,0.006794577158516724,0.5,4,true,true,candidate,004315
14,0.1,16,1.0,0.005,0.010396085939688993,0.003608133500306865,0.71,7,true,true,candidate,004316
14,0.1,16,1.0,0.01,0.010396084598847999,0.0036081321916419107,0.71,7,true,true,candidate,004317
14,0.1,16,1.0,0.02,0.010389256003255465,0.0036080907273590146,0.7000000000000001,7,true,true,candidate,004318
14,0.1,16,3.0,0.005,0.010396085939688993,0.00041655937137496934,0.71,13,true,true,candidate,004319
14,0.1,16,3.0,0.01,0.010396084598847999,0.0004165668591720184,0.71,13,true,true,candidate,004320
14,0.1,16,3.0,0.02,0.010389256003255465,0.0004167510159700516,0.7000000000000001,13,true,true,candidate,004321
14,0.15,4,0.3,0.005,0.0018509837101434723,0.0018509837101434723,0.3,4,true,true,candidate,004322
14,0.15,4,0.3,0.01,0.001850983714473009,0.001850983714473009,0.3,4,true,true,candidate,004323
14,0.15,4,0.3,0.02,0.001850983815720908,0.001850983815720908,0.3,4,true,true,candidate,004324
14,0.15,4,0.5,0.005,0.003671230225434252,0.003671230225434252,0.5,4,true,true,candidate,004325
14,0.15,4,0.5,0.01,0.0036712302330963453,0.0036712302330963453,0.5,4,true,true,candidate,004326
14,0.15,4,0.5,0.02,0.003671230408839099,0.003671230408839099,0.5,4,true,true,candidate,004327
14,0.15,4,1.0,0.005,0.00440816896279983,0.0013367352992692538,0.68,4,true,true,candidate,004328
14,0.15,4,1.0,0.01,0.004408168974636029,0.001336735321940008,0.68,4,true,true,candidate,004329
14,0.15,4,1.0,0.02,0.0044081692361810365,0.0013367357910325506,0.68,4,true,true,candidate,004330
14,0.15,4,3.0,0.005,0.036136088809517464,0.03352884319050675,2.39,4,true,false,candidate,004331
14,0.15,4,3.0,0.01,0.03613608876691288,0.033528843138325826,2.39,4,true,false,candidate,004332
14,0.15,4,3.0,0.02,0.036134587580139765,0.033528841974720835,2.4,4,true,false,candidate,004333
14,0.15,6,0.3,0.005,0.000651423220644709,0.000651423220644709,0.3,6,true,true,candidate,004334
14,0.15,6,0.3,0.01,0.0006514232218257643,0.0006514232218257643,0.3,6,true,true,candidate,004335
14,0.15,6,0.3,0.02,0.0006514232176482171,0.0006514232176482171,0.3,6,true,true,candidate,004336
14,0.15,6,0.5,0.005,0.0007376884316010468,0.0004522001621278804,0.38,6,true,true,candidate,004337
14,0.15,6,0.5,0.01,0.0007376884333729627,0.0004522001652791374,0.38,6,true,true,candidate,004338
14,0.15,6,0.5,0.02,0.0007376884324021837,0.00045220017699798554,0.38,6,true,true,candidate,004339
14,0.15,6,1.0,0.005,0.009320376411515285,0.009320376411515285,1.0,6,true,true,candidate,004340
14,0.15,6,1.0,0.01,0.00932037639755412,0.00932037639755412,1.0,6,true,true,candidate,004341
14,0.15,6,1.0,0.02,0.009320376250639528,0.009320376250639528,1.0,6,true,true,candidate,004342
14,0.15,6,3.0,0.005,0.046766528144269404,0.046766528144269404,3.0,6,true,false,candidate,004343
14,0.15,6,3.0,0.01,0.04676652811522408,0.04676652811522408,3.0,6,true,false,candidate,004344
14,0.15,6,3.0,0.02,0.04676652787857416,0.04676652787857416,3.0,6,true,false,candidate,004345
14,0.15,8,0.3,0.005,0.0011673491423382922,0.0011673491423382922,0.3,4,true,true,candidate,004346
14,0.15,8,0.3,0.01,0.0011673491587920195,0.0011673491587920195,0.3,4,true,true,candidate,004347
14,0.15,8,0.3,0.02,0.0011673496142472486,0.0011673496142472486,0.3,4,true,true,candidate,004348
14,0.15,8,0.5,0.005,0.003492033032906906,0.003492033032906906,0.5,4,true,true,candidate,004349
14,0.15,8,0.5,0.01,0.003492033054139255,0.003492033054139255,0.5,4,true,true,candidate,004350
14,0.15,8,0.5,0.02,0.0034920337132833277,0.0034920337132833277,0.5,4,true,true,candidate,004351
14,0.15,8,1.0,0.005,0.012868179728893207,0.012868179728893207,1.0,5,true,true,candidate,004352
14,0.15,8,1.0,0.01,0.01286817976530841,0.01286817976530841,1.0,5,true,true,candidate,004353
14,0.15,8,1.0,0.02,0.012868180983083736,0.012868180983083736,1.0,5,true,true,candidate,004354
14,0.15,8,3.0,0.005,0.020142396352273332,0.0026726639575865856,1.62,7,true,true,candidate,004355
14,0.15,8,3.0,0.01,0.020142396377290653,0.002672663804871634,1.62,7,true,true,candidate,004356
14,0.15,8,3.0,0.02,0.02014239780550287,0.00267266324903559,1.62,7,true,true,candidate,004357
14,0.15,12,0.3,0.005,0.0030271263109716844,0.0030271263109716844,0.3,3,false,true,candidate,004358
14,0.15,12,0.3,0.01,0.00302712635533986,0.00302712635533986,0.3,3,false,true,candidate,004359
14,0.15,12,0.3,0.02,0.0030271277253443034,0.0030271277253443034,0.3,3,false,true,candidate,004360
14,0.15,12,0.5,0.005,0.007996597426400466,0.007996597426400466,0.5,3,false,true,candidate,004361
14,0.15,12,0.5,0.01,0.00799659747752446,0.00799659747752446,0.5,3,false,true,candidate,004362
14,0.15,12,0.5,0.02,0.007996599394607841,0.007996599394607841,0.5,3,false,true,candidate,004363
14,0.15,12,1.0,0.005,0.024609448915045132,0.024609448915045132,1.0,3,false,true,candidate,004364
14,0.15,12,1.0,0.01,0.024609448941195215,0.024609448941195215,1.0,3,false,true,candidate,004365
14,0.15,12,1.0,0.02,0.0246094515315215,0.0246094515315215,1.0,3,false,true,candidate,004366
14,0.15,12,3.0,0.005,0.08105390694278604,0.08105390694278604,3.0,6,true,false,candidate,004367
14,0.15,12,3.0,0.01,0.08105390658329616,0.08105390658329616,3.0,6,true,false,candidate,004368
14,0.15,12,3.0,0.02,0.08105390695379512,0.08105390695379512,3.0,6,true,false,candidate,004369
14,0.15,16,0.3,0.005,0.0014152604303603322,0.0014152604303603322,0.3,2,false,true,candidate,004370
14,0.15,16,0.3,0.01,0.001415259794764756,0.001415259794764756,0.3,2,false,true,candidate,004371
14,0.15,16,0.3,0.02,0.0014152436276326785,0.0014152436276326785,0.3,2,false,true,candidate,004372
14,0.15,16,0.5,0.005,0.006794607142121212,0.006794607142121212,0.5,3,false,true,candidate,004373
14,0.15,16,0.5,0.01,0.006794605976700341,0.006794605976700341,0.5,3,false,true,candidate,004374
14,0.15,16,0.5,0.02,0.006794577158516724,0.006794577158516724,0.5,3,false,true,candidate,004375
14,0.15,16,1.0,0.005,0.010396085939688993,0.003608133500306865,0.71,5,true,true,candidate,004376
14,0.15,16,1.0,0.01,0.010396084598847999,0.0036081321916419107,0.71,5,true,true,candidate,004377
14,0.15,16,1.0,0.02,0.010389256003255465,0.0036080907273590146,0.7000000000000001,5,true,true,candidate,004378
14,0.15,16,3.0,0.005,0.010396085939688993,0.00041655937137496934,0.71,9,true,true,candidate,004379
14,0.15,16,3.0,0.01,0.010396084598847999,0.0004165668591720184,0.71,9,true,true,candidate,004380
14,0.15,16,3.0,0.02,0.010389256003255465,0.0004167510159700516,0.7000000000000001,9,true,true,candidate,004381
14,0.2,4,0.3,0.005,0.0018509837101434723,0.0018509837101434723,0.3,4,true,true,candidate,004382
14,0.2,4,0.3,0.01,0.001850983714473009,0.001850983714473009,0.3,4,true,true,candidate,004383
14,0.2,4,0.3,0.02,0.001850983815720908,0.001850983815720908,0.3,4,true,true,candidate,004384
14,0.2,4,0.5,0.005,0.003671230225434252,0.003671230225434252,0.5,4,true,true,candidate,004385
14,0.2,4,0.5,0.01,0.0036712302330963453,0.0036712302330963453,0.5,4,true,true,candidate,004386
14,0.2,4,0.5,0.02,0.003671230408839099,0.003671230408839099,0.5,4,true,true,candidate,004387
14,0.2,4,1.0,0.005,0.00440816896279983,0.0013367352992692538,0.68,4,true,true,candidate,004388
14,0.2,4,1.0,0.01,0.004408168974636029,0.001336735321940008,0.68,4,true,true,candidate,004389
14,0.2,4,1.0,0.02,0.0044081692361810365,0.0013367357910325506,0.68,4,true,true,candidate,004390
14,0.2,4,3.0,0.005,0.036136088809517464,0.03352884319050675,2.39,4,true,false,candidate,004391
14,0.2,4,3.0,0.01,0.03613608876691288,0.033528843138325826,2.39,4,true,false,candidate,004392
14,0.2,4,3.0,0.02,0.036134587580139765,0.033528841974720835,2.4,4,true,false,candidate,004393
14,0.2,6,0.3,0.005,0.000651423220644709,0.000651423220644709,0.3,2,false,true,candidate,004394
14,0.2,6,0.3,0.01,0.0006514232218257643,0.0006514232218257643,0.3,2,false,true,candidate,004395
14,0.2,6,0.3,0.02,0.0006514232176482171,0.0006514232176482171,0.3,2,false,true,candidate,004396
14,0.2,6,0.5,0.005,0.0007376884316010468,0.0004522001621278804,0.38,2,false,true,candidate,004397
14,0.2,6,0.5,0.01,0.0007376884333729627,0.0004522001652791374,0.38,2,false,true,candidate,004398
14,0.2,6,0.5,0.02,0.0007376884324021837,0.00045220017699798554,0.38,2,false,true,candidate,004399
14,0.2,6,1.0,0.005,0.009320376411515285,0.009320376411515285,1.0,2,false,true,candidate,004400
14,0.2,6,1.0,0.01,0.00932037639755412,0.00932037639755412,1.0,2,false,true,candidate,004401
14,0.2,6,1.0,0.02,0.009320376250639528,0.009320376250639528,1.0,2,false,true,candidate,004402
14,0.2,6,3.0,0.005,0.046766528144269404,0.046766528144269404,3.0,5,true,false,candidate,004403
14,0.2,6,3.0,0.01,0.04676652811522408,0.04676652811522408,3.0,5,true,false,candidate,004404
14,0.2,6,3.0,0.02,0.04676652787857416,0.04676652787857416,3.0,5,true,false,candidate,004405
14,0.2,8,0.3,0.005,0.0011673491423382922,0.0011673491423382922,0.3,1,false,true,candidate,004406
14,0.2,8,0.3,0.01,0.0011673491587920195,0.0011673491587920195,0.3,1,false,true,candidate,004407
14,0.2,8,0.3,0.02,0.0011673496142472486,0.0011673496142472486,0.3,1,false,true,candidate,004408
14,0.2,8,0.5,0.005,0.003492033032906906,0.003492033032906906,0.5,2,false,true,candidate,004409
14,0.2,8,0.5,0.01,0.003492033054139255,0.003492033054139255,0.5,2,false,true,candidate,004410
14,0.2,8,0.5,0.02,0.0034920337132833277,0.0034920337132833277,0.5,2,false,true,candidate,004411
14,0.2,8,1.0,0.005,0.012868179728893207,0.012868179728893207,1.0,2,false,true,candidate,004412
14,0.2,8,1.0,0.01,0.01286817976530841,0.01286817976530841,1.0,2,false,true,candidate,004413
14,0.2,8,1.0,0.02,0.012868180983083736,0.012868180983083736,1.0,2,false,true,candidate,004414
14,0.2,8,3.0,0.005,0.020142396352273332,0.0026726639575865856,1.62,5,true,true,candidate,004415
14,0.2,8,3.0,0.01,0.020142396377290653,0.002672663804871634,1.62,5,true,true,candidate,004416
14,0.2,8,3.0,0.02,0.02014239780550287,0.00267266324903559,1.62,5,true,true,candidate,004417
14,0.2,12,0.3,0.005,0.0030271263109716844,0.0030271263109716844,0.3,1,false,true,candidate,004418
14,0.2,12,0.3,0.01,0.00302712635533986,0.00302712635533986,0.3,1,false,true,candidate,004419
14,0.2,12,0.3,0.02,0.0030271277253443034,0.0030271277253443034,0.3,1,false,true,candidate,004420
14,0.2,12,0.5,0.005,0.007996597426400466,0.007996597426400466,0.5,2,false,true,candidate,004421
14,0.2,12,0.5,0.01,0.00799659747752446,0.00799659747752446,0.5,2,false,true,candidate,004422
14,0.2,12,0.5,0.02,0.007996599394607841,0.007996599394607841,0.5,2,false,true,candidate,004423
14,0.2,12,1.0,0.005,0.024609448915045132,0.024609448915045132,1.0,2,false,true,candidate,004424
14,0.2,12,1.0,0.01,0.024609448941195215,0.024609448941195215,1.0,2,false,true,candidate,004425
14,0.2,12,1.0,0.02,0.0246094515315215,0.0246094515315215,1.0,2,false,true,candidate,004426
14,0.2,12,3.0,0.005,0.08105390694278604,0.08105390694278604,3.0,3,false,false,candidate,004427
14,0.2,12,3.0,0.01,0.08105390658329616,0.08105390658329616,3.0,3,false,false,candidate,004428
14,0.2,12,3.0,0.02,0.08105390695379512,0.08105390695379512,3.0,3,false,false,candidate,004429
14,0.2,16,0.3,0.005,0.0014152604303603322,0.0014152604303603322,0.3,2,false,true,candidate,004430
14,0.2,16,0.3,0.01,0.001415259794764756,0.001415259794764756,0.3,2,false,true,candidate,004431
14,0.2,16,0.3,0.02,0.0014152436276326785,0.0014152436276326785,0.3,2,false,true,candidate,004432
14,0.2,16,0.5,0.005,0.006794607142121212,0.006794607142121212,0.5,3,false,true,candidate,004433
14,0.2,16,0.5,0.01,0.006794605976700341,0.006794605976700341,0.5,3,false,true,candidate,004434
14,0.2,16,0.5,0.02,0.006794577158516724,0.006794577158516724,0.5,3,false,true,candidate,004435
14,0.2,16,1.0,0.005,0.010396085939688993,0.003608133500306865,0.71,5,true,true,candidate,004436
14,0.2,16,1.0,0.01,0.010396084598847999,0.0036081321916419107,0.71,5,true,true,candidate,004437
14,0.2,16,1.0,0.02,0.010389256003255465,0.0036080907273590146,0.7000000000000001,5,true,true,candidate,004438
14,0.2,16,3.0,0.005,0.010396085939688993,0.00041655937137496934,0.71,9,true,true,candidate,004439
14,0.2,16,3.0,0.01,0.010396084598847999,0.0004165668591720184,0.71,9,true,true,candidate,004440
14,0.2,16,3.0,0.02,0.010389256003255465,0.0004167510159700516,0.7000000000000001,9,true,true,candidate,004441
14,0.25,4,0.3,0.005,0.0018509837101434723,0.0018509837101434723,0.3,3,false,true,candidate,004442
14,0.25,4,0.3,0.01,0.001850983714473009,0.001850983714473009,0.3,3,false,true,candidate,004443
14,0.25,4,0.3,0.02,0.001850983815720908,0.001850983815720908,0.3,3,false,true,candidate,004444
14,0.25,4,0.5,0.005,0.003671230225434252,0.003671230225434252,0.5,3,false,true,candidate,004445
14,0.25,4,0.5,0.01,0.0036712302330963453,0.0036712302330963453,0.5,3,false,true,candidate,004446
14,0.25,4,0.5,0.02,0.003671230408839099,0.003671230408839099,0.5,3,false,true,candidate,004447
14,0.25,4,1.0,0.005,0.00440816896279983,0.0013367352992692538,0.68,4,true,true,candidate,004448
14,0.25,4,1.0,0.01,0.004408168974636029,0.001336735321940008,0.68,4,true,true,candidate,004449
14,0.25,4,1.0,0.02,0.0044081692361810365,0.0013367357910325506,0.68,4,true,true,candidate,004450
14,0.25,4,3.0,0.005,0.036136088809517464,0.03352884319050675,2.39,4,true,false,candidate,004451
14,0.25,4,3.0,0.01,0.03613608876691288,0.033528843138325826,2.39,4,true,false,candidate,004452
14,0.25,4,3.0,0.02,0.036134587580139765,0.033528841974720835,2.4,4,true,false,candidate,004453
14,0.25,6,0.3,0.005,0.000651423220644709,0.000651423220644709,0.3,1,false,true,candidate,004454
14,0.25,6,0.3,0.01,0.0006514232218257643,0.0006514232218257643,0.3,1,false,true,candidate,004455
14,0.25,6,0.3,0.02,0.0006514232176482171,0.0006514232176482171,0.3,1,false,true,candidate,004456
14,0.25,6,0.5,0.005,0.0007376884316010468,0.0004522001621278804,0.38,2,false,true,candidate,004457
14,0.25,6,0.5,0.01,0.0007376884333729627,0.0004522001652791374,0.38,2,false,true,candidate,004458
14,0.25,6,0.5,0.02,0.0007376884324021837,0.00045220017699798554,0.38,2,false,true,candidate,004459
14,0.25,6,1.0,0.005,0.009320376411515285,0.009320376411515285,1.0,2,false,true,candidate,004460
14,0.25,6,1.0,0.01,0.00932037639755412,0.00932037639755412,1.0,2,false,true,candidate,004461
14,0.25,6,1.0,0.02,0.009320376250639528,0.009320376250639528,1.0,2,false,true,candidate,004462
14,0.25,6,3.0,0.005,0.046766528144269404,0.046766528144269404,3.0,4,true,false,candidate,004463
14,0.25,6,3.0,0.01,0.04676652811522408,0.04676652811522408,3.0,4,true,false,candidate,004464
14,0.25,6,3.0,0.02,0.04676652787857416,0.04676652787857416,3.0,4,true,false,candidate,004465
14,0.25,8,0.3,0.005,0.0011673491423382922,0.0011673491423382922,0.3,1,false,true,candidate,004466
14,0.25,8,0.3,0.01,0.0011673491587920195,0.0011673491587920195,0.3,1,false,true,candidate,004467
14,0.25,8,0.3,0.02,0.0011673496142472486,0.0011673496142472486,0.3,1,false,true,candidate,004468
14,0.25,8,0.5,0.005,0.003492033032906906,0.003492033032906906,0.5,1,false,true,candidate,004469
14,0.25,8,0.5,0.01,0.003492033054139255,0.003492033054139255,0.5,1,false,true,candidate,004470
14,0.25,8,0.5,0.02,0.0034920337132833277,0.0034920337132833277,0.5,1,false,true,candidate,004471
14,0.25,8,1.0,0.005,0.012868179728893207,0.012868179728893207,1.0,2,false,true,candidate,004472
14,0.25,8,1.0,0.01,0.01286817976530841,0.01286817976530841,1.0,2,false,true,candidate,004473
14,0.25,8,1.0,0.02,0.012868180983083736,0.012868180983083736,1.0,2,false,true,candidate,004474
14,0.25,8,3.0,0.005,0.020142396352273332,0.0026726639575865856,1.62,5,true,true,candidate,004475
14,0.25,8,3.0,0.01,0.020142396377290653,0.002672663804871634,1.62,5,true,true,candidate,004476
14,0.25,8,3.0,0.02,0.02014239780550287,0.00267266324903559,1.62,5,true,true,candidate,004477
14,0.25,12,0.3,0.005,0.0030271263109716844,0.0030271263109716844,0.3,0,false,true,candidate,004478
14,0.25,12,0.3,0.01,0.00302712635533986,0.00302712635533986,0.3,0,false,true,candidate,004479
14,0.25,12,0.3,0.02,0.0030271277253443034,0.0030271277253443034,0.3,0,false,true,candidate,004480
14,0.25,12,0.5,0.005,0.007996597426400466,0.007996597426400466,0.5,1,false,true,candidate,004481
14,0.25,12,0.5,0.01,0.00799659747752446,0.00799659747752446,0.5,1,false,true,candidate,004482
14,0.25,12,0.5,0.02,0.007996599394607841,0.007996599394607841,0.5,1,false,true,candidate,004483
14,0.25,12,1.0,0.005,0.024609448915045132,0.024609448915045132,1.0,2,false,true,candidate,004484
14,0.25,12,1.0,0.01,0.024609448941195215,0.024609448941195215,1.0,2,false,true,candidate,004485
14,0.25,12,1.0,0.02,0.0246094515315215,0.0246094515315215,1.0,2,false,true,candidate,004486
14,0.25,12,3.0,0.005,0.08105390694278604,0.08105390694278604,3.0,2,false,false,candidate,004487
14,0.25,12,3.0,0.01,0.08105390658329616,0.08105390658329616,3.0,2,false,false,candidate,004488
14,0.25,12,3.0,0.02,0.08105390695379512,0.08105390695379512,3.0,2,false,false,candidate,004489
14,0.25,16,0.3,0.005,0.0014152604303603322,0.0014152604303603322,0.3,0,false,true,candidate,004490
14,0.25,16,0.3,0.01,0.001415259794764756,0.001415259794764756,0.3,0,false,true,candidate,004491
14,0.25,16,0.3,0.02,0.0014152436276326785,0.0014152436276326785,0.3,0,false,true,candidate,004492
14,0.25,16,0.5,0.005,0.006794607142121212,0.006794607142121212,0.5,0,false,true,candidate,004493
14,0.25,16,0.5,0.01,0.006794605976700341,0.006794605976700341,0.5,0,false,true,candidate,004494
14,0.25,16,0.5,0.02,0.006794577158516724,0.006794577158516724,0.5,0,false,true,candidate,004495
14,0.25,16,1.0,0.005,0.010396085939688993,0.003608133500306865,0.71,1,false,true,candidate,004496
14,0.25,16,1.0,0.01,0.010396084598847999,0.0036081321916419107,0.71,1,false,true,candidate,004497
14,0.25,16,1.0,0.02,0.010389256003255465,0.0036080907273590146,0.7000000000000001,1,false,true,candidate,004498
14,0.25,16,3.0,0.005,0.010396085939688993,0.00041655937137496934,0.71,3,false,true,candidate,004499
14,0.25,16,3.0,0.01,0.010396084598847999,0.0004165668591720184,0.71,3,false,true,candidate,004500
14,0.25,16,3.0,0.02,0.010389256003255465,0.0004167510159700516,0.7000000000000001,3,false,true,candidate,004501
15,0.05,4,0.3,0.005,0.016197776284089468,0.016197776284089468,0.3,4,true,true,candidate,004502
15,0.05,4,0.3,0.01,0.01619777628256158,0.01619777628256158,0.3,4,true,true,candidate,004503
15,0.05,4,0.3,0.02,0.01619777624207752,0.01619777624207752,0.3,4,true,true,candidate,004504
15,0.05,4,0.5,0.005,0.036972495474193894,0.036972495474193894,0.5,4,true,false,candidate,004505
15,0.05,4,0.5,0.01,0.036972495469486326,0.036972495469486326,0.5,4,true,false,candidate,004506
15,0.05,4,0.5,0.02,0.0369724953670063,0.0369724953670063,0.5,4,true,false,candidate,004507
15,0.05,4,1.0,0.005,0.09815798589717947,0.09815798589717947,1.0,4,true,false,candidate,004508
15,0.05,4,1.0,0.01,0.09815798588998922,0.09815798588998922,1.0,4,true,false,candidate,004509
15,0.05,4,1.0,0.02,0.09815798571804721,0.09815798571804721,1.0,4,true,false,candidate,004510
15,0.05,4,3.0,0.005,0.1253438526456154,0.0134813751932451,1.475,4,true,false,candidate,004511
15,0.05,4,3.0,0.01,0.12534247316865585,0.013481375149633875,1.48,4,true,false,candidate,004512
15,0.05,4,3.0,0.02,0.1253424732887873,0.013481374605149195,1.48,4,true,false,candidate,004513
15,0.05,6,0.3,0.005,0.0033885675073779256,0.0033885675073779256,0.3,6,true,true,candidate,004514
15,0.05,6,0.3,0.01,0.003388567429194244,0.003388567429194244,0.3,6,true,true,candidate,004515
15,0.05,6,0.3,0.02,0.0033885658519445796,0.0033885658519445796,0.3,6,true,true,candidate,004516
15,0.05,6,0.5,0.005,0.0037080434477216864,0.0028919494296260058,0.38,6,true,true,candidate,004517
15,0.05,6,0.5,0.01,0.0037080433545542127,0.0028919493217498533,0.38,6,true,true,candidate,004518
15,0.05,6,0.5,0.02,0.0037080414480123993,0.002891947044863396,0.38,6,true,true,candidate,004519
15,0.05,6,1.0,0.005,0.01683128301634706,0.01683128301634706,1.0,6,true,true,candidate,004520
15,0.05,6,1.0,0.01,0.016831283154717377,0.016831283154717377,1.0,6,true,true,candidate,004521
15,0.05,6,1.0,0.02,0.016831286464696445,0.016831286464696445,1.0,6,true,true,candidate,004522
15,0.05,6,3.0,0.005,0.06653750875974572,0.052723462124022,2.67,6,true,false,candidate,004523
15,0.05,6,3.0,0.01,0.0665375093606123,0.052723463084012975,2.67,6,true,false,candidate,004524
15,0.05,6,3.0,0.02,0.06652512635515183,0.05272348192789099,2.68,6,true,false,candidate,004525
15,0.05,8,0.3,0.005,0.0035876613250762635,0.0035876613250762635,0.3,8,true,true,candidate,004526
15,0.05,8,0.3,0.01,0.003587661331947878,0.003587661331947878,0.3,8,true,true,candidate,004527
15,0.05,8,0.3,0.02,0.00358766109133124,0.00358766109133124,0.3,8,true,true,candidate,004528
15,0.05,8,0.5,0.005,0.007865943907656714,0.007865943907656714,0.5,8,true,true,candidate,004529
15,0.05,8,0.5,0.01,0.007865943897868544,0.007865943897868544,0.5,8,true,true,candidate,004530
15,0.05,8,0.5,0.02,0.007865943156294186,0.007865943156294186,0.5,8,true,true,candidate,004531
15,0.05,8,1.0,0.005,0.016327892577565617,0.016327892577565617,1.0,8,true,true,candidate,004532
15,0.05,8,1.0,0.01,0.01632789252669964,0.01632789252669964,1.0,8,true,true,candidate,004533
15,0.05,8,1.0,0.02,0.016327890527080502,0.016327890527080502,1.0,8,true,true,candidate,004534
15,0.05,8,3.0,0.005,0.04721064544856857,0.037059183075680346,2.74,8,true,false,candidate,004535
15,0.05,8,3.0,0.01,0.04721064592904267,0.03705918411087805,2.74,8,true,false,candidate,004536
15,0.05,8,3.0,0.02,0.0472106566449797,0.03705920406656604,2.74,8,true,false,candidate,004537
15,0.05,12,0.3,0.005,0.008180161760901751,0.008180161760901751,0.3,12,true,true,candidate,004538
15,0.05,12,0.3,0.01,0.008180161613409067,0.008180161613409067,0.3,12,true,true,candidate,004539
15,0.05,12,0.3,0.02,0.008180157831449432,0.008180157831449432,0.3,12,true,true,candidate,004540
15,0.05,12,0.5,0.005,0.019584610956067453,0.019584610956067453,0.5,12,true,true,candidate,004541
15,0.05,12,0.5,0.01,0.019584610712777843,0.019584610712777843,0.5,12,true,true,candidate,004542
15,0.05,12,0.5,0.02,0.01958460439890575,0.01958460439890575,0.5,12,true,true,candidate,004543
15,0.05,12,1.0,0.005,0.027782086497376905,0.018485129838965778,0.755,12,true,true,candidate,004544
15,0.05,12,1.0,0.01,0.027781245891701837,0.018485130128296338,0.75,12,true,true,candidate,004545
15,0.05,12,1.0,0.02,0.02777520263365119,0.01848512988979179,0.76,12,true,true,candidate,004546
15,0.05,12,3.0,0.005,0.049374277024329956,0.03279784429593991,2.265,12,true,false,candidate,004547
15,0.05,12,3.0,0.01,0.049373344865821574,0.03279784533617892,2.2600000000000002,12,true,false,candidate,004548
15,0.05,12,3.0,0.02,0.04937336234498358,0.03279787574198446,2.2600000000000002,12,true,false,candidate,004549
15,0.05,16,0.3,0.005,0.003222276514782462,0.003222276514782462,0.3,16,true,true,candidate,004550
15,0.05,16,0.3,0.01,0.003222276204605911,0.003222276204605911,0.3,16,true,true,candidate,004551
15,0.05,16,0.3,0.02,0.003222267686871171,0.003222267686871171,0.3,16,true,true,candidate,004552
15,0.05,16,0.5,0.005,0.009806375640414531,0.009806375640414531,0.5,16,true,true,candidate,004553
15,0.05,16,0.5,0.01,0.009806374935671823,0.009806374935671823,0.5,16,true,true,candidate,004554
15,0.05,16,0.5,0.02,0.009806357681951592,0.009806357681951592,0.5,16,true,true,candidate,004555
15,0.05,16,1.0,0.005,0.045356842473816876,0.045356842473816876,1.0,16,true,false,candidate,004556
15,0.05,16,1.0,0.01,0.04535684114786442,0.04535684114786442,1.0,16,true,false,candidate,004557
15,0.05,16,1.0,0.02,0.04535680751362769,0.04535680751362769,1.0,16,true,false,candidate,004558
15,0.05,16,3.0,0.005,0.09309963592035196,0.09282218908893712,2.935,16,true,false,candidate,004559
15,0.05,16,3.0,0.01,0.09309799006112994,0.09282218780399985,2.93,16,true,false,candidate,004560
15,0.05,16,3.0,0.02,0.09309755213148406,0.09282213151348893,2.94,16,true,false,candidate,004561
15,0.1,4,0.3,0.005,0.016197776284089468,0.016197776284089468,0.3,4,true,true,candidate,004562
15,0.1,4,0.3,0.01,0.01619777628256158,0.01619777628256158,0.3,4,true,true,candidate,004563
15,0.1,4,0.3,0.02,0.01619777624207752,0.01619777624207752,0.3,4,true,true,candidate,004564
15,0.1,4,0.5,0.005,0.036972495474193894,0.036972495474193894,0.5,4,true,false,candidate,004565
15,0.1,4,0.5,0.01,0.036972495469486326,0.036972495469486326,0.5,4,true,false,candidate,004566
15,0.1,4,0.5,0.02,0.0369724953670063,0.0369724953670063,0.5,4,true,false,candidate,004567
15,0.1,4,1.0,0.005,0.09815798589717947,0.09815798589717947,1.0,4,true,false,candidate,004568
15,0.1,4,1.0,0.01,0.09815798588998922,0.09815798588998922,1.0,4,true,false,candidate,004569
15,0.1,4,1.0,0.02,0.09815798571804721,0.09815798571804721,1.0,4,true,false,candidate,004570
15,0.1,4,3.0,0.005,0.1253438526456154,0.0134813751932451,1.475,4,true,false,candidate,004571
15,0.1,4,3.0,0.01,0.12534247316865585,0.013481375149633875,1.48,4,true,false,candidate,004572
15,0.1,4,3.0,0.02,0.1253424732887873,0.013481374605149195,1.48,4,true,false,candidate,004573
15,0.1,6,0.3,0.005,0.0033885675073779256,0.0033885675073779256,0.3,6,true,true,candidate,004574
15,0.1,6,0.3,0.01,0.003388567429194244,0.003388567429194244,0.3,6,true,true,candidate,004575
15,0.1,6,0.3,0.02,0.0033885658519445796,0.0033885658519445796,0.3,6,true,true,candidate,004576
15,0.1,6,0.5,0.005,0.0037080434477216864,0.0028919494296260058,0.38,6,true,true,candidate,004577
15,0.1,6,0.5,0.01,0.0037080433545542127,0.0028919493217498533,0.38,6,true,true,candidate,004578
15,0.1,6,0.5,0.02,0.0037080414480123993,0.002891947044863396,0.38,6,true,true,candidate,004579
15,0.1,6,1.0,0.005,0.01683128301634706,0.01683128301634706,1.0,6,true,true,candidate,004580
15,0.1,6,1.0,0.01,0.016831283154717377,0.016831283154717377,1.0,6,true,true,candidate,004581
15,0.1,6,1.0,0.02,0.016831286464696445,0.016831286464696445,1.0,6,true,true,candidate,004582
15,0.1,6,3.0,0.005,0.06653750875974572,0.052723462124022,2.67,6,true,false,candidate,004583
15,0.1,6,3.0,0.01,0.0665375093606123,0.052723463084012975,2.67,6,true,false,candidate,004584
15,0.1,6,3.0,0.02,0.06652512635515183,0.05272348192789099,2.68,6,true,false,candidate,004585
15,0.1,8,0.3,0.005,0.0035876613250762635,0.0035876613250762635,0.3,8,true,true,candidate,004586
15,0.1,8,0.3,0.01,0.003587661331947878,0.003587661331947878,0.3,8,true,true,candidate,004587
15,0.1,8,0.3,0.02,0.00358766109133124,0.00358766109133124,0.3,8,true,true,candidate,004588
15,0.1,8,0.5,0.005,0.007865943907656714,0.007865943907656714,0.5,8,true,true,candidate,004589
15,0.1,8,0.5,0.01,0.007865943897868544,0.007865943897868544,0.5,8,true,true,candidate,004590
15,0.1,8,0.5,0.02,0.007865943156294186,0.007865943156294186,0.5,8,true,true,candidate,004591
15,0.1,8,1.0,0.005,0.016327892577565617,0.016327892577565617,1.0,8,true,true,candidate,004592
15,0.1,8,1.0,0.01,0.01632789252669964,0.01632789252669964,1.0,8,true,true,candidate,004593
15,0.1,8,1.0,0.02,0.016327890527080502,0.016327890527080502,1.0,8,true,true,candidate,004594
15,0.1,8,3.0,0.005,0.04721064544856857,0.037059183075680346,2.74,8,true,false,candidate,004595
15,0.1,8,3.0,0.01,0.04721064592904267,0.03705918411087805,2.74,8,true,false,candidate,004596
15,0.1,8,3.0,0.02,0.0472106566449797,0.03705920406656604,2.74,8,true,false,candidate,004597
15,0.1,12,0.3,0.005,0.008180161760901751,0.008180161760901751,0.3,4,true,true,candidate,004598
15,0.1,12,0.3,0.01,0.008180161613409067,0.008180161613409067,0.3,4,true,true,candidate,004599
15,0.1,12,0.3,0.02,0.008180157831449432,0.008180157831449432,0.3,4,true,true,candidate,004600
15,0.1,12,0.5,0.005,0.019584610956067453,0.019584610956067453,0.5,5,true,true,candidate,004601
15,0.1,12,0.5,0.01,0.019584610712777843,0.019584610712777843,0.5,5,true,true,candidate,004602
15,0.1,12,0.5,0.02,0.01958460439890575,0.01958460439890575,0.5,5,true,true,candidate,004603
15,0.1,12,1.0,0.005,0.027782086497376905,0.018485129838965778,0.755,8,true,true,candidate,004604
15,0.1,12,1.0,0.01,0.027781245891701837,0.018485130128296338,0.75,8,true,true,candidate,004605
15,0.1,12,1.0,0.02,0.02777520263365119,0.01848512988979179,0.76,8,true,true,candidate,004606
15,0.1,12,3.0,0.005,0.049374277024329956,0.03279784429593991,2.265,12,true,false,candidate,004607
15,0.1,12,3.0,0.01,0.049373344865821574,0.03279784533617892,2.2600000000000002,12,true,false,candidate,004608
15,0.1,12,3.0,0.02,0.04937336234498358,0.03279787574198446,2.2600000000000002,12,true,false,candidate,004609
15,0.1,16,0.3,0.005,0.003222276514782462,0.003222276514782462,0.3,5,true,true,candidate,004610
15,0.1,16,0.3,0.01,0.003222276204605911,0.003222276204605911,0.3,5,true,true,candidate,004611
15,0.1,16,0.3,0.02,0.003222267686871171,0.003222267686871171,0.3,5,true,true,candidate,004612
15,0.1,16,0.5,0.005,0.009806375640414531,0.009806375640414531,0.5,6,true,true,candidate,004613
15,0.1,16,0.5,0.01,0.009806374935671823,0.009806374935671823,0.5,6,true,true,candidate,004614
15,0.1,16,0.5,0.02,0.009806357681951592,0.009806357681951592,0.5,6,true,true,candidate,004615
15,0.1,16,1.0,0.005,0.045356842473816876,0.045356842473816876,1.0,8,true,false,candidate,004616
15,0.1,16,1.0,0.01,0.04535684114786442,0.04535684114786442,1.0,8,true,false,candidate,004617
15,0.1,16,1.0,0.02,0.04535680751362769,0.04535680751362769,1.0,8,true,false,candidate,004618
15,0.1,16,3.0,0.005,0.09309963592035196,0.09282218908893712,2.935,13,true,false,candidate,004619
15,0.1,16,3.0,0.01,0.09309799006112994,0.09282218780399985,2.93,13,true,false,candidate,004620
15,0.1,16,3.0,0.02,0.09309755213148406,0.09282213151348893,2.94,13,true,false,candidate,004621
15,0.15,4,0.3,0.005,0.016197776284089468,0.016197776284089468,0.3,4,true,true,candidate,004622
15,0.15,4,0.3,0.01,0.01619777628256158,0.01619777628256158,0.3,4,true,true,candidate,004623
15,0.15,4,0.3,0.02,0.01619777624207752,0.01619777624207752,0.3,4,true,true,candidate,004624
15,0.15,4,0.5,0.005,0.036972495474193894,0.036972495474193894,0.5,4,true,false,candidate,004625
15,0.15,4,0.5,0.01,0.036972495469486326,0.036972495469486326,0.5,4,true,false,candidate,004626
15,0.15,4,0.5,0.02,0.0369724953670063,0.0369724953670063,0.5,4,true,false,candidate,004627
15,0.15,4,1.0,0.005,0.09815798589717947,0.09815798589717947,1.0,4,true,false,candidate,004628
15,0.15,4,1.0,0.01,0.09815798588998922,0.09815798588998922,1.0,4,true,false,candidate,004629
15,0.15,4,1.0,0.02,0.09815798571804721,0.09815798571804721,1.0,4,true,false,candidate,004630
15,0.15,4,3.0,0.005,0.1253438526456154,0.0134813751932451,1.475,4,true,false,candidate,004631
15,0.15,4,3.0,0.01,0.12534247316865585,0.013481375149633875,1.48,4,true,false,candidate,004632
15,0.15,4,3.0,0.02,0.1253424732887873,0.013481374605149195,1.48,4,true,false,candidate,004633
15,0.15,6,0.3,0.005,0.0033885675073779256,0.0033885675073779256,0.3,6,true,true,candidate,004634
15,0.15,6,0.3,0.01,0.003388567429194244,0.003388567429194244,0.3,6,true,true,candidate,004635
15,0.15,6,0.3,0.02,0.0033885658519445796,0.0033885658519445796,0.3,6,true,true,candidate,004636
15,0.15,6,0.5,0.005,0.0037080434477216864,0.0028919494296260058,0.38,6,true,true,candidate,004637
15,0.15,6,0.5,0.01,0.0037080433545542127,0.0028919493217498533,0.38,6,true,true,candidate,004638
15,0.15,6,0.5,0.02,0.0037080414480123993,0.002891947044863396,0.38,6,true,true,candidate,004639
15,0.15,6,1.0,0.005,0.01683128301634706,0.01683128301634706,1.0,6,true,true,candidate,004640
15,0.15,6,1.0,0.01,0.016831283154717377,0.016831283154717377,1.0,6,true,true,candidate,004641
15,0.15,6,1.0,0.02,0.016831286464696445,0.016831286464696445,1.0,6,true,true,candidate,004642
15,0.15,6,3.0,0.005,0.06653750875974572,0.052723462124022,2.67,6,true,false,candidate,004643
15,0.15,6,3.0,0.01,0.0665375093606123,0.052723463084012975,2.67,6,true,false,candidate,004644
15,0.15,6,3.0,0.02,0.06652512635515183,0.05272348192789099,2.68,6,true,false,candidate,004645
15,0.15,8,0.3,0.005,0.0035876613250762635,0.0035876613250762635,0.3,3,false,true,candidate,004646
15,0.15,8,0.3,0.01,0.003587661331947878,0.003587661331947878,0.3,3,false,true,candidate,004647
15,0.15,8,0.3,0.02,0.00358766109133124,0.00358766109133124,0.3,3,false,true,candidate,004648
15,0.15,8,0.5,0.005,0.007865943907656714,0.007865943907656714,0.5,3,false,true,candidate,004649
15,0.15,8,0.5,0.01,0.007865943897868544,0.007865943897868544,0.5,3,false,true,candidate,004650
15,0.15,8,0.5,0.02,0.007865943156294186,0.007865943156294186,0.5,3,false,true,candidate,004651
15,0.15,8,1.0,0.005,0.016327892577565617,0.016327892577565617,1.0,5,true,true,candidate,004652
15,0.15,8,1.0,0.01,0.01632789252669964,0.01632789252669964,1.0,5,true,true,candidate,004653
15,0.15,8,1.0,0.02,0.016327890527080502,0.016327890527080502,1.0,5,true,true,candidate,004654
15,0.15,8,3.0,0.005,0.04721064544856857,0.037059183075680346,2.74,7,true,false,candidate,004655
15,0.15,8,3.0,0.01,0.04721064592904267,0.03705918411087805,2.74,7,true,false,candidate,004656
15,0.15,8,3.0,0.02,0.0472106566449797,0.03705920406656604,2.74,7,true,false,candidate,004657
15,0.15,12,0.3,0.005,0.008180161760901751,0.008180161760901751,0.3,2,false,true,candidate,004658
15,0.15,12,0.3,0.01,0.008180161613409067,0.008180161613409067,0.3,2,false,true,candidate,004659
15,0.15,12,0.3,0.02,0.008180157831449432,0.008180157831449432,0.3,2,false,true,candidate,004660
15,0.15,12,0.5,0.005,0.019584610956067453,0.019584610956067453,0.5,2,false,true,candidate,004661
15,0.15,12,0.5,0.01,0.019584610712777843,0.019584610712777843,0.5,2,false,true,candidate,004662
15,0.15,12,0.5,0.02,0.01958460439890575,0.01958460439890575,0.5,2,false,true,candidate,004663
15,0.15,12,1.0,0.005,0.027782086497376905,0.018485129838965778,0.755,3,false,true,candidate,004664
15,0.15,12,1.0,0.01,0.027781245891701837,0.018485130128296338,0.75,3,false,true,candidate,004665
15,0.15,12,1.0,0.02,0.02777520263365119,0.01848512988979179,0.76,3,false,true,candidate,004666
15,0.15,12,3.0,0.005,0.049374277024329956,0.03279784429593991,2.265,7,true,false,candidate,004667
15,0.15,12,3.0,0.01,0.049373344865821574,0.03279784533617892,2.2600000000000002,7,true,false,candidate,004668
15,0.15,12,3.0,0.02,0.04937336234498358,0.03279787574198446,2.2600000000000002,7,true,false,candidate,004669
15,0.15,16,0.3,0.005,0.003222276514782462,0.003222276514782462,0.3,2,false,true,candidate,004670
15,0.15,16,0.3,0.01,0.003222276204605911,0.003222276204605911,0.3,2,false,true,candidate,004671
15,0.15,16,0.3,0.02,0.003222267686871171,0.003222267686871171,0.3,2,false,true,candidate,004672
15,0.15,16,0.5,0.005,0.009806375640414531,0.009806375640414531,0.5,2,false,true,candidate,004673
15,0.15,16,0.5,0.01,0.009806374935671823,0.009806374935671823,0.5,2,false,true,candidate,004674
15,0.15,16,0.5,0.02,0.009806357681951592,0.009806357681951592,0.5,2,false,true,candidate,004675
15,0.15,16,1.0,0.005,0.045356842473816876,0.045356842473816876,1.0,4,true,false,candidate,004676
15,0.15,16,1.0,0.01,0.04535684114786442,0.04535684114786442,1.0,4,true,false,candidate,004677
15,0.15,16,1.0,0.02,0.04535680751362769,0.04535680751362769,1.0,4,true,false,candidate,004678
15,0.15,16,3.0,0.005,0.09309963592035196,0.09282218908893712,2.935,10,true,false,candidate,004679
15,0.15,16,3.0,0.01,0.09309799006112994,0.09282218780399985,2.93,10,true,false,candidate,004680
15,0.15,16,3.0,0.02,0.09309755213148406,0.09282213151348893,2.94,10,true,false,candidate,004681
15,0.2,4,0.3,0.005,0.016197776284089468,0.016197776284089468,0.3,4,true,true,candidate,004682
15,0.2,4,0.3,0.01,0.01619777628256158,0.01619777628256158,0.3,4,true,true,candidate,004683
15,0.2,4,0.3,0.02,0.01619777624207752,0.01619777624207752,0.3,4,true,true,candidate,004684
15,0.2,4,0.5,0.005,0.036972495474193894,0.036972495474193894,0.5,4,true,false,candidate,004685
15,0.2,4,0.5,0.01,0.036972495469486326,0.036972495469486326,0.5,4,true,false,candidate,004686
15,0.2,4,0.5,0.02,0.0369724953670063,0.0369724953670063,0.5,4,true,false,candidate,004687
15,0.2,4,1.0,0.005,0.09815798589717947,0.09815798589717947,1.0,4,true,false,candidate,004688
15,0.2,4,1.0,0.01,0.09815798588998922,0.09815798588998922,1.0,4,true,false,candidate,004689
15,0.2,4,1.0,0.02,0.09815798571804721,0.09815798571804721,1.0,4,true,false,candidate,004690
15,0.2,4,3.0,0.005,0.1253438526456154,0.0134813751932451,1.475,4,true,false,candidate,004691
15,0.2,4,3.0,0.01,0.12534247316865585,0.013481375149633875,1.48,4,true,false,candidate,004692
15,0.2,4,3.0,0.02,0.1253424732887873,0.013481374605149195,1.48,4,true,false,candidate,004693
15,0.2,6,0.3,0.005,0.0033885675073779256,0.0033885675073779256,0.3,3,false,true,candidate,004694
15,0.2,6,0.3,0.01,0.003388567429194244,0.003388567429194244,0.3,3,false,true,candidate,004695
15,0.2,6,0.3,0.02,0.0033885658519445796,0.0033885658519445796,0.3,3,false,true,candidate,004696
15,0.2,6,0.5,0.005,0.0037080434477216864,0.0028919494296260058,0.38,3,false,true,candidate,004697
15,0.2,6,0.5,0.01,0.0037080433545542127,0.0028919493217498533,0.38,3,false,true,candidate,004698
15,0.2,6,0.5,0.02,0.0037080414480123993,0.002891947044863396,0.38,3,false,true,candidate,004699
15,0.2,6,1.0,0.005,0.01683128301634706,0.01683128301634706,1.0,5,true,true,candidate,004700
15,0.2,6,1.0,0.01,0.016831283154717377,0.016831283154717377,1.0,5,true,true,candidate,004701
15,0.2,6,1.0,0.02,0.016831286464696445,0.016831286464696445,1.0,5,true,true,candidate,004702
15,0.2,6,3.0,0.005,0.06653750875974572,0.052723462124022,2.67,5,true,false,candidate,004703
15,0.2,6,3.0,0.01,0.0665375093606123,0.052723463084012975,2.67,5,true,false,candidate,004704
15,0.2,6,3.0,0.02,0.06652512635515183,0.05272348192789099,2.68,5,true,false,candidate,004705
15,0.2,8,0.3,0.005,0.0035876613250762635,0.0035876613250762635,0.3,3,false,true,candidate,004706
15,0.2,8,0.3,0.01,0.003587661331947878,0.003587661331947878,0.3,3,false,true,candidate,004707
15,0.2,8,0.3,0.02,0.00358766109133124,0.00358766109133124,0.3,3,false,true,candidate,004708
15,0.2,8,0.5,0.005,0.007865943907656714,0.007865943907656714,0.5,3,false,true,candidate,004709
15,0.2,8,0.5,0.01,0.007865943897868544,0.007865943897868544,0.5,3,false,true,candidate,004710
15,0.2,8,0.5,0.02,0.007865943156294186,0.007865943156294186,0.5,3,false,true,candidate,004711
15,0.2,8,1.0,0.005,0.016327892577565617,0.016327892577565617,1.0,5,true,true,candidate,004712
15,0.2,8,1.0,0.01,0.01632789252669964,0.01632789252669964,1.0,5,true,true,candidate,004713
15,0.2,8,1.0,0.02,0.016327890527080502,0.016327890527080502,1.0,5,true,true,candidate,004714
15,0.2,8,3.0,0.005,0.04721064544856857,0.037059183075680346,2.74,7,true,false,candidate,004715
15,0.2,8,3.0,0.01,0.04721064592904267,0.03705918411087805,2.74,7,true,false,candidate,004716
15,0.2,8,3.0,0.02,0.0472106566449797,0.03705920406656604,2.74,7,true,false,candidate,004717
15,0.2,12,0.3,0.005,0.008180161760901751,0.008180161760901751,0.3,1,false,true,candidate,004718
15,0.2,12,0.3,0.01,0.008180161613409067,0.008180161613409067,0.3,1,false,true,candidate,004719
15,0.2,12,0.3,0.02,0.008180157831449432,0.008180157831449432,0.3,1,false,true,candidate,004720
15,0.2,12,0.5,0.005,0.019584610956067453,0.019584610956067453,0.5,1,false,true,candidate,004721
15,0.2,12,0.5,0.01,0.019584610712777843,0.019584610712777843,0.5,1,false,true,candidate,004722
15,0.2,12,0.5,0.02,0.01958460439890575,0.01958460439890575,0.5,1,false,true,candidate,004723
15,0.2,12,1.0,0.005,0.027782086497376905,0.018485129838965778,0.755,2,false,true,candidate,004724
15,0.2,12,1.0,0.01,0.027781245891701837,0.018485130128296338,0.75,2,false,true,candidate,004725
15,0.2,12,1.0,0.02,0.02777520263365119,0.01848512988979179,0.76,2,false,true,candidate,004726
15,0.2,12,3.0,0.005,0.049374277024329956,0.03279784429593991,2.265,5,true,false,candidate,004727
15,0.2,12,3.0,0.01,0.049373344865821574,0.03279784533617892,2.2600000000000002,5,true,false,candidate,004728
15,0.2,12,3.0,0.02,0.04937336234498358,0.03279787574198446,2.2600000000000002,5,true,false,candidate,004729
15,0.2,16,0.3,0.005,0.003222276514782462,0.003222276514782462,0.3,1,false,true,candidate,004730
15,0.2,16,0.3,0.01,0.003222276204605911,0.003222276204605911,0.3,1,false,true,candidate,004731
15,0.2,16,0.3,0.02,0.003222267686871171,0.003222267686871171,0.3,1,false,true,candidate,004732
15,0.2,16,0.5,0.005,0.009806375640414531,0.009806375640414531,0.5,1,false,true,candidate,004733
15,0.2,16,0.5,0.01,0.009806374935671823,0.009806374935671823,0.5,1,false,true,candidate,004734
15,0.2,16,0.5,0.02,0.009806357681951592,0.009806357681951592,0.5,1,false,true,candidate,004735
15,0.2,16,1.0,0.005,0.045356842473816876,0.045356842473816876,1.0,2,false,false,candidate,004736
15,0.2,16,1.0,0.01,0.04535684114786442,0.04535684114786442,1.0,2,false,false,candidate,004737
15,0.2,16,1.0,0.02,0.04535680751362769,0.04535680751362769,1.0,2,false,false,candidate,004738
15,0.2,16,3.0,0.005,0.09309963592035196,0.09282218908893712,2.935,6,true,false,candidate,004739
15,0.2,16,3.0,0.01,0.09309799006112994,0.09282218780399985,2.93,6,true,false,candidate,004740
15,0.2,16,3.0,0.02,0.09309755213148406,0.09282213151348893,2.94,6,true,false,candidate,004741
15,0.25,4,0.3,0.005,0.016197776284089468,0.016197776284089468,0.3,2,false,true,candidate,004742
15,0.25,4,0.3,0.01,0.01619777628256158,0.01619777628256158,0.3,2,false,true,candidate,004743
15,0.25,4,0.3,0.02,0.01619777624207752,0.01619777624207752,0.3,2,false,true,candidate,004744
15,0.25,4,0.5,0.005,0.036972495474193894,0.036972495474193894,0.5,2,false,false,candidate,004745
15,0.25,4,0.5,0.01,0.036972495469486326,0.036972495469486326,0.5,2,false,false,candidate,004746
15,0.25,4,0.5,0.02,0.0369724953670063,0.0369724953670063,0.5,2,false,false,candidate,004747
15,0.25,4,1.0,0.005,0.09815798589717947,0.09815798589717947,1.0,2,false,false,candidate,004748
15,0.25,4,1.0,0.01,0.09815798588998922,0.09815798588998922,1.0,2,false,false,candidate,004749
15,0.25,4,1.0,0.02,0.09815798571804721,0.09815798571804721,1.0,2,false,false,candidate,004750
15,0.25,4,3.0,0.005,0.1253438526456154,0.0134813751932451,1.475,4,true,false,candidate,004751
15,0.25,4,3.0,0.01,0.12534247316865585,0.013481375149633875,1.48,4,true,false,candidate,004752
15,0.25,4,3.0,0.02,0.1253424732887873,0.013481374605149195,1.48,4,true,false,candidate,004753
15,0.25,6,0.3,0.005,0.0033885675073779256,0.0033885675073779256,0.3,2,false,true,candidate,004754
15,0.25,6,0.3,0.01,0.003388567429194244,0.003388567429194244,0.3,2,false,true,candidate,004755
15,0.25,6,0.3,0.02,0.0033885658519445796,0.0033885658519445796,0.3,2,false,true,candidate,004756
15,0.25,6,0.5,0.005,0.0037080434477216864,0.0028919494296260058,0.38,2,false,true,candidate,004757
15,0.25,6,0.5,0.01,0.0037080433545542127,0.0028919493217498533,0.38,2,false,true,candidate,004758
15,0.25,6,0.5,0.02,0.0037080414480123993,0.002891947044863396,0.38,2,false,true,candidate,004759
15,0.25,6,1.0,0.005,0.01683128301634706,0.01683128301634706,1.0,4,true,true,candidate,004760
15,0.25,6,1.0,0.01,0.016831283154717377,0.016831283154717377,1.0,4,true,true,candidate,004761
15,0.25,6,1.0,0.02,0.016831286464696445,0.016831286464696445,1.0,4,true,true,candidate,004762
15,0.25,6,3.0,0.005,0.06653750875974572,0.052723462124022,2.67,4,true,false,candidate,004763
15,0.25,6,3.0,0.01,0.0665375093606123,0.052723463084012975,2.67,4,true,false,candidate,004764
15,0.25,6,3.0,0.02,0.06652512635515183,0.05272348192789099,2.68,4,true,false,candidate,004765
15,0.25,8,0.3,0.005,0.0035876613250762635,0.0035876613250762635,0.3,0,false,true,candidate,004766
15,0.25,8,0.3,0.01,0.003587661331947878,0.003587661331947878,0.3,0,false,true,candidate,004767
15,0.25,8,0.3,0.02,0.00358766109133124,0.00358766109133124,0.3,0,false,true,candidate,004768
15,0.25,8,0.5,0.005,0.007865943907656714,0.007865943907656714,0.5,1,false,true,candidate,004769
15,0.25,8,0.5,0.01,0.007865943897868544,0.007865943897868544,0.5,1,false,true,candidate,004770
15,0.25,8,0.5,0.02,0.007865943156294186,0.007865943156294186,0.5,1,false,true,candidate,004771
15,0.25,8,1.0,0.005,0.016327892577565617,0.016327892577565617,1.0,2,false,true,candidate,004772
15,0.25,8,1.0,0.01,0.01632789252669964,0.01632789252669964,1.0,2,false,true,candidate,004773
15,0.25,8,1.0,0.02,0.016327890527080502,0.016327890527080502,1.0,2,false,true,candidate,004774
15,0.25,8,3.0,0.005,0.04721064544856857,0.037059183075680346,2.74,3,false,false,candidate,004775
15,0.25,8,3.0,0.01,0.04721064592904267,0.03705918411087805,2.74,3,false,false,candidate,004776
15,0.25,8,3.0,0.02,0.0472106566449797,0.03705920406656604,2.74,3,false,false,candidate,004777
15,0.25,12,0.3,0.005,0.008180161760901751,0.008180161760901751,0.3,1,false,true,candidate,004778
15,0.25,12,0.3,0.01,0.008180161613409067,0.008180161613409067,0.3,1,false,true,candidate,004779
15,0.25,12,0.3,0.02,0.008180157831449432,0.008180157831449432,0.3,1,false,true,candidate,004780
15,0.25,12,0.5,0.005,0.019584610956067453,0.019584610956067453,0.5,1,false,true,candidate,004781
15,0.25,12,0.5,0.01,0.019584610712777843,0.019584610712777843,0.5,1,false,true,candidate,004782
15,0.25,12,0.5,0.02,0.01958460439890575,0.01958460439890575,0.5,1,false,true,candidate,004783
15,0.25,12,1.0,0.005,0.027782086497376905,0.018485129838965778,0.755,2,false,true,candidate,004784
15,0.25,12,1.0,0.01,0.027781245891701837,0.018485130128296338,0.75,2,false,true,candidate,004785
15,0.25,12,1.0,0.02,0.02777520263365119,0.01848512988979179,0.76,2,false,true,candidate,004786
15,0.25,12,3.0,0.005,0.049374277024329956,0.03279784429593991,2.265,3,false,false,candidate,004787
15,0.25,12,3.0,0.01,0.049373344865821574,0.03279784533617892,2.2600000000000002,3,false,false,candidate,004788
15,0.25,12,3.0,0.02,0.04937336234498358,0.03279787574198446,2.2600000000000002,3,false,false,candidate,004789
15,0.25,16,0.3,0.005,0.003222276514782462,0.003222276514782462,0.3,0,false,true,candidate,004790
15,0.25,16,0.3,0.01,0.003222276204605911,0.003222276204605911,0.3,0,false,true,candidate,004791
15,0.25,16,0.3,0.02,0.003222267686871171,0.003222267686871171,0.3,0,false,true,candidate,004792
15,0.25,16,0.5,0.005,0.009806375640414531,0.009806375640414531,0.5,1,false,true,candidate,004793
15,0.25,16,0.5,0.01,0.009806374935671823,0.009806374935671823,0.5,1,false,true,candidate,004794
15,0.25,16,0.5,0.02,0.009806357681951592,0.009806357681951592,0.5,1,false,true,candidate,004795
15,0.25,16,1.0,0.005,0.045356842473816876,0.045356842473816876,1.0,2,false,false,candidate,004796
15,0.25,16,1.0,0.01,0.04535684114786442,0.04535684114786442,1.0,2,false,false,candidate,004797
15,0.25,16,1.0,0.02,0.04535680751362769,0.04535680751362769,1.0,2,false,false,candidate,004798
15,0.25,16,3.0,0.005,0.09309963592035196,0.09282218908893712,2.935,4,true,false,candidate,004799
15,0.25,16,3.0,0.01,0.09309799006112994,0.09282218780399985,2.93,4,true,false,candidate,004800
15,0.25,16,3.0,0.02,0.09309755213148406,0.09282213151348893,2.94,4,true,false,candidate,004801
16,0.05,4,0.3,0.005,0.0016534634431963902,0.0016534634431963902,0.3,4,true,true,candidate,004802
16,0.05,4,0.3,0.01,0.0016534634437852525,0.0016534634437852525,0.3,4,true,true,candidate,004803
16,0.05,4,0.3,0.02,0.001653463458094917,0.001653463458094917,0.3,4,true,true,candidate,004804
16,0.05,4,0.5,0.005,0.003395635504092276,0.003395635504092276,0.5,4,true,true,candidate,004805
16,0.05,4,0.5,0.01,0.00339563550478561,0.00339563550478561,0.5,4,true,true,candidate,004806
16,0.05,4,0.5,0.02,0.0033956355240825076,0.0033956355240825076,0.5,4,true,true,candidate,004807
16,0.05,4,1.0,0.005,0.011379757246669397,0.011379757246669397,1.0,4,true,true,candidate,004808
16,0.05,4,1.0,0.01,0.011379757246854139,0.011379757246854139,1.0,4,true,true,candidate,004809
16,0.05,4,1.0,0.02,0.01137975726595708,0.01137975726595708,1.0,4,true,true,candidate,004810
16,0.05,4,3.0,0.005,0.02553519205388055,0.02553519205388055,3.0,4,true,true,candidate,004811
16,0.05,4,3.0,0.01,0.02553519205947752,0.02553519205947752,3.0,4,true,true,candidate,004812
16,0.05,4,3.0,0.02,0.02553519220343281,0.02553519220343281,3.0,4,true,true,candidate,004813
16,0.05,6,0.3,0.005,0.002202498758832051,0.002202498758832051,0.3,6,true,true,candidate,004814
16,0.05,6,0.3,0.01,0.002202498753446248,0.002202498753446248,0.3,6,true,true,candidate,004815
16,0.05,6,0.3,0.02,0.002202498681340926,0.002202498681340926,0.3,6,true,true,candidate,004816
16,0.05,6,0.5,0.005,0.003815930518837997,0.003815930518837997,0.5,6,true,true,candidate,004817
16,0.05,6,0.5,0.01,0.0038159305111263877,0.0038159305111263877,0.5,6,true,true,candidate,004818
16,0.05,6,0.5,0.02,0.003815930410875469,0.003815930410875469,0.5,6,true,true,candidate,004819
16,0.05,6,1.0,0.005,0.004750271673802044,0.0037013796788561994,0.75,6,true,true,candidate,004820
16,0.05,6,1.0,0.01,0.004750271665538543,0.0037013796725404737,0.75,6,true,true,candidate,004821
16,0.05,6,1.0,0.02,0.004749202261051024,0.0037013796172888926,0.76,6,true,true,candidate,004822
16,0.05,6,3.0,0.005,0.011481899609217975,0.011481899609217975,3.0,6,true,true,candidate,004823
16,0.05,6,3.0,0.01,0.011481899586511916,0.011481899586511916,3.0,6,true,true,candidate,004824
16,0.05,6,3.0,0.02,0.011481899094926477,0.011481899094926477,3.0,6,true,true,candidate,004825
16,0.05,8,0.3,0.005,0.002706124189136516,0.002706124189136516,0.3,8,true,true,candidate,004826
16,0.05,8,0.3,0.01,0.002706124195438586,0.002706124195438586,0.3,8,true,true,candidate,004827
16,0.05,8,0.3,0.02,0.0027061244726318545,0.0027061244726318545,0.3,8,true,true,candidate,004828
16,0.05,8,0.5,0.005,0.00536858286327524,0.00536858286327524,0.5,8,true,true,candidate,004829
16,0.05,8,0.5,0.01,0.005368582875979744,0.005368582875979744,0.5,8,true,true,candidate,004830
16,0.05,8,0.5,0.02,0.005368583371897051,0.005368583371897051,0.5,8,true,true,candidate,004831
16,0.05,8,1.0,0.005,0.006238187310142029,0.0011907420789156742,0.645,8,true,true,candidate,004832
16,0.05,8,1.0,0.01,0.006237929346040394,0.001190741998862599,0.65,8,true,true,candidate,004833
16,0.05,8,1.0,0.02,0.0062360702531256695,0.0011907401360276015,0.64,8,true,true,candidate,004834
16,0.05,8,3.0,0.005,0.047692835833230474,0.03836400541542684,1.945,8,true,false,candidate,004835
16,0.05,8,3.0,0.01,0.047692672231526956,0.038364005401195556,1.94,8,true,false,candidate,004836
16,0.05,8,3.0,0.02,0.04769266936828709,0.03836400338281498,1.94,8,true,false,candidate,004837
16,0.05,12,0.3,0.005,0.00033784569998207564,0.0003360978968913742,0.29,12,true,true,candidate,004838
16,0.05,12,0.3,0.01,0.0003378456083962256,0.00033609780231147473,0.29,12,true,true,candidate,004839
16,0.05,12,0.3,0.02,0.0003360955352262885,0.0003360955352262885,0.3,12,true,true,candidate,004840
16,0.05,12,0.5,0.005,0.0009867623125565663,0.0009867623125565663,0.5,12,true,true,candidate,004841
16,0.05,12,0.5,0.01,0.0009867624536707977,0.0009867624536707977,0.5,12,true,true,candidate,004842
16,0.05,12,0.5,0.02,0.0009867659776942041,0.0009867659776942041,0.5,12,true,true,candidate,004843
16,0.05,12,1.0,0.005,0.015214686633952871,0.015214686633952871,1.0,12,true,true,candidate,004844
16,0.05,12,1.0,0.01,0.01521468690192496,0.01521468690192496,1.0,12,true,true,candidate,004845
16,0.05,12,1.0,0.02,0.01521469370955542,0.01521469370955542,1.0,12,true,true,candidate,004846
16,0.05,12,3.0,0.005,0.03015683689013505,0.016772490075125938,2.32,12,true,false,candidate,004847
16,0.05,12,3.0,0.01,0.03015683766985145,0.016772491195218734,2.32,12,true,false,candidate,004848
16,0.05,12,3.0,0.02,0.030156856205518563,0.016772517221358755,2.32,12,true,false,candidate,004849
16,0.05,16,0.3,0.005,0.010749010872069586,0.010749010872069586,0.3,15,true,true,candidate,004850
16,0.05,16,0.3,0.01,0.010749010631841749,0.010749010631841749,0.3,15,true,true,candidate,004851
16,0.05,16,0.3,0.02,0.010749004315227406,0.010749004315227406,0.3,15,true,true,candidate,004852
16,0.05,16,0.5,0.005,0.02410526783968958,0.02410526783968958,0.5,16,true,true,candidate,004853
16,0.05,16,0.5,0.01,0.024105267372428685,0.024105267372428685,0.5,16,true,true,candidate,004854
16,0.05,16,0.5,0.02,0.02410525573025435,0.02410525573025435,0.5,16,true,true,candidate,004855
16,0.05,16,1.0,0.005,0.035265506611367625,0.030272563374795558,0.8,16,true,false,candidate,004856
16,0.05,16,1.0,0.01,0.035265506027700955,0.030272562864315455,0.8,16,true,false,candidate,004857
16,0.05,16,1.0,0.02,0.035265489896001645,0.030272546212793516,0.8,16,true,false,candidate,004858
16,0.05,16,3.0,0.005,0.035265506611367625,0.011904964419223951,0.8,16,true,false,candidate,004859
16,0.05,16,3.0,0.01,0.035265506027700955,0.011904962421820153,0.8,16,true,false,candidate,004860
16,0.05,16,3.0,0.02,0.035265489896001645,0.011904905486983974,0.8,16,true,false,candidate,004861
16,0.1,4,0.3,0.005,0.0016534634431963902,0.0016534634431963902,0.3,4,true,true,candidate,004862
16,0.1,4,0.3,0.01,0.0016534634437852525,0.0016534634437852525,0.3,4,true,true,candidate,004863
16,0.1,4,0.3,0.02,0.001653463458094917,0.001653463458094917,0.3,4,true,true,candidate,004864
16,0.1,4,0.5,0.005,0.003395635504092276,0.003395635504092276,0.5,4,true,true,candidate,004865
16,0.1,4,0.5,0.01,0.00339563550478561,0.00339563550478561,0.5,4,true,true,candidate,004866
16,0.1,4,0.5,0.02,0.0033956355240825076,0.0033956355240825076,0.5,4,true,true,candidate,004867
16,0.1,4,1.0,0.005,0.011379757246669397,0.011379757246669397,1.0,4,true,true,candidate,004868
16,0.1,4,1.0,0.01,0.011379757246854139,0.011379757246854139,1.0,4,true,true,candidate,004869
16,0.1,4,1.0,0.02,0.01137975726595708,0.01137975726595708,1.0,4,true,true,candidate,004870
16,0.1,4,3.0,0.005,0.02553519205388055,0.02553519205388055,3.0,4,true,true,candidate,004871
16,0.1,4,3.0,0.01,0.02553519205947752,0.02553519205947752,3.0,4,true,true,candidate,004872
16,0.1,4,3.0,0.02,0.02553519220343281,0.02553519220343281,3.0,4,true,true,candidate,004873
16,0.1,6,0.3,0.005,0.002202498758832051,0.002202498758832051,0.3,6,true,true,candidate,004874
16,0.1,6,0.3,0.01,0.002202498753446248,0.002202498753446248,0.3,6,true,true,candidate,004875
16,0.1,6,0.3,0.02,0.002202498681340926,0.002202498681340926,0.3,6,true,true,candidate,004876
16,0.1,6,0.5,0.005,0.003815930518837997,0.003815930518837997,0.5,6,true,true,candidate,004877
16,0.1,6,0.5,0.01,0.0038159305111263877,0.0038159305111263877,0.5,6,true,true,candidate,004878
16,0.1,6,0.5,0.02,0.003815930410875469,0.003815930410875469,0.5,6,true,true,candidate,004879
16,0.1,6,1.0,0.005,0.004750271673802044,0.0037013796788561994,0.75,6,true,true,candidate,004880
16,0.1,6,1.0,0.01,0.004750271665538543,0.0037013796725404737,0.75,6,true,true,candidate,004881
16,0.1,6,1.0,0.02,0.004749202261051024,0.0037013796172888926,0.76,6,true,true,candidate,004882
16,0.1,6,3.0,0.005,0.011481899609217975,0.011481899609217975,3.0,6,true,true,candidate,004883
16,0.1,6,3.0,0.01,0.011481899586511916,0.011481899586511916,3.0,6,true,true,candidate,004884
16,0.1,6,3.0,0.02,0.011481899094926477,0.011481899094926477,3.0,6,true,true,candidate,004885
16,0.1,8,0.3,0.005,0.002706124189136516,0.002706124189136516,0.3,8,true,true,candidate,004886
16,0.1,8,0.3,0.01,0.002706124195438586,0.002706124195438586,0.3,8,true,true,candidate,004887
16,0.1,8,0.3,0.02,0.0027061244726318545,0.0027061244726318545,0.3,8,true,true,candidate,004888
16,0.1,8,0.5,0.005,0.00536858286327524,0.00536858286327524,0.5,8,true,true,candidate,004889
16,0.1,8,0.5,0.01,0.005368582875979744,0.005368582875979744,0.5,8,true,true,candidate,004890
16,0.1,8,0.5,0.02,0.005368583371897051,0.005368583371897051,0.5,8,true,true,candidate,004891
16,0.1,8,1.0,0.005,0.006238187310142029,0.0011907420789156742,0.645,8,true,true,candidate,004892
16,0.1,8,1.0,0.01,0.006237929346040394,0.001190741998862599,0.65,8,true,true,candidate,004893
16,0.1,8,1.0,0.02,0.0062360702531256695,0.0011907401360276015,0.64,8,true,true,candidate,004894
16,0.1,8,3.0,0.005,0.047692835833230474,0.03836400541542684,1.945,8,true,false,candidate,004895
16,0.1,8,3.0,0.01,0.047692672231526956,0.038364005401195556,1.94,8,true,false,candidate,004896
16,0.1,8,3.0,0.02,0.04769266936828709,0.03836400338281498,1.94,8,true,false,candidate,004897
16,0.1,12,0.3,0.005,0.00033784569998207564,0.0003360978968913742,0.29,5,true,true,candidate,004898
16,0.1,12,0.3,0.01,0.0003378456083962256,0.00033609780231147473,0.29,5,true,true,candidate,004899
16,0.1,12,0.3,0.02,0.0003360955352262885,0.0003360955352262885,0.3,5,true,true,candidate,004900
16,0.1,12,0.5,0.005,0.0009867623125565663,0.0009867623125565663,0.5,5,true,true,candidate,004901
16,0.1,12,0.5,0.01,0.0009867624536707977,0.0009867624536707977,0.5,5,true,true,candidate,004902
16,0.1,12,0.5,0.02,0.0009867659776942041,0.0009867659776942041,0.5,5,true,true,candidate,004903
16,0.1,12,1.0,0.005,0.015214686633952871,0.015214686633952871,1.0,5,true,true,candidate,004904
16,0.1,12,1.0,0.01,0.01521468690192496,0.01521468690192496,1.0,5,true,true,candidate,004905
16,0.1,12,1.0,0.02,0.01521469370955542,0.01521469370955542,1.0,5,true,true,candidate,004906
16,0.1,12,3.0,0.005,0.03015683689013505,0.016772490075125938,2.32,10,true,false,candidate,004907
16,0.1,12,3.0,0.01,0.03015683766985145,0.016772491195218734,2.32,10,true,false,candidate,004908
16,0.1,12,3.0,0.02,0.030156856205518563,0.016772517221358755,2.32,10,true,false,candidate,004909
16,0.1,16,0.3,0.005,0.010749010872069586,0.010749010872069586,0.3,4,true,true,candidate,004910
16,0.1,16,0.3,0.01,0.010749010631841749,0.010749010631841749,0.3,4,true,true,candidate,004911
16,0.1,16,0.3,0.02,0.010749004315227406,0.010749004315227406,0.3,4,true,true,candidate,004912
16,0.1,16,0.5,0.005,0.02410526783968958,0.02410526783968958,0.5,4,true,true,candidate,004913
16,0.1,16,0.5,0.01,0.024105267372428685,0.024105267372428685,0.5,4,true,true,candidate,004914
16,0.1,16,0.5,0.02,0.02410525573025435,0.02410525573025435,0.5,4,true,true,candidate,004915
16,0.1,16,1.0,0.005,0.035265506611367625,0.030272563374795558,0.8,5,true,false,candidate,004916
16,0.1,16,1.0,0.01,0.035265506027700955,0.030272562864315455,0.8,5,true,false,candidate,004917
16,0.1,16,1.0,0.02,0.035265489896001645,0.030272546212793516,0.8,5,true,false,candidate,004918
16,0.1,16,3.0,0.005,0.035265506611367625,0.011904964419223951,0.8,14,true,false,candidate,004919
16,0.1,16,3.0,0.01,0.035265506027700955,0.011904962421820153,0.8,14,true,false,candidate,004920
16,0.1,16,3.0,0.02,0.035265489896001645,0.011904905486983974,0.8,14,true,false,candidate,004921
16,0.15,4,0.3,0.005,0.0016534634431963902,0.0016534634431963902,0.3,4,true,true,candidate,004922
16,0.15,4,0.3,0.01,0.0016534634437852525,0.0016534634437852525,0.3,4,true,true,candidate,004923
16,0.15,4,0.3,0.02,0.001653463458094917,0.001653463458094917,0.3,4,true,true,candidate,004924
16,0.15,4,0.5,0.005,0.003395635504092276,0.003395635504092276,0.5,4,true,true,candidate,004925
16,0.15,4,0.5,0.01,0.00339563550478561,0.00339563550478561,0.5,4,true,true,candidate,004926
16,0.15,4,0.5,0.02,0.0033956355240825076,0.0033956355240825076,0.5,4,true,true,candidate,004927
16,0.15,4,1.0,0.005,0.011379757246669397,0.011379757246669397,1.0,4,true,true,candidate,004928
16,0.15,4,1.0,0.01,0.011379757246854139,0.011379757246854139,1.0,4,true,true,candidate,004929
16,0.15,4,1.0,0.02,0.01137975726595708,0.01137975726595708,1.0,4,true,true,candidate,004930
16,0.15,4,3.0,0.005,0.02553519205388055,0.02553519205388055,3.0,4,true,true,candidate,004931
16,0.15,4,3.0,0.01,0.02553519205947752,0.02553519205947752,3.0,4,true,true,candidate,004932
16,0.15,4,3.0,0.02,0.02553519220343281,0.02553519220343281,3.0,4,true,true,candidate,004933
16,0.15,6,0.3,0.005,0.002202498758832051,0.002202498758832051,0.3,6,true,true,candidate,004934
16,0.15,6,0.3,0.01,0.002202498753446248,0.002202498753446248,0.3,6,true,true,candidate,004935
16,0.15,6,0.3,0.02,0.002202498681340926,0.002202498681340926,0.3,6,true,true,candidate,004936
16,0.15,6,0.5,0.005,0.003815930518837997,0.003815930518837997,0.5,6,true,true,candidate,004937
16,0.15,6,0.5,0.01,0.0038159305111263877,0.0038159305111263877,0.5,6,true,true,candidate,004938
16,0.15,6,0.5,0.02,0.003815930410875469,0.003815930410875469,0.5,6,true,true,candidate,004939
16,0.15,6,1.0,0.005,0.004750271673802044,0.0037013796788561994,0.75,6,true,true,candidate,004940
16,0.15,6,1.0,0.01,0.004750271665538543,0.0037013796725404737,0.75,6,true,true,candidate,004941
16,0.15,6,1.0,0.02,0.004749202261051024,0.0037013796172888926,0.76,6,true,true,candidate,004942
16,0.15,6,3.0,0.005,0.011481899609217975,0.011481899609217975,3.0,6,true,true,candidate,004943
16,0.15,6,3.0,0.01,0.011481899586511916,0.011481899586511916,3.0,6,true,true,candidate,004944
16,0.15,6,3.0,0.02,0.011481899094926477,0.011481899094926477,3.0,6,true,true,candidate,004945
16,0.15,8,0.3,0.005,0.002706124189136516,0.002706124189136516,0.3,5,true,true,candidate,004946
16,0.15,8,0.3,0.01,0.002706124195438586,0.002706124195438586,0.3,5,true,true,candidate,004947
16,0.15,8,0.3,0.02,0.0027061244726318545,0.0027061244726318545,0.3,5,true,true,candidate,004948
16,0.15,8,0.5,0.005,0.00536858286327524,0.00536858286327524,0.5,5,true,true,candidate,004949
16,0.15,8,0.5,0.01,0.005368582875979744,0.005368582875979744,0.5,5,true,true,candidate,004950
16,0.15,8,0.5,0.02,0.005368583371897051,0.005368583371897051,0.5,5,true,true,candidate,004951
16,0.15,8,1.0,0.005,0.006238187310142029,0.0011907420789156742,0.645,7,true,true,candidate,004952
16,0.15,8,1.0,0.01,0.006237929346040394,0.001190741998862599,0.65,7,true,true,candidate,004953
16,0.15,8,1.0,0.02,0.0062360702531256695,0.0011907401360276015,0.64,7,true,true,candidate,004954
16,0.15,8,3.0,0.005,0.047692835833230474,0.03836400541542684,1.945,7,true,false,candidate,004955
16,0.15,8,3.0,0.01,0.047692672231526956,0.038364005401195556,1.94,7,true,false,candidate,004956
16,0.15,8,3.0,0.02,0.04769266936828709,0.03836400338281498,1.94,7,true,false,candidate,004957
16,0.15,12,0.3,0.005,0.00033784569998207564,0.0003360978968913742,0.29,2,false,true,candidate,004958
16,0.15,12,0.3,0.01,0.0003378456083962256,0.00033609780231147473,0.29,2,false,true,candidate,004959
16,0.15,12,0.3,0.02,0.0003360955352262885,0.0003360955352262885,0.3,2,false,true,candidate,004960
16,0.15,12,0.5,0.005,0.0009867623125565663,0.0009867623125565663,0.5,3,false,true,candidate,004961
16,0.15,12,0.5,0.01,0.0009867624536707977,0.0009867624536707977,0.5,3,false,true,candidate,004962
16,0.15,12,0.5,0.02,0.0009867659776942041,0.0009867659776942041,0.5,3,false,true,candidate,004963
16,0.15,12,1.0,0.005,0.015214686633952871,0.015214686633952871,1.0,3,false,true,candidate,004964
16,0.15,12,1.0,0.01,0.01521468690192496,0.01521468690192496,1.0,3,false,true,candidate,004965
16,0.15,12,1.0,0.02,0.01521469370955542,0.01521469370955542,1.0,3,false,true,candidate,004966
16,0.15,12,3.0,0.005,0.03015683689013505,0.016772490075125938,2.32,8,true,false,candidate,004967
16,0.15,12,3.0,0.01,0.03015683766985145,0.016772491195218734,2.32,8,true,false,candidate,004968
16,0.15,12,3.0,0.02,0.030156856205518563,0.016772517221358755,2.32,8,true,false,candidate,004969
16,0.15,16,0.3,0.005,0.010749010872069586,0.010749010872069586,0.3,1,false,true,candidate,004970
16,0.15,16,0.3,0.01,0.010749010631841749,0.010749010631841749,0.3,1,false,true,candidate,004971
16,0.15,16,0.3,0.02,0.010749004315227406,0.010749004315227406,0.3,1,false,true,candidate,004972
16,0.15,16,0.5,0.005,0.02410526783968958,0.02410526783968958,0.5,1,false,true,candidate,004973
16,0.15,16,0.5,0.01,0.024105267372428685,0.024105267372428685,0.5,1,false,true,candidate,004974
16,0.15,16,0.5,0.02,0.02410525573025435,0.02410525573025435,0.5,1,false,true,candidate,004975
16,0.15,16,1.0,0.005,0.035265506611367625,0.030272563374795558,0.8,2,false,false,candidate,004976
16,0.15,16,1.0,0.01,0.035265506027700955,0.030272562864315455,0.8,2,false,false,candidate,004977
16,0.15,16,1.0,0.02,0.035265489896001645,0.030272546212793516,0.8,2,false,false,candidate,004978
16,0.15,16,3.0,0.005,0.035265506611367625,0.011904964419223951,0.8,8,true,false,candidate,004979
16,0.15,16,3.0,0.01,0.035265506027700955,0.011904962421820153,0.8,8,true,false,candidate,004980
16,0.15,16,3.0,0.02,0.035265489896001645,0.011904905486983974,0.8,8,true,false,candidate,004981
16,0.2,4,0.3,0.005,0.0016534634431963902,0.0016534634431963902,0.3,4,true,true,candidate,004982
16,0.2,4,0.3,0.01,0.0016534634437852525,0.0016534634437852525,0.3,4,true,true,candidate,004983
16,0.2,4,0.3,0.02,0.001653463458094917,0.001653463458094917,0.3,4,true,true,candidate,004984
16,0.2,4,0.5,0.005,0.003395635504092276,0.003395635504092276,0.5,4,true,true,candidate,004985
16,0.2,4,0.5,0.01,0.00339563550478561,0.00339563550478561,0.5,4,true,true,candidate,004986
16,0.2,4,0.5,0.02,0.0033956355240825076,0.0033956355240825076,0.5,4,true,true,candidate,004987
16,0.2,4,1.0,0.005,0.011379757246669397,0.011379757246669397,1.0,4,true,true,candidate,004988
16,0.2,4,1.0,0.01,0.011379757246854139,0.011379757246854139,1.0,4,true,true,candidate,004989
16,0.2,4,1.0,0.02,0.01137975726595708,0.01137975726595708,1.0,4,true,true,candidate,004990
16,0.2,4,3.0,0.005,0.02553519205388055,0.02553519205388055,3.0,4,true,true,candidate,004991
16,0.2,4,3.0,0.01,0.02553519205947752,0.02553519205947752,3.0,4,true,true,candidate,004992
16,0.2,4,3.0,0.02,0.02553519220343281,0.02553519220343281,3.0,4,true,true,candidate,004993
16,0.2,6,0.3,0.005,0.002202498758832051,0.002202498758832051,0.3,2,false,true,candidate,004994
16,0.2,6,0.3,0.01,0.002202498753446248,0.002202498753446248,0.3,2,false,true,candidate,004995
16,0.2,6,0.3,0.02,0.002202498681340926,0.002202498681340926,0.3,2,false,true,candidate,004996
16,0.2,6,0.5,0.005,0.003815930518837997,0.003815930518837997,0.5,3,false,true,candidate,004997
16,0.2,6,0.5,0.01,0.0038159305111263877,0.0038159305111263877,0.5,3,false,true,candidate,004998
16,0.2,6,0.5,0.02,0.003815930410875469,0.003815930410875469,0.5,3,false,true,candidate,004999
16,0.2,6,1.0,0.005,0.004750271673802044,0.0037013796788561994,0.75,3,false,true,candidate,005000
16,0.2,6,1.0,0.01,0.004750271665538543,0.0037013796725404737,0.75,3,false,true,candidate,005001
16,0.2,6,1.0,0.02,0.004749202261051024,0.0037013796172888926,0.76,3,false,true,candidate,005002
16,0.2,6,3.0,0.005,0.011481899609217975,0.011481899609217975,3.0,4,true,true,candidate,005003
16,0.2,6,3.0,0.01,0.011481899586511916,0.011481899586511916,3.0,4,true,true,candidate,005004
16,0.2,6,3.0,0.02,0.011481899094926477,0.011481899094926477,3.0,4,true,true,candidate,005005
16,0.2,8,0.3,0.005,0.002706124189136516,0.002706124189136516,0.3,2,false,true,candidate,005006
16,0.2,8,0.3,0.01,0.002706124195438586,0.002706124195438586,0.3,2,false,true,candidate,005007
16,0.2,8,0.3,0.02,0.0027061244726318545,0.0027061244726318545,0.3,2,false,true,candidate,005008
16,0.2,8,0.5,0.005,0.00536858286327524,0.00536858286327524,0.5,3,false,true,candidate,005009
16,0.2,8,0.5,0.01,0.005368582875979744,0.005368582875979744,0.5,3,false,true,candidate,005010
16,0.2,8,0.5,0.02,0.005368583371897051,0.005368583371897051,0.5,3,false,true,candidate,005011
16,0.2,8,1.0,0.005,0.006238187310142029,0.0011907420789156742,0.645,4,true,true,candidate,005012
16,0.2,8,1.0,0.01,0.006237929346040394,0.001190741998862599,0.65,4,true,true,candidate,005013
16,0.2,8,1.0,0.02,0.0062360702531256695,0.0011907401360276015,0.64,4,true,true,candidate,005014
16,0.2,8,3.0,0.005,0.047692835833230474,0.03836400541542684,1.945,7,true,false,candidate,005015
16,0.2,8,3.0,0.01,0.047692672231526956,0.038364005401195556,1.94,7,true,false,candidate,005016
16,0.2,8,3.0,0.02,0.04769266936828709,0.03836400338281498,1.94,7,true,false,candidate,005017
16,0.2,12,0.3,0.005,0.00033784569998207564,0.0003360978968913742,0.29,1,false,true,candidate,005018
16,0.2,12,0.3,0.01,0.0003378456083962256,0.00033609780231147473,0.29,1,false,true,candidate,005019
16,0.2,12,0.3,0.02,0.0003360955352262885,0.0003360955352262885,0.3,1,false,true,candidate,005020
16,0.2,12,0.5,0.005,0.0009867623125565663,0.0009867623125565663,0.5,2,false,true,candidate,005021
16,0.2,12,0.5,0.01,0.0009867624536707977,0.0009867624536707977,0.5,2,false,true,candidate,005022
16,0.2,12,0.5,0.02,0.0009867659776942041,0.0009867659776942041,0.5,2,false,true,candidate,005023
16,0.2,12,1.0,0.005,0.015214686633952871,0.015214686633952871,1.0,3,false,true,candidate,005024
16,0.2,12,1.0,0.01,0.01521468690192496,0.01521468690192496,1.0,3,false,true,candidate,005025
16,0.2,12,1.0,0.02,0.01521469370955542,0.01521469370955542,1.0,3,false,true,candidate,005026
16,0.2,12,3.0,0.005,0.03015683689013505,0.016772490075125938,2.32,7,true,false,candidate,005027
16,0.2,12,3.0,0.01,0.03015683766985145,0.016772491195218734,2.32,7,true,false,candidate,005028
16,0.2,12,3.0,0.02,0.030156856205518563,0.016772517221358755,2.32,7,true,false,candidate,005029
16,0.2,16,0.3,0.005,0.010749010872069586,0.010749010872069586,0.3,1,false,true,candidate,005030
16,0.2,16,0.3,0.01,0.010749010631841749,0.010749010631841749,0.3,1,false,true,candidate,005031
16,0.2,16,0.3,0.02,0.010749004315227406,0.010749004315227406,0.3,1,false,true,candidate,005032
16,0.2,16,0.5,0.005,0.02410526783968958,0.02410526783968958,0.5,1,false,true,candidate,005033
16,0.2,16,0.5,0.01,0.024105267372428685,0.024105267372428685,0.5,1,false,true,candidate,005034
16,0.2,16,0.5,0.02,0.02410525573025435,0.02410525573025435,0.5,1,false,true,candidate,005035
16,0.2,16,1.0,0.005,0.035265506611367625,0.030272563374795558,0.8,2,false,false,candidate,005036
16,0.2,16,1.0,0.01,0.035265506027700955,0.030272562864315455,0.8,2,false,false,candidate,005037
16,0.2,16,1.0,0.02,0.035265489896001645,0.030272546212793516,0.8,2,false,false,candidate,005038
16,0.2,16,3.0,0.005,0.035265506611367625,0.011904964419223951,0.8,5,true,false,candidate,005039
16,0.2,16,3.0,0.01,0.035265506027700955,0.011904962421820153,0.8,5,true,false,candidate,005040
16,0.2,16,3.0,0.02,0.035265489896001645,0.011904905486983974,0.8,5,true,false,candidate,005041
16,0.25,4,0.3,0.005,0.0016534634431963902,0.0016534634431963902,0.3,3,false,true,candidate,005042
16,0.25,4,0.3,0.01,0.0016534634437852525,0.0016534634437852525,0.3,3,false,true,candidate,005043
16,0.25,4,0.3,0.02,0.001653463458094917,0.001653463458094917,0.3,3,false,true,candidate,005044
16,0.25,4,0.5,0.005,0.003395635504092276,0.003395635504092276,0.5,3,false,true,candidate,005045
16,0.25,4,0.5,0.01,0.00339563550478561,0.00339563550478561,0.5,3,false,true,candidate,005046
16,0.25,4,0.5,0.02,0.0033956355240825076,0.0033956355240825076,0.5,3,false,true,candidate,005047
16,0.25,4,1.0,0.005,0.011379757246669397,0.011379757246669397,1.0,3,false,true,candidate,005048
16,0.25,4,1.0,0.01,0.011379757246854139,0.011379757246854139,1.0,3,false,true,candidate,005049
16,0.25,4,1.0,0.02,0.01137975726595708,0.01137975726595708,1.0,3,false,true,candidate,005050
16,0.25,4,3.0,0.005,0.02553519205388055,0.02553519205388055,3.0,3,false,true,candidate,005051
16,0.25,4,3.0,0.01,0.02553519205947752,0.02553519205947752,3.0,3,false,true,candidate,005052
16,0.25,4,3.0,0.02,0.02553519220343281,0.02553519220343281,3.0,3,false,true,candidate,005053
16,0.25,6,0.3,0.005,0.002202498758832051,0.002202498758832051,0.3,1,false,true,candidate,005054
16,0.25,6,0.3,0.01,0.002202498753446248,0.002202498753446248,0.3,1,false,true,candidate,005055
16,0.25,6,0.3,0.02,0.002202498681340926,0.002202498681340926,0.3,1,false,true,candidate,005056
16,0.25,6,0.5,0.005,0.003815930518837997,0.003815930518837997,0.5,1,false,true,candidate,005057
16,0.25,6,0.5,0.01,0.0038159305111263877,0.0038159305111263877,0.5,1,false,true,candidate,005058
16,0.25,6,0.5,0.02,0.003815930410875469,0.003815930410875469,0.5,1,false,true,candidate,005059
16,0.25,6,1.0,0.005,0.004750271673802044,0.0037013796788561994,0.75,2,false,true,candidate,005060
16,0.25,6,1.0,0.01,0.004750271665538543,0.0037013796725404737,0.75,2,false,true,candidate,005061
16,0.25,6,1.0,0.02,0.004749202261051024,0.0037013796172888926,0.76,2,false,true,candidate,005062
16,0.25,6,3.0,0.005,0.011481899609217975,0.011481899609217975,3.0,4,true,true,candidate,005063
16,0.25,6,3.0,0.01,0.011481899586511916,0.011481899586511916,3.0,4,true,true,candidate,005064
16,0.25,6,3.0,0.02,0.011481899094926477,0.011481899094926477,3.0,4,true,true,candidate,005065
16,0.25,8,0.3,0.005,0.002706124189136516,0.002706124189136516,0.3,0,false,true,candidate,005066
16,0.25,8,0.3,0.01,0.002706124195438586,0.002706124195438586,0.3,0,false,true,candidate,005067
16,0.25,8,0.3,0.02,0.0027061244726318545,0.0027061244726318545,0.3,0,false,true,candidate,005068
16,0.25,8,0.5,0.005,0.00536858286327524,0.00536858286327524,0.5,0,false,true,candidate,005069
16,0.25,8,0.5,0.01,0.005368582875979744,0.005368582875979744,0.5,0,false,true,candidate,005070
16,0.25,8,0.5,0.02,0.005368583371897051,0.005368583371897051,0.5,0,false,true,candidate,005071
16,0.25,8,1.0,0.005,0.006238187310142029,0.0011907420789156742,0.645,2,false,true,candidate,005072
16,0.25,8,1.0,0.01,0.006237929346040394,0.001190741998862599,0.65,2,false,true,candidate,005073
16,0.25,8,1.0,0.02,0.0062360702531256695,0.0011907401360276015,0.64,2,false,true,candidate,005074
16,0.25,8,3.0,0.005,0.047692835833230474,0.03836400541542684,1.945,5,true,false,candidate,005075
16,0.25,8,3.0,0.01,0.047692672231526956,0.038364005401195556,1.94,5,true,false,candidate,005076
16,0.25,8,3.0,0.02,0.04769266936828709,0.03836400338281498,1.94,5,true,false,candidate,005077
16,0.25,12,0.3,0.005,0.00033784569998207564,0.0003360978968913742,0.29,1,false,true,candidate,005078
16,0.25,12,0.3,0.01,0.0003378456083962256,0.00033609780231147473,0.29,1,false,true,candidate,005079
16,0.25,12,0.3,0.02,0.0003360955352262885,0.0003360955352262885,0.3,1,false,true,candidate,005080
16,0.25,12,0.5,0.005,0.0009867623125565663,0.0009867623125565663,0.5,1,false,true,candidate,005081
16,0.25,12,0.5,0.01,0.0009867624536707977,0.0009867624536707977,0.5,1,false,true,candidate,005082
16,0.25,12,0.5,0.02,0.0009867659776942041,0.0009867659776942041,0.5,1,false,true,candidate,005083
16,0.25,12,1.0,0.005,0.015214686633952871,0.015214686633952871,1.0,2,false,true,candidate,005084
16,0.25,12,1.0,0.01,0.01521468690192496,0.01521468690192496,1.0,2,false,true,candidate,005085
16,0.25,12,1.0,0.02,0.01521469370955542,0.01521469370955542,1.0,2,false,true,candidate,005086
16,0.25,12,3.0,0.005,0.03015683689013505,0.016772490075125938,2.32,5,true,false,candidate,005087
16,0.25,12,3.0,0.01,0.03015683766985145,0.016772491195218734,2.32,5,true,false,candidate,005088
16,0.25,12,3.0,0.02,0.030156856205518563,0.016772517221358755,2.32,5,true,false,candidate,005089
16,0.25,16,0.3,0.005,0.010749010872069586,0.010749010872069586,0.3,1,false,true,candidate,005090
16,0.25,16,0.3,0.01,0.010749010631841749,0.010749010631841749,0.3,1,false,true,candidate,005091
16,0.25,16,0.3,0.02,0.010749004315227406,0.010749004315227406,0.3,1,false,true,candidate,005092
16,0.25,16,0.5,0.005,0.02410526783968958,0.02410526783968958,0.5,1,false,true,candidate,005093
16,0.25,16,0.5,0.01,0.024105267372428685,0.024105267372428685,0.5,1,false,true,candidate,005094
16,0.25,16,0.5,0.02,0.02410525573025435,0.02410525573025435,0.5,1,false,true,candidate,005095
16,0.25,16,1.0,0.005,0.035265506611367625,0.030272563374795558,0.8,2,false,false,candidate,005096
16,0.25,16,1.0,0.01,0.035265506027700955,0.030272562864315455,0.8,2,false,false,candidate,005097
16,0.25,16,1.0,0.02,0.035265489896001645,0.030272546212793516,0.8,2,false,false,candidate,005098
16,0.25,16,3.0,0.005,0.035265506611367625,0.011904964419223951,0.8,5,true,false,candidate,005099
16,0.25,16,3.0,0.01,0.035265506027700955,0.011904962421820153,0.8,5,true,false,candidate,005100
16,0.25,16,3.0,0.02,0.035265489896001645,0.011904905486983974,0.8,5,true,false,candidate,005101
17,0.05,4,0.3,0.005,0.005593135572376395,0.005593135572376395,0.3,4,true,true,candidate,005102
17,0.05,4,0.3,0.01,0.005593135568171537,0.005593135568171537,0.3,4,true,true,candidate,005103
17,0.05,4,0.3,0.02,0.005593135431567697,0.005593135431567697,0.3,4,true,true,candidate,005104
17,0.05,4,0.5,0.005,0.013503968298310909,0.013503968298310909,0.5,4,true,true,candidate,005105
17,0.05,4,0.5,0.01,0.013503968288566481,0.013503968288566481,0.5,4,true,true,candidate,005106
17,0.05,4,0.5,0.02,0.013503968016291612,0.013503968016291612,0.5,4,true,true,candidate,005107
17,0.05,4,1.0,0.005,0.033503539169029484,0.033503539169029484,1.0,4,true,false,candidate,005108
17,0.05,4,1.0,0.01,0.03350353915915916,0.03350353915915916,1.0,4,true,false,candidate,005109
17,0.05,4,1.0,0.02,0.03350353876444889,0.03350353876444889,1.0,4,true,false,candidate,005110
17,0.05,4,3.0,0.005,0.03656266765962579,0.01098986908229782,1.24,4,true,false,candidate,005111
17,0.05,4,3.0,0.01,0.0365626676622266,0.01098986902786192,1.24,4,true,false,candidate,005112
17,0.05,4,3.0,0.02,0.03656266741010272,0.010989868837755434,1.24,4,true,false,candidate,005113
17,0.05,6,0.3,0.005,0.00017664144295459486,0.00014095069152786357,0.24,6,true,true,candidate,005114
17,0.05,6,0.3,0.01,0.00017664144246609673,0.00014095069082420422,0.24,6,true,true,candidate,005115
17,0.05,6,0.3,0.02,0.00017664139494255607,0.00014095062986207998,0.24,6,true,true,candidate,005116
17,0.05,6,0.5,0.005,0.0008009042326307948,0.0008009042326307948,0.5,6,true,true,candidate,005117
17,0.05,6,0.5,0.01,0.0008009042333698703,0.0008009042333698703,0.5,6,true,true,candidate,005118
17,0.05,6,0.5,0.02,0.0008009043283759844,0.0008009043283759844,0.5,6,true,true,candidate,005119
17,0.05,6,1.0,0.005,0.010861401252020843,0.010861401252020843,1.0,6,true,true,candidate,005120
17,0.05,6,1.0,0.01,0.010861401246174409,0.010861401246174409,1.0,6,true,true,candidate,005121
17,0.05,6,1.0,0.02,0.010861401318299603,0.010861401318299603,1.0,6,true,true,candidate,005122
17,0.05,6,3.0,0.005,0.023679885650406244,0.0035733878059897033,1.6400000000000001,6,true,true,candidate,005123
17,0.05,6,3.0,0.01,0.02367988565640911,0.0035733877740010693,1.6400000000000001,6,true,true,candidate,005124
17,0.05,6,3.0,0.02,0.023679886018226685,0.0035733867645230126,1.6400000000000001,6,true,true,candidate,005125
17,0.05,8,0.3,0.005,0.002292260321872463,0.002292260321872463,0.3,8,true,true,candidate,005126
17,0.05,8,0.3,0.01,0.002292260289893599,0.002292260289893599,0.3,8,true,true,candidate,005127
17,0.05,8,0.3,0.02,0.0022922594618091092,0.0022922594618091092,0.3,8,true,true,candidate,005128
17,0.05,8,0.5,0.005,0.003923015282393471,0.003923015282393471,0.5,8,true,true,candidate,005129
17,0.05,8,0.5,0.01,0.003923015230573367,0.003923015230573367,0.5,8,true,true,candidate,005130
17,0.05,8,0.5,0.02,0.003923013871574676,0.003923013871574676,0.5,8,true,true,candidate,005131
17,0.05,8,1.0,0.005,0.004180102133807261,0.0021732567019274725,0.605,8,true,true,candidate,005132
17,0.05,8,1.0,0.01,0.004180068948103076,0.0021732566030283613,0.61,8,true,true,candidate,005133
17,0.05,8,1.0,0.02,0.004179027538251833,0.0021732539601349017,0.6,8,true,true,candidate,005134
17,0.05,8,3.0,0.005,0.026967466432101343,0.015664034818302804,2.215,8,true,true,candidate,005135
17,0.05,8,3.0,0.01,0.02696734814228096,0.01566403430978291,2.22,8,true,true,candidate,005136
17,0.05,8,3.0,0.02,0.026967340900346796,0.015664022887952985,2.22,8,true,true,candidate,005137
17,0.05,12,0.3,0.005,0.008425850959940862,0.008425850959940862,0.3,12,true,true,candidate,005138
17,0.05,12,0.3,0.01,0.008425850765875875,0.008425850765875875,0.3,12,true,true,candidate,005139
17,0.05,12,0.3,0.02,0.00842584671160762,0.00842584671160762,0.3,12,true,true,candidate,005140
17,0.05,12,0.5,0.005,0.0210802133933774,0.0210802133933774,0.5,12,true,true,candidate,005141
17,0.05,12,0.5,0.01,0.021080213064393893,0.021080213064393893,0.5,12,true,true,candidate,005142
17,0.05,12,0.5,0.02,0.021080206190884132,0.021080206190884132,0.5,12,true,true,candidate,005143
17,0.05,12,1.0,0.005,0.04668679874573378,0.04668679874573378,1.0,12,true,false,candidate,005144
17,0.05,12,1.0,0.01,0.04668679822504074,0.04668679822504074,1.0,12,true,false,candidate,005145
17,0.05,12,1.0,0.02,0.046686786590131035,0.046686786590131035,1.0,12,true,false,candidate,005146
17,0.05,12,3.0,0.005,0.07851094981165052,0.07851094981165052,3.0,12,true,false,candidate,005147
17,0.05,12,3.0,0.01,0.07851094899042455,0.07851094899042455,3.0,12,true,false,candidate,005148
17,0.05,12,3.0,0.02,0.07851092557967831,0.07851092557967831,3.0,12,true,false,candidate,005149
17,0.05,16,0.3,0.005,0.008029238206383574,0.008029238206383574,0.3,15,true,true,candidate,005150
17,0.05,16,0.3,0.01,0.008029238292743605,0.008029238292743605,0.3,15,true,true,candidate,005151
17,0.05,16,0.3,0.02,0.008029245922529297,0.008029245922529297,0.3,15,true,true,candidate,005152
17,0.05,16,0.5,0.005,0.012687075346282667,0.012687075346282667,0.5,15,true,true,candidate,005153
17,0.05,16,0.5,0.01,0.012687075624196248,0.012687075624196248,0.5,15,true,true,candidate,005154
17,0.05,16,0.5,0.02,0.012687090349008839,0.012687090349008839,0.5,15,true,true,candidate,005155
17,0.05,16,1.0,0.005,0.01273526939536152,0.004930758271987526,0.52,16,true,true,candidate,005156
17,0.05,16,1.0,0.01,0.012735269704638568,0.004930758930059789,0.52,16,true,true,candidate,005157
17,0.05,16,1.0,0.02,0.012735285335360063,0.004930790002279364,0.52,16,true,true,candidate,005158
17,0.05,16,3.0,0.005,0.09827453702726067,0.09827453702726067,3.0,16,true,false,candidate,005159
17,0.05,16,3.0,0.01,0.09827454004952678,0.09827454004952678,3.0,16,true,false,candidate,005160
17,0.05,16,3.0,0.02,0.09827464616033792,0.09827464616033792,3.0,16,true,false,candidate,005161
17,0.1,4,0.3,0.005,0.005593135572376395,0.005593135572376395,0.3,4,true,true,candidate,005162
17,0.1,4,0.3,0.01,0.005593135568171537,0.005593135568171537,0.3,4,true,true,candidate,005163
17,0.1,4,0.3,0.02,0.005593135431567697,0.005593135431567697,0.3,4,true,true,candidate,005164
17,0.1,4,0.5,0.005,0.013503968298310909,0.013503968298310909,0.5,4,true,true,candidate,005165
17,0.1,4,0.5,0.01,0.013503968288566481,0.013503968288566481,0.5,4,true,true,candidate,005166
17,0.1,4,0.5,0.02,0.013503968016291612,0.013503968016291612,0.5,4,true,true,candidate,005167
17,0.1,4,1.0,0.005,0.033503539169029484,0.033503539169029484,1.0,4,true,false,candidate,005168
17,0.1,4,1.0,0.01,0.03350353915915916,0.03350353915915916,1.0,4,true,false,candidate,005169
17,0.1,4,1.0,0.02,0.03350353876444889,0.03350353876444889,1.0,4,true,false,candidate,005170
17,0.1,4,3.0,0.005,0.03656266765962579,0.01098986908229782,1.24,4,true,false,candidate,005171
17,0.1,4,3.0,0.01,0.0365626676622266,0.01098986902786192,1.24,4,true,false,candidate,005172
17,0.1,4,3.0,0.02,0.03656266741010272,0.010989868837755434,1.24,4,true,false,candidate,005173
17,0.1,6,0.3,0.005,0.00017664144295459486,0.00014095069152786357,0.24,6,true,true,candidate,005174
17,0.1,6,0.3,0.01,0.00017664144246609673,0.00014095069082420422,0.24,6,true,true,candidate,005175
17,0.1,6,0.3,0.02,0.00017664139494255607,0.00014095062986207998,0.24,6,true,true,candidate,005176
17,0.1,6,0.5,0.005,0.0008009042326307948,0.0008009042326307948,0.5,6,true,true,candidate,005177
17,0.1,6,0.5,0.01,0.0008009042333698703,0.0008009042333698703,0.5,6,true,true,candidate,005178
17,0.1,6,0.5,0.02,0.0008009043283759844,0.0008009043283759844,0.5,6,true,true,candidate,005179
17,0.1,6,1.0,0.005,0.010861401252020843,0.010861401252020843,1.0,6,true,true,candidate,005180
17,0.1,6,1.0,0.01,0.010861401246174409,0.010861401246174409,1.0,6,true,true,candidate,005181
17,0.1,6,1.0,0.02,0.010861401318299603,0.010861401318299603,1.0,6,true,true,candidate,005182
17,0.1,6,3.0,0.005,0.023679885650406244,0.0035733878059897033,1.6400000000000001,6,true,true,candidate,005183
17,0.1,6,3.0,0.01,0.02367988565640911,0.0035733877740010693,1.6400000000000001,6,true,true,candidate,005184
17,0.1,6,3.0,0.02,0.023679886018226685,0.0035733867645230126,1.6400000000000001,6,true,true,candidate,005185
17,0.1,8,0.3,0.005,0.002292260321872463,0.002292260321872463,0.3,8,true,true,candidate,005186
17,0.1,8,0.3,0.01,0.002292260289893599,0.002292260289893599,0.3,8,true,true,candidate,005187
17,0.1,8,0.3,0.02,0.0022922594618091092,0.0022922594618091092,0.3,8,true,true,candidate,005188
17,0.1,8,0.5,0.005,0.003923015282393471,0.003923015282393471,0.5,8,true,true,candidate,005189
17,0.1,8,0.5,0.01,0.003923015230573367,0.003923015230573367,0.5,8,true,true,candidate,005190
17,0.1,8,0.5,0.02,0.003923013871574676,0.003923013871574676,0.5,8,true,true,candidate,005191
17,0.1,8,1.0,0.005,0.004180102133807261,0.0021732567019274725,0.605,8,true,true,candidate,005192
17,0.1,8,1.0,0.01,0.004180068948103076,0.0021732566030283613,0.61,8,true,true,candidate,005193
17,0.1,8,1.0,0.02,0.004179027538251833,0.0021732539601349017,0.6,8,true,true,candidate,005194
17,0.1,8,3.0,0.005,0.026967466432101343,0.015664034818302804,2.215,8,true,true,candidate,005195
17,0.1,8,3.0,0.01,0.02696734814228096,0.01566403430978291,2.22,8,true,true,candidate,005196
17,0.1,8,3.0,0.02,0.026967340900346796,0.015664022887952985,2.22,8,true,true,candidate,005197
17,0.1,12,0.3,0.005,0.008425850959940862,0.008425850959940862,0.3,3,false,true,candidate,005198
17,0.1,12,0.3,0.01,0.008425850765875875,0.008425850765875875,0.3,3,false,true,candidate,005199
17,0.1,12,0.3,0.02,0.00842584671160762,0.00842584671160762,0.3,3,false,true,candidate,005200
17,0.1,12,0.5,0.005,0.0210802133933774,0.0210802133933774,0.5,3,false,true,candidate,005201
17,0.1,12,0.5,0.01,0.021080213064393893,0.021080213064393893,0.5,3,false,true,candidate,005202
17,0.1,12,0.5,0.02,0.021080206190884132,0.021080206190884132,0.5,3,false,true,candidate,005203
17,0.1,12,1.0,0.005,0.04668679874573378,0.04668679874573378,1.0,7,true,false,candidate,005204
17,0.1,12,1.0,0.01,0.04668679822504074,0.04668679822504074,1.0,7,true,false,candidate,005205
17,0.1,12,1.0,0.02,0.046686786590131035,0.046686786590131035,1.0,7,true,false,candidate,005206
17,0.1,12,3.0,0.005,0.07851094981165052,0.07851094981165052,3.0,9,true,false,candidate,005207
17,0.1,12,3.0,0.01,0.07851094899042455,0.07851094899042455,3.0,9,true,false,candidate,005208
17,0.1,12,3.0,0.02,0.07851092557967831,0.07851092557967831,3.0,9,true,false,candidate,005209
17,0.1,16,0.3,0.005,0.008029238206383574,0.008029238206383574,0.3,5,true,true,candidate,005210
17,0.1,16,0.3,0.01,0.008029238292743605,0.008029238292743605,0.3,5,true,true,candidate,005211
17,0.1,16,0.3,0.02,0.008029245922529297,0.008029245922529297,0.3,5,true,true,candidate,005212
17,0.1,16,0.5,0.005,0.012687075346282667,0.012687075346282667,0.5,5,true,true,candidate,005213
17,0.1,16,0.5,0.01,0.012687075624196248,0.012687075624196248,0.5,5,true,true,candidate,005214
17,0.1,16,0.5,0.02,0.012687090349008839,0.012687090349008839,0.5,5,true,true,candidate,005215
17,0.1,16,1.0,0.005,0.01273526939536152,0.004930758271987526,0.52,8,true,true,candidate,005216
17,0.1,16,1.0,0.01,0.012735269704638568,0.004930758930059789,0.52,8,true,true,candidate,005217
17,0.1,16,1.0,0.02,0.012735285335360063,0.004930790002279364,0.52,8,true,true,candidate,005218
17,0.1,16,3.0,0.005,0.09827453702726067,0.09827453702726067,3.0,13,true,false,candidate,005219
17,0.1,16,3.0,0.01,0.09827454004952678,0.09827454004952678,3.0,13,true,false,candidate,005220
17,0.1,16,3.0,0.02,0.09827464616033792,0.09827464616033792,3.0,13,true,false,candidate,005221
17,0.15,4,0.3,0.005,0.005593135572376395,0.005593135572376395,0.3,4,true,true,candidate,005222
17,0.15,4,0.3,0.01,0.005593135568171537,0.005593135568171537,0.3,4,true,true,candidate,005223
17,0.15,4,0.3,0.02,0.005593135431567697,0.005593135431567697,0.3,4,true,true,candidate,005224
17,0.15,4,0.5,0.005,0.013503968298310909,0.013503968298310909,0.5,4,true,true,candidate,005225
17,0.15,4,0.5,0.01,0.013503968288566481,0.013503968288566481,0.5,4,true,true,candidate,005226
17,0.15,4,0.5,0.02,0.013503968016291612,0.013503968016291612,0.5,4,true,true,candidate,005227
17,0.15,4,1.0,0.005,0.033503539169029484,0.033503539169029484,1.0,4,true,false,candidate,005228
17,0.15,4,1.0,0.01,0.03350353915915916,0.03350353915915916,1.0,4,true,false,candidate,005229
17,0.15,4,1.0,0.02,0.03350353876444889,0.03350353876444889,1.0,4,true,false,candidate,005230
17,0.15,4,3.0,0.005,0.03656266765962579,0.01098986908229782,1.24,4,true,false,candidate,005231
17,0.15,4,3.0,0.01,0.0365626676622266,0.01098986902786192,1.24,4,true,false,candidate,005232
17,0.15,4,3.0,0.02,0.03656266741010272,0.010989868837755434,1.24,4,true,false,candidate,005233
17,0.15,6,0.3,0.005,0.00017664144295459486,0.00014095069152786357,0.24,5,true,true,candidate,005234
17,0.15,6,0.3,0.01,0.00017664144246609673,0.00014095069082420422,0.24,5,true,true,candidate,005235
17,0.15,6,0.3,0.02,0.00017664139494255607,0.00014095062986207998,0.24,5,true,true,candidate,005236
17,0.15,6,0.5,0.005,0.0008009042326307948,0.0008009042326307948,0.5,5,true,true,candidate,005237
17,0.15,6,0.5,0.01,0.0008009042333698703,0.0008009042333698703,0.5,5,true,true,candidate,005238
17,0.15,6,0.5,0.02,0.0008009043283759844,0.0008009043283759844,0.5,5,true,true,candidate,005239
17,0.15,6,1.0,0.005,0.010861401252020843,0.010861401252020843,1.0,6,true,true,candidate,005240
17,0.15,6,1.0,0.01,0.010861401246174409,0.010861401246174409,1.0,6,true,true,candidate,005241
17,0.15,6,1.0,0.02,0.010861401318299603,0.010861401318299603,1.0,6,true,true,candidate,005242
17,0.15,6,3.0,0.005,0.023679885650406244,0.0035733878059897033,1.6400000000000001,6,true,true,candidate,005243
17,0.15,6,3.0,0.01,0.02367988565640911,0.0035733877740010693,1.6400000000000001,6,true,true,candidate,005244
17,0.15,6,3.0,0.02,0.023679886018226685,0.0035733867645230126,1.6400000000000001,6,true,true,candidate,005245
17,0.15,8,0.3,0.005,0.002292260321872463,0.002292260321872463,0.3,3,false,true,candidate,005246
17,0.15,8,0.3,0.01,0.002292260289893599,0.002292260289893599,0.3,3,false,true,candidate,005247
17,0.15,8,0.3,0.02,0.0022922594618091092,0.0022922594618091092,0.3,3,false,true,candidate,005248
17,0.15,8,0.5,0.005,0.003923015282393471,0.003923015282393471,0.5,3,false,true,candidate,005249
17,0.15,8,0.5,0.01,0.003923015230573367,0.003923015230573367,0.5,3,false,true,candidate,005250
17,0.15,8,0.5,0.02,0.003923013871574676,0.003923013871574676,0.5,3,false,true,candidate,005251
17,0.15,8,1.0,0.005,0.004180102133807261,0.0021732567019274725,0.605,4,true,true,candidate,005252
17,0.15,8,1.0,0.01,0.004180068948103076,0.0021732566030283613,0.61,4,true,true,candidate,005253
17,0.15,8,1.0,0.02,0.004179027538251833,0.0021732539601349017,0.6,4,true,true,candidate,005254
17,0.15,8,3.0,0.005,0.026967466432101343,0.015664034818302804,2.215,7,true,true,candidate,005255
17,0.15,8,3.0,0.01,0.02696734814228096,0.01566403430978291,2.22,7,true,true,candidate,005256
17,0.15,8,3.0,0.02,0.026967340900346796,0.015664022887952985,2.22,7,true,true,candidate,005257
17,0.15,12,0.3,0.005,0.008425850959940862,0.008425850959940862,0.3,2,false,true,candidate,005258
17,0.15,12,0.3,0.01,0.008425850765875875,0.008425850765875875,0.3,2,false,true,candidate,005259
17,0.15,12,0.3,0.02,0.00842584671160762,0.00842584671160762,0.3,2,false,true,candidate,005260
17,0.15,12,0.5,0.005,0.0210802133933774,0.0210802133933774,0.5,2,false,true,candidate,005261
17,0.15,12,0.5,0.01,0.021080213064393893,0.021080213064393893,0.5,2,false,true,candidate,005262
17,0.15,12,0.5,0.02,0.021080206190884132,0.021080206190884132,0.5,2,false,true,candidate,005263
17,0.15,12,1.0,0.005,0.04668679874573378,0.04668679874573378,1.0,3,false,false,candidate,005264
17,0.15,12,1.0,0.01,0.04668679822504074,0.04668679822504074,1.0,3,false,false,candidate,005265
17,0.15,12,1.0,0.02,0.046686786590131035,0.046686786590131035,1.0,3,false,false,candidate,005266
17,0.15,12,3.0,0.005,0.07851094981165052,0.07851094981165052,3.0,7,true,false,candidate,005267
17,0.15,12,3.0,0.01,0.07851094899042455,0.07851094899042455,3.0,7,true,false,candidate,005268
17,0.15,12,3.0,0.02,0.07851092557967831,0.07851092557967831,3.0,7,true,false,candidate,005269
17,0.15,16,0.3,0.005,0.008029238206383574,0.008029238206383574,0.3,2,false,true,candidate,005270
17,0.15,16,0.3,0.01,0.008029238292743605,0.008029238292743605,0.3,2,false,true,candidate,005271
17,0.15,16,0.3,0.02,0.008029245922529297,0.008029245922529297,0.3,2,false,true,candidate,005272
17,0.15,16,0.5,0.005,0.012687075346282667,0.012687075346282667,0.5,2,false,true,candidate,005273
17,0.15,16,0.5,0.01,0.012687075624196248,0.012687075624196248,0.5,2,false,true,candidate,005274
17,0.15,16,0.5,0.02,0.012687090349008839,0.012687090349008839,0.5,2,false,true,candidate,005275
17,0.15,16,1.0,0.005,0.01273526939536152,0.004930758271987526,0.52,5,true,true,candidate,005276
17,0.15,16,1.0,0.01,0.012735269704638568,0.004930758930059789,0.52,5,true,true,candidate,005277
17,0.15,16,1.0,0.02,0.012735285335360063,0.004930790002279364,0.52,5,true,true,candidate,005278
17,0.15,16,3.0,0.005,0.09827453702726067,0.09827453702726067,3.0,10,true,false,candidate,005279
17,0.15,16,3.0,0.01,0.09827454004952678,0.09827454004952678,3.0,10,true,false,candidate,005280
17,0.15,16,3.0,0.02,0.09827464616033792,0.09827464616033792,3.0,10,true,false,candidate,005281
17,0.2,4,0.3,0.005,0.005593135572376395,0.005593135572376395,0.3,3,false,true,candidate,005282
17,0.2,4,0.3,0.01,0.005593135568171537,0.005593135568171537,0.3,3,false,true,candidate,005283
17,0.2,4,0.3,0.02,0.005593135431567697,0.005593135431567697,0.3,3,false,true,candidate,005284
17,0.2,4,0.5,0.005,0.013503968298310909,0.013503968298310909,0.5,3,false,true,candidate,005285
17,0.2,4,0.5,0.01,0.013503968288566481,0.013503968288566481,0.5,3,false,true,candidate,005286
17,0.2,4,0.5,0.02,0.013503968016291612,0.013503968016291612,0.5,3,false,true,candidate,005287
17,0.2,4,1.0,0.005,0.033503539169029484,0.033503539169029484,1.0,3,false,false,candidate,005288
17,0.2,4,1.0,0.01,0.03350353915915916,0.03350353915915916,1.0,3,false,false,candidate,005289
17,0.2,4,1.0,0.02,0.03350353876444889,0.03350353876444889,1.0,3,false,false,candidate,005290
17,0.2,4,3.0,0.005,0.03656266765962579,0.01098986908229782,1.24,4,true,false,candidate,005291
17,0.2,4,3.0,0.01,0.0365626676622266,0.01098986902786192,1.24,4,true,false,candidate,005292
17,0.2,4,3.0,0.02,0.03656266741010272,0.010989868837755434,1.24,4,true,false,candidate,005293
17,0.2,6,0.3,0.005,0.00017664144295459486,0.00014095069152786357,0.24,2,false,true,candidate,005294
17,0.2,6,0.3,0.01,0.00017664144246609673,0.00014095069082420422,0.24,2,false,true,candidate,005295
17,0.2,6,0.3,0.02,0.00017664139494255607,0.00014095062986207998,0.24,2,false,true,candidate,005296
17,0.2,6,0.5,0.005,0.0008009042326307948,0.0008009042326307948,0.5,2,false,true,candidate,005297
17,0.2,6,0.5,0.01,0.0008009042333698703,0.0008009042333698703,0.5,2,false,true,candidate,005298
17,0.2,6,0.5,0.02,0.0008009043283759844,0.0008009043283759844,0.5,2,false,true,candidate,005299
17,0.2,6,1.0,0.005,0.010861401252020843,0.010861401252020843,1.0,2,false,true,candidate,005300
17,0.2,6,1.0,0.01,0.010861401246174409,0.010861401246174409,1.0,2,false,true,candidate,005301
17,0.2,6,1.0,0.02,0.010861401318299603,0.010861401318299603,1.0,2,false,true,candidate,005302
17,0.2,6,3.0,0.005,0.023679885650406244,0.0035733878059897033,1.6400000000000001,5,true,true,candidate,005303
17,0.2,6,3.0,0.01,0.02367988565640911,0.0035733877740010693,1.6400000000000001,5,true,true,candidate,005304
17,0.2,6,3.0,0.02,0.023679886018226685,0.0035733867645230126,1.6400000000000001,5,true,true,candidate,005305
17,0.2,8,0.3,0.005,0.002292260321872463,0.002292260321872463,0.3,2,false,true,candidate,005306
17,0.2,8,0.3,0.01,0.002292260289893599,0.002292260289893599,0.3,2,false,true,candidate,005307
17,0.2,8,0.3,0.02,0.0022922594618091092,0.0022922594618091092,0.3,2,false,true,candidate,005308
17,0.2,8,0.5,0.005,0.003923015282393471,0.003923015282393471,0.5,2,false,true,candidate,005309
17,0.2,8,0.5,0.01,0.003923015230573367,0.003923015230573367,0.5,2,false,true,candidate,005310
17,0.2,8,0.5,0.02,0.003923013871574676,0.003923013871574676,0.5,2,false,true,candidate,005311
17,0.2,8,1.0,0.005,0.004180102133807261,0.0021732567019274725,0.605,3,false,true,candidate,005312
17,0.2,8,1.0,0.01,0.004180068948103076,0.0021732566030283613,0.61,3,false,true,candidate,005313
17,0.2,8,1.0,0.02,0.004179027538251833,0.0021732539601349017,0.6,3,false,true,candidate,005314
17,0.2,8,3.0,0.005,0.026967466432101343,0.015664034818302804,2.215,5,true,true,candidate,005315
17,0.2,8,3.0,0.01,0.02696734814228096,0.01566403430978291,2.22,5,true,true,candidate,005316
17,0.2,8,3.0,0.02,0.026967340900346796,0.015664022887952985,2.22,5,true,true,candidate,005317
17,0.2,12,0.3,0.005,0.008425850959940862,0.008425850959940862,0.3,2,false,true,candidate,005318
17,0.2,12,0.3,0.01,0.008425850765875875,0.008425850765875875,0.3,2,false,true,candidate,005319
17,0.2,12,0.3,0.02,0.00842584671160762,0.00842584671160762,0.3,2,false,true,candidate,005320
17,0.2,12,0.5,0.005,0.0210802133933774,0.0210802133933774,0.5,2,false,true,candidate,005321
17,0.2,12,0.5,0.01,0.021080213064393893,0.021080213064393893,0.5,2,false,true,candidate,005322
17,0.2,12,0.5,0.02,0.021080206190884132,0.021080206190884132,0.5,2,false,true,candidate,005323
17,0.2,12,1.0,0.005,0.04668679874573378,0.04668679874573378,1.0,3,false,false,candidate,005324
17,0.2,12,1.0,0.01,0.04668679822504074,0.04668679822504074,1.0,3,false,false,candidate,005325
17,0.2,12,1.0,0.02,0.046686786590131035,0.046686786590131035,1.0,3,false,false,candidate,005326
17,0.2,12,3.0,0.005,0.07851094981165052,0.07851094981165052,3.0,6,true,false,candidate,005327
17,0.2,12,3.0,0.01,0.07851094899042455,0.07851094899042455,3.0,6,true,false,candidate,005328
17,0.2,12,3.0,0.02,0.07851092557967831,0.07851092557967831,3.0,6,true,false,candidate,005329
17,0.2,16,0.3,0.005,0.008029238206383574,0.008029238206383574,0.3,1,false,true,candidate,005330
17,0.2,16,0.3,0.01,0.008029238292743605,0.008029238292743605,0.3,1,false,true,candidate,005331
17,0.2,16,0.3,0.02,0.008029245922529297,0.008029245922529297,0.3,1,false,true,candidate,005332
17,0.2,16,0.5,0.005,0.012687075346282667,0.012687075346282667,0.5,1,false,true,candidate,005333
17,0.2,16,0.5,0.01,0.012687075624196248,0.012687075624196248,0.5,1,false,true,candidate,005334
17,0.2,16,0.5,0.02,0.012687090349008839,0.012687090349008839,0.5,1,false,true,candidate,005335
17,0.2,16,1.0,0.005,0.01273526939536152,0.004930758271987526,0.52,3,false,true,candidate,005336
17,0.2,16,1.0,0.01,0.012735269704638568,0.004930758930059789,0.52,3,false,true,candidate,005337
17,0.2,16,1.0,0.02,0.012735285335360063,0.004930790002279364,0.52,3,false,true,candidate,005338
17,0.2,16,3.0,0.005,0.09827453702726067,0.09827453702726067,3.0,6,true,false,candidate,005339
17,0.2,16,3.0,0.01,0.09827454004952678,0.09827454004952678,3.0,6,true,false,candidate,005340
17,0.2,16,3.0,0.02,0.09827464616033792,0.09827464616033792,3.0,6,true,false,candidate,005341
17,0.25,4,0.3,0.005,0.005593135572376395,0.005593135572376395,0.3,3,false,true,candidate,005342
17,0.25,4,0.3,0.01,0.005593135568171537,0.005593135568171537,0.3,3,false,true,candidate,005343
17,0.25,4,0.3,0.02,0.005593135431567697,0.005593135431567697,0.3,3,false,true,candidate,005344
17,0.25,4,0.5,0.005,0.013503968298310909,0.013503968298310909,0.5,3,false,true,candidate,005345
17,0.25,4,0.5,0.01,0.013503968288566481,0.013503968288566481,0.5,3,false,true,candidate,005346
17,0.25,4,0.5,0.02,0.013503968016291612,0.013503968016291612,0.5,3,false,true,candidate,005347
17,0.25,4,1.0,0.005,0.033503539169029484,0.033503539169029484,1.0,3,false,false,candidate,005348
17,0.25,4,1.0,0.01,0.03350353915915916,0.03350353915915916,1.0,3,false,false,candidate,005349
17,0.25,4,1.0,0.02,0.03350353876444889,0.03350353876444889,1.0,3,false,false,candidate,005350
17,0.25,4,3.0,0.005,0.03656266765962579,0.01098986908229782,1.24,4,true,false,candidate,005351
17,0.25,4,3.0,0.01,0.0365626676622266,0.01098986902786192,1.24,4,true,false,candidate,005352
17,0.25,4,3.0,0.02,0.03656266741010272,0.010989868837755434,1.24,4,true,false,candidate,005353
17,0.25,6,0.3,0.005,0.00017664144295459486,0.00014095069152786357,0.24,1,false,true,candidate,005354
17,0.25,6,0.3,0.01,0.00017664144246609673,0.00014095069082420422,0.24,1,false,true,candidate,005355
17,0.25,6,0.3,0.02,0.00017664139494255607,0.00014095062986207998,0.24,1,false,true,candidate,005356
17,0.25,6,0.5,0.005,0.0008009042326307948,0.0008009042326307948,0.5,1,false,true,candidate,005357
17,0.25,6,0.5,0.01,0.0008009042333698703,0.0008009042333698703,0.5,1,false,true,candidate,005358
17,0.25,6,0.5,0.02,0.0008009043283759844,0.0008009043283759844,0.5,1,false,true,candidate,005359
17,0.25,6,1.0,0.005,0.010861401252020843,0.010861401252020843,1.0,1,false,true,candidate,005360
17,0.25,6,1.0,0.01,0.010861401246174409,0.010861401246174409,1.0,1,false,true,candidate,005361
17,0.25,6,1.0,0.02,0.010861401318299603,0.010861401318299603,1.0,1,false,true,candidate,005362
17,0.25,6,3.0,0.005,0.023679885650406244,0.0035733878059897033,1.6400000000000001,4,true,true,candidate,005363
17,0.25,6,3.0,0.01,0.02367988565640911,0.0035733877740010693,1.6400000000000001,4,true,true,candidate,005364
17,0.25,6,3.0,0.02,0.023679886018226685,0.0035733867645230126,1.6400000000000001,4,true,true,candidate,005365
17,0.25,8,0.3,0.005,0.002292260321872463,0.002292260321872463,0.3,2,false,true,candidate,005366
17,0.25,8,0.3,0.01,0.002292260289893599,0.002292260289893599,0.3,2,false,true,candidate,005367
17,0.25,8,0.3,0.02,0.0022922594618091092,0.0022922594618091092,0.3,2,false,true,candidate,005368
17,0.25,8,0.5,0.005,0.003923015282393471,0.003923015282393471,0.5,2,false,true,candidate,005369
17,0.25,8,0.5,0.01,0.003923015230573367,0.003923015230573367,0.5,2,false,true,candidate,005370
17,0.25,8,0.5,0.02,0.003923013871574676,0.003923013871574676,0.5,2,false,true,candidate,005371
17,0.25,8,1.0,0.005,0.004180102133807261,0.0021732567019274725,0.605,3,false,true,candidate,005372
17,0.25,8,1.0,0.01,0.004180068948103076,0.0021732566030283613,0.61,3,false,true,candidate,005373
17,0.25,8,1.0,0.02,0.004179027538251833,0.0021732539601349017,0.6,3,false,true,candidate,005374
17,0.25,8,3.0,0.005,0.026967466432101343,0.015664034818302804,2.215,4,true,true,candidate,005375
17,0.25,8,3.0,0.01,0.02696734814228096,0.01566403430978291,2.22,4,true,true,candidate,005376
17,0.25,8,3.0,0.02,0.026967340900346796,0.015664022887952985,2.22,4,true,true,candidate,005377
17,0.25,12,0.3,0.005,0.008425850959940862,0.008425850959940862,0.3,2,false,true,candidate,005378
17,0.25,12,0.3,0.01,0.008425850765875875,0.008425850765875875,0.3,2,false,true,candidate,005379
17,0.25,12,0.3,0.02,0.00842584671160762,0.00842584671160762,0.3,2,false,true,candidate,005380
17,0.25,12,0.5,0.005,0.0210802133933774,0.0210802133933774,0.5,2,false,true,candidate,005381
17,0.25,12,0.5,0.01,0.021080213064393893,0.021080213064393893,0.5,2,false,true,candidate,005382
17,0.25,12,0.5,0.02,0.021080206190884132,0.021080206190884132,0.5,2,false,true,candidate,005383
17,0.25,12,1.0,0.005,0.04668679874573378,0.04668679874573378,1.0,2,false,false,candidate,005384
17,0.25,12,1.0,0.01,0.04668679822504074,0.04668679822504074,1.0,2,false,false,candidate,005385
17,0.25,12,1.0,0.02,0.046686786590131035,0.046686786590131035,1.0,2,false,false,candidate,005386
17,0.25,12,3.0,0.005,0.07851094981165052,0.07851094981165052,3.0,6,true,false,candidate,005387
17,0.25,12,3.0,0.01,0.07851094899042455,0.07851094899042455,3.0,6,true,false,candidate,005388
17,0.25,12,3.0,0.02,0.07851092557967831,0.07851092557967831,3.0,6,true,false,candidate,005389
17,0.25,16,0.3,0.005,0.008029238206383574,0.008029238206383574,0.3,0,false,true,candidate,005390
17,0.25,16,0.3,0.01,0.008029238292743605,0.008029238292743605,0.3,0,false,true,candidate,005391
17,0.25,16,0.3,0.02,0.008029245922529297,0.008029245922529297,0.3,0,false,true,candidate,005392
17,0.25,16,0.5,0.005,0.012687075346282667,0.012687075346282667,0.5,1,false,true,candidate,005393
17,0.25,16,0.5,0.01,0.012687075624196248,0.012687075624196248,0.5,1,false,true,candidate,005394
17,0.25,16,0.5,0.02,0.012687090349008839,0.012687090349008839,0.5,1,false,true,candidate,005395
17,0.25,16,1.0,0.005,0.01273526939536152,0.004930758271987526,0.52,2,false,true,candidate,005396
17,0.25,16,1.0,0.01,0.012735269704638568,0.004930758930059789,0.52,2,false,true,candidate,005397
17,0.25,16,1.0,0.02,0.012735285335360063,0.004930790002279364,0.52,2,false,true,candidate,005398
17,0.25,16,3.0,0.005,0.09827453702726067,0.09827453702726067,3.0,4,true,false,candidate,005399
17,0.25,16,3.0,0.01,0.09827454004952678,0.09827454004952678,3.0,4,true,false,candidate,005400
17,0.25,16,3.0,0.02,0.09827464616033792,0.09827464616033792,3.0,4,true,false,candidate,005401
18,0.05,4,0.3,0.005,0.0018908518659501723,0.0018908518659501723,0.3,4,true,true,candidate,005402
18,0.05,4,0.3,0.01,0.001890851868253552,0.001890851868253552,0.3,4,true,true,candidate,005403
18,0.05,4,0.3,0.02,0.001890851908331937,0.001890851908331937,0.3,4,true,true,candidate,005404
18,0.05,4,0.5,0.005,0.00608820844693936,0.00608820844693936,0.5,4,true,true,candidate,005405
18,0.05,4,0.5,0.01,0.0060882084491623596,0.0060882084491623596,0.5,4,true,true,candidate,005406
18,0.05,4,0.5,0.02,0.006088208490234838,0.006088208490234838,0.5,4,true,true,candidate,005407
18,0.05,4,1.0,0.005,0.034798690362503173,0.034798690362503173,1.0,4,true,false,candidate,005408
18,0.05,4,1.0,0.01,0.03479869035740547,0.03479869035740547,1.0,4,true,false,candidate,005409
18,0.05,4,1.0,0.02,0.03479869028678796,0.03479869028678796,1.0,4,true,false,candidate,005410
18,0.05,4,3.0,0.005,0.15288359177609684,0.12242259899194545,2.43,4,true,false,candidate,005411
18,0.05,4,3.0,0.01,0.15288359177387317,0.12242259902563905,2.43,4,true,false,candidate,005412
18,0.05,4,3.0,0.02,0.1528739146110622,0.12242259958709693,2.42,4,true,false,candidate,005413
18,0.05,6,0.3,0.005,0.0056728004138040244,0.0056728004138040244,0.3,6,true,true,candidate,005414
18,0.05,6,0.3,0.01,0.005672800405313927,0.005672800405313927,0.3,6,true,true,candidate,005415
18,0.05,6,0.3,0.02,0.005672800415388535,0.005672800415388535,0.3,6,true,true,candidate,005416
18,0.05,6,0.5,0.005,0.015515663749027575,0.015515663749027575,0.5,6,true,true,candidate,005417
18,0.05,6,0.5,0.01,0.015515663722105222,0.015515663722105222,0.5,6,true,true,candidate,005418
18,0.05,6,0.5,0.02,0.015515663532083113,0.015515663532083113,0.5,6,true,true,candidate,005419
18,0.05,6,1.0,0.005,0.045113513444858255,0.045113513444858255,1.0,6,true,false,candidate,005420
18,0.05,6,1.0,0.01,0.045113513395563465,0.045113513395563465,1.0,6,true,false,candidate,005421
18,0.05,6,1.0,0.02,0.04511351307018141,0.04511351307018141,1.0,6,true,false,candidate,005422
18,0.05,6,3.0,0.005,0.13314266397205776,0.13314266397205776,3.0,6,true,false,candidate,005423
18,0.05,6,3.0,0.01,0.13314266365108907,0.13314266365108907,3.0,6,true,false,candidate,005424
18,0.05,6,3.0,0.02,0.13314265982967066,0.13314265982967066,3.0,6,true,false,candidate,005425
18,0.05,8,0.3,0.005,0.00805739640298997,0.00805739640298997,0.3,8,true,true,candidate,005426
18,0.05,8,0.3,0.01,0.00805739638120806,0.00805739638120806,0.3,8,true,true,candidate,005427
18,0.05,8,0.3,0.02,0.008057395541243073,0.008057395541243073,0.3,8,true,true,candidate,005428
18,0.05,8,0.5,0.005,0.021968052086334122,0.021968052086334122,0.5,8,true,true,candidate,005429
18,0.05,8,0.5,0.01,0.021968052024297968,0.021968052024297968,0.5,8,true,true,candidate,005430
18,0.05,8,0.5,0.02,0.02196805020749326,0.02196805020749326,0.5,8,true,true,candidate,005431
18,0.05,8,1.0,0.005,0.06249075312467678,0.06249075312467678,1.0,8,true,false,candidate,005432
18,0.05,8,1.0,0.01,0.0624907530089136,0.0624907530089136,1.0,8,true,false,candidate,005433
18,0.05,8,1.0,0.02,0.0624907494785909,0.0624907494785909,1.0,8,true,false,candidate,005434
18,0.05,8,3.0,0.005,0.07646551177979144,0.0626718725152211,1.43,8,true,false,candidate,005435
18,0.05,8,3.0,0.01,0.07646551173292204,0.06267187249907069,1.43,8,true,false,candidate,005436
18,0.05,8,3.0,0.02,0.07646094037985085,0.06267186728611107,1.42,8,true,false,candidate,005437
18,0.05,12,0.3,0.005,0.007973415370039481,0.007973415370039481,0.3,12,true,true,candidate,005438
18,0.05,12,0.3,0.01,0.00797341521316408,0.00797341521316408,0.3,12,true,true,candidate,005439
18,0.05,12,0.3,0.02,0.00797341146675956,0.00797341146675956,0.3,12,true,true,candidate,005440
18,0.05,12,0.5,0.005,0.01613231477673915,0.01613231477673915,0.5,12,true,true,candidate,005441
18,0.05,12,0.5,0.01,0.016132314538978672,0.016132314538978672,0.5,12,true,true,candidate,005442
18,0.05,12,0.5,0.02,0.016132308641928935,0.016132308641928935,0.5,12,true,true,candidate,005443
18,0.05,12,1.0,0.005,0.026143029673375777,0.026143029673375777,1.0,12,true,true,candidate,005444
18,0.05,12,1.0,0.01,0.026143029513362885,0.026143029513362885,1.0,12,true,true,candidate,005445
18,0.05,12,1.0,0.02,0.02614302275523172,0.02614302275523172,1.0,12,true,true,candidate,005446
18,0.05,12,3.0,0.005,0.0406315388086198,0.0406315388086198,3.0,12,true,false,candidate,005447
18,0.05,12,3.0,0.01,0.040631538227090085,0.040631538227090085,3.0,12,true,false,candidate,005448
18,0.05,12,3.0,0.02,0.04063151660877628,0.04063151660877628,3.0,12,true,false,candidate,005449
18,0.05,16,0.3,0.005,0.0020294203371969965,0.0020294203371969965,0.3,16,true,true,candidate,005450
18,0.05,16,0.3,0.01,0.002029420548526617,0.002029420548526617,0.3,16,true,true,candidate,005451
18,0.05,16,0.3,0.02,0.002029427554752661,0.002029427554752661,0.3,16,true,true,candidate,005452
18,0.05,16,0.5,0.005,0.0020473875225393012,0.0007945919550473857,0.32,16,true,true,candidate,005453
18,0.05,16,0.5,0.01,0.0020473877633889748,0.0007945925389145625,0.32,16,true,true,candidate,005454
18,0.05,16,0.5,0.02,0.0020473954826876195,0.0007946079549380203,0.32,16,true,true,candidate,005455
18,0.05,16,1.0,0.005,0.0020691392233349593,0.0004946216783731083,0.78,16,true,true,candidate,005456
18,0.05,16,1.0,0.01,0.002069138160090578,0.0004946229310852646,0.78,16,true,true,candidate,005457
18,0.05,16,1.0,0.02,0.0020691114611133266,0.0004946555109929252,0.78,16,true,true,candidate,005458
18,0.05,16,3.0,0.005,0.008027297708481873,0.002423737526195957,2.17,16,true,true,candidate,005459
18,0.05,16,3.0,0.01,0.008027294068148061,0.0024237349650375606,2.17,16,true,true,candidate,005460
18,0.05,16,3.0,0.02,0.008022914617384025,0.002423653876319154,2.18,16,true,true,candidate,005461
18,0.1,4,0.3,0.005,0.0018908518659501723,0.0018908518659501723,0.3,4,true,true,candidate,005462
18,0.1,4,0.3,0.01,0.001890851868253552,0.001890851868253552,0.3,4,true,true,candidate,005463
18,0.1,4,0.3,0.02,0.001890851908331937,0.001890851908331937,0.3,4,true,true,candidate,005464
18,0.1,4,0.5,0.005,0.00608820844693936,0.00608820844693936,0.5,4,true,true,candidate,005465
18,0.1,4,0.5,0.01,0.0060882084491623596,0.0060882084491623596,0.5,4,true,true,candidate,005466
18,0.1,4,0.5,0.02,0.006088208490234838,0.006088208490234838,0.5,4,true,true,candidate,005467
18,0.1,4,1.0,0.005,0.034798690362503173,0.034798690362503173,1.0,4,true,false,candidate,005468
18,0.1,4,1.0,0.01,0.03479869035740547,0.03479869035740547,1.0,4,true,false,candidate,005469
18,0.1,4,1.0,0.02,0.03479869028678796,0.03479869028678796,1.0,4,true,false,candidate,005470
18,0.1,4,3.0,0.005,0.15288359177609684,0.12242259899194545,2.43,4,true,false,candidate,005471
18,0.1,4,3.0,0.01,0.15288359177387317,0.12242259902563905,2.43,4,true,false,candidate,005472
18,0.1,4,3.0,0.02,0.1528739146110622,0.12242259958709693,2.42,4,true,false,candidate,005473
18,0.1,6,0.3,0.005,0.0056728004138040244,0.0056728004138040244,0.3,6,true,true,candidate,005474
18,0.1,6,0.3,0.01,0.005672800405313927,0.005672800405313927,0.3,6,true,true,candidate,005475
18,0.1,6,0.3,0.02,0.005672800415388535,0.005672800415388535,0.3,6,true,true,candidate,005476
18,0.1,6,0.5,0.005,0.015515663749027575,0.015515663749027575,0.5,6,true,true,candidate,005477
18,0.1,6,0.5,0.01,0.015515663722105222,0.015515663722105222,0.5,6,true,true,candidate,005478
18,0.1,6,0.5,0.02,0.015515663532083113,0.015515663532083113,0.5,6,true,true,candidate,005479
18,0.1,6,1.0,0.005,0.045113513444858255,0.045113513444858255,1.0,6,true,false,candidate,005480
18,0.1,6,1.0,0.01,0.045113513395563465,0.045113513395563465,1.0,6,true,false,candidate,005481
18,0.1,6,1.0,0.02,0.04511351307018141,0.04511351307018141,1.0,6,true,false,candidate,005482
18,0.1,6,3.0,0.005,0.13314266397205776,0.13314266397205776,3.0,6,true,false,candidate,005483
18,0.1,6,3.0,0.01,0.13314266365108907,0.13314266365108907,3.0,6,true,false,candidate,005484
18,0.1,6,3.0,0.02,0.13314265982967066,0.13314265982967066,3.0,6,true,false,candidate,005485
18,0.1,8,0.3,0.005,0.00805739640298997,0.00805739640298997,0.3,8,true,true,candidate,005486
18,0.1,8,0.3,0.01,0.00805739638120806,0.00805739638120806,0.3,8,true,true,candidate,005487
18,0.1,8,0.3,0.02,0.008057395541243073,0.008057395541243073,0.3,8,true,true,candidate,005488
18,0.1,8,0.5,0.005,0.021968052086334122,0.021968052086334122,0.5,8,true,true,candidate,005489
18,0.1,8,0.5,0.01,0.021968052024297968,0.021968052024297968,0.5,8,true,true,candidate,005490
18,0.1,8,0.5,0.02,0.02196805020749326,0.02196805020749326,0.5,8,true,true,candidate,005491
18,0.1,8,1.0,0.005,0.06249075312467678,0.06249075312467678,1.0,8,true,false,candidate,005492
18,0.1,8,1.0,0.01,0.0624907530089136,0.0624907530089136,1.0,8,true,false,candidate,005493
18,0.1,8,1.0,0.02,0.0624907494785909,0.0624907494785909,1.0,8,true,false,candidate,005494
18,0.1,8,3.0,0.005,0.07646551177979144,0.0626718725152211,1.43,8,true,false,candidate,005495
18,0.1,8,3.0,0.01,0.07646551173292204,0.06267187249907069,1.43,8,true,false,candidate,005496
18,0.1,8,3.0,0.02,0.07646094037985085,0.06267186728611107,1.42,8,true,false,candidate,005497
18,0.1,12,0.3,0.005,0.007973415370039481,0.007973415370039481,0.3,5,true,true,candidate,005498
18,0.1,12,0.3,0.01,0.00797341521316408,0.00797341521316408,0.3,5,true,true,candidate,005499
18,0.1,12,0.3,0.02,0.00797341146675956,0.00797341146675956,0.3,5,true,true,candidate,005500
18,0.1,12,0.5,0.005,0.01613231477673915,0.01613231477673915,0.5,5,true,true,candidate,005501
18,0.1,12,0.5,0.01,0.016132314538978672,0.016132314538978672,0.5,5,true,true,candidate,005502
18,0.1,12,0.5,0.02,0.016132308641928935,0.016132308641928935,0.5,5,true,true,candidate,005503
18,0.1,12,1.0,0.005,0.026143029673375777,0.026143029673375777,1.0,7,true,true,candidate,005504
18,0.1,12,1.0,0.01,0.026143029513362885,0.026143029513362885,1.0,7,true,true,candidate,005505
18,0.1,12,1.0,0.02,0.02614302275523172,0.02614302275523172,1.0,7,true,true,candidate,005506
18,0.1,12,3.0,0.005,0.0406315388086198,0.0406315388086198,3.0,11,true,false,candidate,005507
18,0.1,12,3.0,0.01,0.040631538227090085,0.040631538227090085,3.0,11,true,false,candidate,005508
18,0.1,12,3.0,0.02,0.04063151660877628,0.04063151660877628,3.0,11,true,false,candidate,005509
18,0.1,16,0.3,0.005,0.0020294203371969965,0.0020294203371969965,0.3,4,true,true,candidate,005510
18,0.1,16,0.3,0.01,0.002029420548526617,0.002029420548526617,0.3,4,true,true,candidate,005511
18,0.1,16,0.3,0.02,0.002029427554752661,0.002029427554752661,0.3,4,true,true,candidate,005512
18,0.1,16,0.5,0.005,0.0020473875225393012,0.0007945919550473857,0.32,5,true,true,candidate,005513
18,0.1,16,0.5,0.01,0.0020473877633889748,0.0007945925389145625,0.32,5,true,true,candidate,005514
18,0.1,16,0.5,0.02,0.0020473954826876195,0.0007946079549380203,0.32,5,true,true,candidate,005515
18,0.1,16,1.0,0.005,0.0020691392233349593,0.0004946216783731083,0.78,7,true,true,candidate,005516
18,0.1,16,1.0,0.01,0.002069138160090578,0.0004946229310852646,0.78,7,true,true,candidate,005517
18,0.1,16,1.0,0.02,0.0020691114611133266,0.0004946555109929252,0.78,7,true,true,candidate,005518
18,0.1,16,3.0,0.005,0.008027297708481873,0.002423737526195957,2.17,13,true,true,candidate,005519
18,0.1,16,3.0,0.01,0.008027294068148061,0.0024237349650375606,2.17,13,true,true,candidate,005520
18,0.1,16,3.0,0.02,0.008022914617384025,0.002423653876319154,2.18,13,true,true,candidate,005521
18,0.15,4,0.3,0.005,0.0018908518659501723,0.0018908518659501723,0.3,4,true,true,candidate,005522
18,0.15,4,0.3,0.01,0.001890851868253552,0.001890851868253552,0.3,4,true,true,candidate,005523
18,0.15,4,0.3,0.02,0.001890851908331937,0.001890851908331937,0.3,4,true,true,candidate,005524
18,0.15,4,0.5,0.005,0.00608820844693936,0.00608820844693936,0.5,4,true,true,candidate,005525
18,0.15,4,0.5,0.01,0.0060882084491623596,0.0060882084491623596,0.5,4,true,true,candidate,005526
18,0.15,4,0.5,0.02,0.006088208490234838,0.006088208490234838,0.5,4,true,true,candidate,005527
18,0.15,4,1.0,0.005,0.034798690362503173,0.034798690362503173,1.0,4,true,false,candidate,005528
18,0.15,4,1.0,0.01,0.03479869035740547,0.03479869035740547,1.0,4,true,false,candidate,005529
18,0.15,4,1.0,0.02,0.03479869028678796,0.03479869028678796,1.0,4,true,false,candidate,005530
18,0.15,4,3.0,0.005,0.15288359177609684,0.12242259899194545,2.43,4,true,false,candidate,005531
18,0.15,4,3.0,0.01,0.15288359177387317,0.12242259902563905,2.43,4,true,false,candidate,005532
18,0.15,4,3.0,0.02,0.1528739146110622,0.12242259958709693,2.42,4,true,false,candidate,005533
18,0.15,6,0.3,0.005,0.0056728004138040244,0.0056728004138040244,0.3,6,true,true,candidate,005534
18,0.15,6,0.3,0.01,0.005672800405313927,0.005672800405313927,0.3,6,true,true,candidate,005535
18,0.15,6,0.3,0.02,0.005672800415388535,0.005672800415388535,0.3,6,true,true,candidate,005536
18,0.15,6,0.5,0.005,0.015515663749027575,0.015515663749027575,0.5,6,true,true,candidate,005537
18,0.15,6,0.5,0.01,0.015515663722105222,0.015515663722105222,0.5,6,true,true,candidate,005538
18,0.15,6,0.5,0.02,0.015515663532083113,0.015515663532083113,0.5,6,true,true,candidate,005539
18,0.15,6,1.0,0.005,0.045113513444858255,0.045113513444858255,1.0,6,true,false,candidate,005540
18,0.15,6,1.0,0.01,0.045113513395563465,0.045113513395563465,1.0,6,true,false,candidate,005541
18,0.15,6,1.0,0.02,0.04511351307018141,0.04511351307018141,1.0,6,true,false,candidate,005542
18,0.15,6,3.0,0.005,0.13314266397205776,0.13314266397205776,3.0,6,true,false,candidate,005543
18,0.15,6,3.0,0.01,0.13314266365108907,0.13314266365108907,3.0,6,true,false,candidate,005544
18,0.15,6,3.0,0.02,0.13314265982967066,0.13314265982967066,3.0,6,true,false,candidate,005545
18,0.15,8,0.3,0.005,0.00805739640298997,0.00805739640298997,0.3,3,false,true,candidate,005546
18,0.15,8,0.3,0.01,0.00805739638120806,0.00805739638120806,0.3,3,false,true,candidate,005547
18,0.15,8,0.3,0.02,0.008057395541243073,0.008057395541243073,0.3,3,false,true,candidate,005548
18,0.15,8,0.5,0.005,0.021968052086334122,0.021968052086334122,0.5,3,false,true,candidate,005549
18,0.15,8,0.5,0.01,0.021968052024297968,0.021968052024297968,0.5,3,false,true,candidate,005550
18,0.15,8,0.5,0.02,0.02196805020749326,0.02196805020749326,0.5,3,false,true,candidate,005551
18,0.15,8,1.0,0.005,0.06249075312467678,0.06249075312467678,1.0,4,true,false,candidate,005552
18,0.15,8,1.0,0.01,0.0624907530089136,0.0624907530089136,1.0,4,true,false,candidate,005553
18,0.15,8,1.0,0.02,0.0624907494785909,0.0624907494785909,1.0,4,true,false,candidate,005554
18,0.15,8,3.0,0.005,0.07646551177979144,0.0626718725152211,1.43,6,true,false,candidate,005555
18,0.15,8,3.0,0.01,0.07646551173292204,0.06267187249907069,1.43,6,true,false,candidate,005556
18,0.15,8,3.0,0.02,0.07646094037985085,0.06267186728611107,1.42,6,true,false,candidate,005557
18,0.15,12,0.3,0.005,0.007973415370039481,0.007973415370039481,0.3,1,false,true,candidate,005558
18,0.15,12,0.3,0.01,0.00797341521316408,0.00797341521316408,0.3,1,false,true,candidate,005559
18,0.15,12,0.3,0.02,0.00797341146675956,0.00797341146675956,0.3,1,false,true,candidate,005560
18,0.15,12,0.5,0.005,0.01613231477673915,0.01613231477673915,0.5,1,false,true,candidate,005561
18,0.15,12,0.5,0.01,0.016132314538978672,0.016132314538978672,0.5,1,false,true,candidate,005562
18,0.15,12,0.5,0.02,0.016132308641928935,0.016132308641928935,0.5,1,false,true,candidate,005563
18,0.15,12,1.0,0.005,0.026143029673375777,0.026143029673375777,1.0,2,false,true,candidate,005564
18,0.15,12,1.0,0.01,0.026143029513362885,0.026143029513362885,1.0,2,false,true,candidate,005565
18,0.15,12,1.0,0.02,0.02614302275523172,0.02614302275523172,1.0,2,false,true,candidate,005566
18,0.15,12,3.0,0.005,0.0406315388086198,0.0406315388086198,3.0,8,true,false,candidate,005567
18,0.15,12,3.0,0.01,0.040631538227090085,0.040631538227090085,3.0,8,true,false,candidate,005568
18,0.15,12,3.0,0.02,0.04063151660877628,0.04063151660877628,3.0,8,true,false,candidate,005569
18,0.15,16,0.3,0.005,0.0020294203371969965,0.0020294203371969965,0.3,2,false,true,candidate,005570
18,0.15,16,0.3,0.01,0.002029420548526617,0.002029420548526617,0.3,2,false,true,candidate,005571
18,0.15,16,0.3,0.02,0.002029427554752661,0.002029427554752661,0.3,2,false,true,candidate,005572
18,0.15,16,0.5,0.005,0.0020473875225393012,0.0007945919550473857,0.32,3,false,true,candidate,005573
18,0.15,16,0.5,0.01,0.0020473877633889748,0.0007945925389145625,0.32,3,false,true,candidate,005574
18,0.15,16,0.5,0.02,0.0020473954826876195,0.0007946079549380203,0.32,3,false,true,candidate,005575
18,0.15,16,1.0,0.005,0.0020691392233349593,0.0004946216783731083,0.78,5,true,true,candidate,005576
18,0.15,16,1.0,0.01,0.002069138160090578,0.0004946229310852646,0.78,5,true,true,candidate,005577
18,0.15,16,1.0,0.02,0.0020691114611133266,0.0004946555109929252,0.78,5,true,true,candidate,005578
18,0.15,16,3.0,0.005,0.008027297708481873,0.002423737526195957,2.17,11,true,true,candidate,005579
18,0.15,16,3.0,0.01,0.008027294068148061,0.0024237349650375606,2.17,11,true,true,candidate,005580
18,0.15,16,3.0,0.02,0.008022914617384025,0.002423653876319154,2.18,11,true,true,candidate,005581
18,0.2,4,0.3,0.005,0.0018908518659501723,0.0018908518659501723,0.3,4,true,true,candidate,005582
18,0.2,4,0.3,0.01,0.001890851868253552,0.001890851868253552,0.3,4,true,true,candidate,005583
18,0.2,4,0.3,0.02,0.001890851908331937,0.001890851908331937,0.3,4,true,true,candidate,005584
18,0.2,4,0.5,0.005,0.00608820844693936,0.00608820844693936,0.5,4,true,true,candidate,005585
18,0.2,4,0.5,0.01,0.0060882084491623596,0.0060882084491623596,0.5,4,true,true,candidate,005586
18,0.2,4,0.5,0.02,0.006088208490234838,0.006088208490234838,0.5,4,true,true,candidate,005587
18,0.2,4,1.0,0.005,0.034798690362503173,0.034798690362503173,1.0,4,true,false,candidate,005588
18,0.2,4,1.0,0.01,0.03479869035740547,0.03479869035740547,1.0,4,true,false,candidate,005589
18,0.2,4,1.0,0.02,0.03479869028678796,0.03479869028678796,1.0,4,true,false,candidate,005590
18,0.2,4,3.0,0.005,0.15288359177609684,0.12242259899194545,2.43,4,true,false,candidate,005591
18,0.2,4,3.0,0.01,0.15288359177387317,0.12242259902563905,2.43,4,true,false,candidate,005592
18,0.2,4,3.0,0.02,0.1528739146110622,0.12242259958709693,2.42,4,true,false,candidate,005593
18,0.2,6,0.3,0.005,0.0056728004138040244,0.0056728004138040244,0.3,2,false,true,candidate,005594
18,0.2,6,0.3,0.01,0.005672800405313927,0.005672800405313927,0.3,2,false,true,candidate,005595
18,0.2,6,0.3,0.02,0.005672800415388535,0.005672800415388535,0.3,2,false,true,candidate,005596
18,0.2,6,0.5,0.005,0.015515663749027575,0.015515663749027575,0.5,2,false,true,candidate,005597
18,0.2,6,0.5,0.01,0.015515663722105222,0.015515663722105222,0.5,2,false,true,candidate,005598
18,0.2,6,0.5,0.02,0.015515663532083113,0.015515663532083113,0.5,2,false,true,candidate,005599
18,0.2,6,1.0,0.005,0.045113513444858255,0.045113513444858255,1.0,3,false,false,candidate,005600
18,0.2,6,1.0,0.01,0.045113513395563465,0.045113513395563465,1.0,3,false,false,candidate,005601
18,0.2,6,1.0,0.02,0.04511351307018141,0.04511351307018141,1.0,3,false,false,candidate,005602
18,0.2,6,3.0,0.005,0.13314266397205776,0.13314266397205776,3.0,5,true,false,candidate,005603
18,0.2,6,3.0,0.01,0.13314266365108907,0.13314266365108907,3.0,5,true,false,candidate,005604
18,0.2,6,3.0,0.02,0.13314265982967066,0.13314265982967066,3.0,5,true,false,candidate,005605
18,0.2,8,0.3,0.005,0.00805739640298997,0.00805739640298997,0.3,2,false,true,candidate,005606
18,0.2,8,0.3,0.01,0.00805739638120806,0.00805739638120806,0.3,2,false,true,candidate,005607
18,0.2,8,0.3,0.02,0.008057395541243073,0.008057395541243073,0.3,2,false,true,candidate,005608
18,0.2,8,0.5,0.005,0.021968052086334122,0.021968052086334122,0.5,2,false,true,candidate,005609
18,0.2,8,0.5,0.01,0.021968052024297968,0.021968052024297968,0.5,2,false,true,candidate,005610
18,0.2,8,0.5,0.02,0.02196805020749326,0.02196805020749326,0.5,2,false,true,candidate,005611
18,0.2,8,1.0,0.005,0.06249075312467678,0.06249075312467678,1.0,3,false,false,candidate,005612
18,0.2,8,1.0,0.01,0.0624907530089136,0.0624907530089136,1.0,3,false,false,candidate,005613
18,0.2,8,1.0,0.02,0.0624907494785909,0.0624907494785909,1.0,3,false,false,candidate,005614
18,0.2,8,3.0,0.005,0.07646551177979144,0.0626718725152211,1.43,6,true,false,candidate,005615
18,0.2,8,3.0,0.01,0.07646551173292204,0.06267187249907069,1.43,6,true,false,candidate,005616
18,0.2,8,3.0,0.02,0.07646094037985085,0.06267186728611107,1.42,6,true,false,candidate,005617
18,0.2,12,0.3,0.005,0.007973415370039481,0.007973415370039481,0.3,1,false,true,candidate,005618
18,0.2,12,0.3,0.01,0.00797341521316408,0.00797341521316408,0.3,1,false,true,candidate,005619
18,0.2,12,0.3,0.02,0.00797341146675956,0.00797341146675956,0.3,1,false,true,candidate,005620
18,0.2,12,0.5,0.005,0.01613231477673915,0.01613231477673915,0.5,1,false,true,candidate,005621
18,0.2,12,0.5,0.01,0.016132314538978672,0.016132314538978672,0.5,1,false,true,candidate,005622
18,0.2,12,0.5,0.02,0.016132308641928935,0.016132308641928935,0.5,1,false,true,candidate,005623
18,0.2,12,1.0,0.005,0.026143029673375777,0.026143029673375777,1.0,2,false,true,candidate,005624
18,0.2,12,1.0,0.01,0.026143029513362885,0.026143029513362885,1.0,2,false,true,candidate,005625
18,0.2,12,1.0,0.02,0.02614302275523172,0.02614302275523172,1.0,2,false,true,candidate,005626
18,0.2,12,3.0,0.005,0.0406315388086198,0.0406315388086198,3.0,8,true,false,candidate,005627
18,0.2,12,3.0,0.01,0.040631538227090085,0.040631538227090085,3.0,8,true,false,candidate,005628
18,0.2,12,3.0,0.02,0.04063151660877628,0.04063151660877628,3.0,8,true,false,candidate,005629
18,0.2,16,0.3,0.005,0.0020294203371969965,0.0020294203371969965,0.3,2,false,true,candidate,005630
18,0.2,16,0.3,0.01,0.002029420548526617,0.002029420548526617,0.3,2,false,true,candidate,005631
18,0.2,16,0.3,0.02,0.002029427554752661,0.002029427554752661,0.3,2,false,true,candidate,005632
18,0.2,16,0.5,0.005,0.0020473875225393012,0.0007945919550473857,0.32,2,false,true,candidate,005633
18,0.2,16,0.5,0.01,0.0020473877633889748,0.0007945925389145625,0.32,2,false,true,candidate,005634
18,0.2,16,0.5,0.02,0.0020473954826876195,0.0007946079549380203,0.32,2,false,true,candidate,005635
18,0.2,16,1.0,0.005,0.0020691392233349593,0.0004946216783731083,0.78,4,true,true,candidate,005636
18,0.2,16,1.0,0.01,0.002069138160090578,0.0004946229310852646,0.78,4,true,true,candidate,005637
18,0.2,16,1.0,0.02,0.0020691114611133266,0.0004946555109929252,0.78,4,true,true,candidate,005638
18,0.2,16,3.0,0.005,0.008027297708481873,0.002423737526195957,2.17,8,true,true,candidate,005639
18,0.2,16,3.0,0.01,0.008027294068148061,0.0024237349650375606,2.17,8,true,true,candidate,005640
18,0.2,16,3.0,0.02,0.008022914617384025,0.002423653876319154,2.18,8,true,true,candidate,005641
18,0.25,4,0.3,0.005,0.0018908518659501723,0.0018908518659501723,0.3,2,false,true,candidate,005642
18,0.25,4,0.3,0.01,0.001890851868253552,0.001890851868253552,0.3,2,false,true,candidate,005643
18,0.25,4,0.3,0.02,0.001890851908331937,0.001890851908331937,0.3,2,false,true,candidate,005644
18,0.25,4,0.5,0.005,0.00608820844693936,0.00608820844693936,0.5,2,false,true,candidate,005645
18,0.25,4,0.5,0.01,0.0060882084491623596,0.0060882084491623596,0.5,2,false,true,candidate,005646
18,0.25,4,0.5,0.02,0.006088208490234838,0.006088208490234838,0.5,2,false,true,candidate,005647
18,0.25,4,1.0,0.005,0.034798690362503173,0.034798690362503173,1.0,2,false,false,candidate,005648
18,0.25,4,1.0,0.01,0.03479869035740547,0.03479869035740547,1.0,2,false,false,candidate,005649
18,0.25,4,1.0,0.02,0.03479869028678796,0.03479869028678796,1.0,2,false,false,candidate,005650
18,0.25,4,3.0,0.005,0.15288359177609684,0.12242259899194545,2.43,2,false,false,candidate,005651
18,0.25,4,3.0,0.01,0.15288359177387317,0.12242259902563905,2.43,2,false,false,candidate,005652
18,0.25,4,3.0,0.02,0.1528739146110622,0.12242259958709693,2.42,2,false,false,candidate,005653
18,0.25,6,0.3,0.005,0.0056728004138040244,0.0056728004138040244,0.3,2,false,true,candidate,005654
18,0.25,6,0.3,0.01,0.005672800405313927,0.005672800405313927,0.3,2,false,true,candidate,005655
18,0.25,6,0.3,0.02,0.005672800415388535,0.005672800415388535,0.3,2,false,true,candidate,005656
18,0.25,6,0.5,0.005,0.015515663749027575,0.015515663749027575,0.5,2,false,true,candidate,005657
18,0.25,6,0.5,0.01,0.015515663722105222,0.015515663722105222,0.5,2,false,true,candidate,005658
18,0.25,6,0.5,0.02,0.015515663532083113,0.015515663532083113,0.5,2,false,true,candidate,005659
18,0.25,6,1.0,0.005,0.045113513444858255,0.045113513444858255,1.0,3,false,false,candidate,005660
18,0.25,6,1.0,0.01,0.045113513395563465,0.045113513395563465,1.0,3,false,false,candidate,005661
18,0.25,6,1.0,0.02,0.04511351307018141,0.04511351307018141,1.0,3,false,false,candidate,005662
18,0.25,6,3.0,0.005,0.13314266397205776,0.13314266397205776,3.0,5,true,false,candidate,005663
18,0.25,6,3.0,0.01,0.13314266365108907,0.13314266365108907,3.0,5,true,false,candidate,005664
18,0.25,6,3.0,0.02,0.13314265982967066,0.13314265982967066,3.0,5,true,false,candidate,005665
18,0.25,8,0.3,0.005,0.00805739640298997,0.00805739640298997,0.3,1,false,true,candidate,005666
18,0.25,8,0.3,0.01,0.00805739638120806,0.00805739638120806,0.3,1,false,true,candidate,005667
18,0.25,8,0.3,0.02,0.008057395541243073,0.008057395541243073,0.3,1,false,true,candidate,005668
18,0.25,8,0.5,0.005,0.021968052086334122,0.021968052086334122,0.5,2,false,true,candidate,005669
18,0.25,8,0.5,0.01,0.021968052024297968,0.021968052024297968,0.5,2,false,true,candidate,005670
18,0.25,8,0.5,0.02,0.02196805020749326,0.02196805020749326,0.5,2,false,true,candidate,005671
18,0.25,8,1.0,0.005,0.06249075312467678,0.06249075312467678,1.0,3,false,false,candidate,005672
18,0.25,8,1.0,0.01,0.0624907530089136,0.0624907530089136,1.0,3,false,false,candidate,005673
18,0.25,8,1.0,0.02,0.0624907494785909,0.0624907494785909,1.0,3,false,false,candidate,005674
18,0.25,8,3.0,0.005,0.07646551177979144,0.0626718725152211,1.43,5,true,false,candidate,005675
18,0.25,8,3.0,0.01,0.07646551173292204,0.06267187249907069,1.43,5,true,false,candidate,005676
18,0.25,8,3.0,0.02,0.07646094037985085,0.06267186728611107,1.42,5,true,false,candidate,005677
18,0.25,12,0.3,0.005,0.007973415370039481,0.007973415370039481,0.3,1,false,true,candidate,005678
18,0.25,12,0.3,0.01,0.00797341521316408,0.00797341521316408,0.3,1,false,true,candidate,005679
18,0.25,12,0.3,0.02,0.00797341146675956,0.00797341146675956,0.3,1,false,true,candidate,005680
18,0.25,12,0.5,0.005,0.01613231477673915,0.01613231477673915,0.5,1,false,true,candidate,005681
18,0.25,12,0.5,0.01,0.016132314538978672,0.016132314538978672,0.5,1,false,true,candidate,005682
18,0.25,12,0.5,0.02,0.016132308641928935,0.016132308641928935,0.5,1,false,true,candidate,005683
18,0.25,12,1.0,0.005,0.026143029673375777,0.026143029673375777,1.0,2,false,true,candidate,005684
18,0.25,12,1.0,0.01,0.026143029513362885,0.026143029513362885,1.0,2,false,true,candidate,005685
18,0.25,12,1.0,0.02,0.02614302275523172,0.02614302275523172,1.0,2,false,true,candidate,005686
18,0.25,12,3.0,0.005,0.0406315388086198,0.0406315388086198,3.0,5,true,false,candidate,005687
18,0.25,12,3.0,0.01,0.040631538227090085,0.040631538227090085,3.0,5,true,false,candidate,005688
18,0.25,12,3.0,0.02,0.04063151660877628,0.04063151660877628,3.0,5,true,false,candidate,005689
18,0.25,16,0.3,0.005,0.0020294203371969965,0.0020294203371969965,0.3,0,false,true,candidate,005690
18,0.25,16,0.3,0.01,0.002029420548526617,0.002029420548526617,0.3,0,false,true,candidate,005691
18,0.25,16,0.3,0.02,0.002029427554752661,0.002029427554752661,0.3,0,false,true,candidate,005692
18,0.25,16,0.5,0.005,0.0020473875225393012,0.0007945919550473857,0.32,1,false,true,candidate,005693
18,0.25,16,0.5,0.01,0.0020473877633889748,0.0007945925389145625,0.32,1,false,true,candidate,005694
18,0.25,16,0.5,0.02,0.0020473954826876195,0.0007946079549380203,0.32,1,false,true,candidate,005695
18,0.25,16,1.0,0.005,0.0020691392233349593,0.0004946216783731083,0.78,3,false,true,candidate,005696
18,0.25,16,1.0,0.01,0.002069138160090578,0.0004946229310852646,0.78,3,false,true,candidate,005697
18,0.25,16,1.0,0.02,0.0020691114611133266,0.0004946555109929252,0.78,3,false,true,candidate,005698
18,0.25,16,3.0,0.005,0.008027297708481873,0.002423737526195957,2.17,6,true,true,candidate,005699
18,0.25,16,3.0,0.01,0.008027294068148061,0.0024237349650375606,2.17,6,true,true,candidate,005700
18,0.25,16,3.0,0.02,0.008022914617384025,0.002423653876319154,2.18,6,true,true,candidate,005701
19,0.05,4,0.3,0.005,0.0010262573219996798,0.0010262573219996798,0.3,4,true,true,candidate,005702
19,0.05,4,0.3,0.01,0.0010262573230671592,0.0010262573230671592,0.3,4,true,true,candidate,005703
19,0.05,4,0.3,0.02,0.0010262573580982484,0.0010262573580982484,0.3,4,true,true,candidate,005704
19,0.05,4,0.5,0.005,0.0017824194779164641,0.0017824194779164641,0.5,4,true,true,candidate,005705
19,0.05,4,0.5,0.01,0.0017824194804370035,0.0017824194804370035,0.5,4,true,true,candidate,005706
19,0.05,4,0.5,0.02,0.0017824195506191969,0.0017824195506191969,0.5,4,true,true,candidate,005707
19,0.05,4,1.0,0.005,0.0020517268008874994,0.0013313312371874277,0.685,4,true,true,candidate,005708
19,0.05,4,1.0,0.01,0.0020516080563854904,0.0013313312466849416,0.68,4,true,true,candidate,005709
19,0.05,4,1.0,0.02,0.0020516081699609727,0.0013313314586200777,0.68,4,true,true,candidate,005710
19,0.05,4,3.0,0.005,0.02444091143012373,0.02410127696096776,2.9050000000000002,4,true,true,candidate,005711
19,0.05,4,3.0,0.01,0.024440378497762934,0.024101276998408368,2.91,4,true,true,candidate,005712
19,0.05,4,3.0,0.02,0.024439555554479304,0.024101277779415738,2.9,4,true,true,candidate,005713
19,0.05,6,0.3,0.005,0.002799732360692975,0.002799732360692975,0.3,6,true,true,candidate,005714
19,0.05,6,0.3,0.01,0.002799732354035634,0.002799732354035634,0.3,6,true,true,candidate,005715
19,0.05,6,0.3,0.02,0.0027997322822460595,0.0027997322822460595,0.3,6,true,true,candidate,005716
19,0.05,6,0.5,0.005,0.008041728179118525,0.008041728179118525,0.5,6,true,true,candidate,005717
19,0.05,6,0.5,0.01,0.008041728165529618,0.008041728165529618,0.5,6,true,true,candidate,005718
19,0.05,6,0.5,0.02,0.008041728004916761,0.008041728004916761,0.5,6,true,true,candidate,005719
19,0.05,6,1.0,0.005,0.02722025400336204,0.02722025400336204,1.0,6,true,true,candidate,005720
19,0.05,6,1.0,0.01,0.027220253977650384,0.027220253977650384,1.0,6,true,true,candidate,005721
19,0.05,6,1.0,0.02,0.027220253674125068,0.027220253674125068,1.0,6,true,true,candidate,005722
19,0.05,6,3.0,0.005,0.048704313508078925,0.028249448144611174,1.925,6,true,false,candidate,005723
19,0.05,6,3.0,0.01,0.048703930454646285,0.028249448240257664,1.92,6,true,false,candidate,005724
19,0.05,6,3.0,0.02,0.048703930790872665,0.028249450099914093,1.92,6,true,false,candidate,005725
19,0.05,8,0.3,0.005,0.00422037940535569,0.00422037940535569,0.3,8,true,true,candidate,005726
19,0.05,8,0.3,0.01,0.0042203793976383075,0.0042203793976383075,0.3,8,true,true,candidate,005727
19,0.05,8,0.3,0.02,0.004220379634012561,0.004220379634012561,0.3,8,true,true,candidate,005728
19,0.05,8,0.5,0.005,0.01360791679546125,0.01360791679546125,0.5,8,true,true,candidate,005729
19,0.05,8,0.5,0.01,0.013607916772802486,0.013607916772802486,0.5,8,true,true,candidate,005730
19,0.05,8,0.5,0.02,0.013607917004728631,0.013607917004728631,0.5,8,true,true,candidate,005731
19,0.05,8,1.0,0.005,0.03735469434866501,0.03735469434866501,1.0,8,true,false,candidate,005732
19,0.05,8,1.0,0.01,0.03735469436089334,0.03735469436089334,1.0,8,true,false,candidate,005733
19,0.05,8,1.0,0.02,0.0373546957192441,0.0373546957192441,1.0,8,true,false,candidate,005734
19,0.05,8,3.0,0.005,0.03856626337139679,0.025268962611130208,1.125,8,true,false,candidate,005735
19,0.05,8,3.0,0.01,0.0385646463736069,0.02526896297248138,1.12,8,true,false,candidate,005736
19,0.05,8,3.0,0.02,0.03856464835443352,0.025268972269111956,1.12,8,true,false,candidate,005737
19,0.05,12,0.3,0.005,0.004685284905924569,0.004685284905924569,0.3,12,true,true,candidate,005738
19,0.05,12,0.3,0.01,0.0046852849019227705,0.0046852849019227705,0.3,12,true,true,candidate,005739
19,0.05,12,0.3,0.02,0.00468528517843636,0.00468528517843636,0.3,12,true,true,candidate,005740
19,0.05,12,0.5,0.005,0.013600066048868431,0.013600066048868431,0.5,12,true,true,candidate,005741
19,0.05,12,0.5,0.01,0.013600066025299729,0.013600066025299729,0.5,12,true,true,candidate,005742
19,0.05,12,0.5,0.02,0.013600066212179795,0.013600066212179795,0.5,12,true,true,candidate,005743
19,0.05,12,1.0,0.005,0.043719237961426294,0.043719237961426294,1.0,12,true,false,candidate,005744
19,0.05,12,1.0,0.01,0.043719237962799085,0.043719237962799085,1.0,12,true,false,candidate,005745
19,0.05,12,1.0,0.02,0.043719239056820736,0.043719239056820736,1.0,12,true,false,candidate,005746
19,0.05,12,3.0,0.005,0.07123568304361227,0.06748569368671675,2.56,12,true,false,candidate,005747
19,0.05,12,3.0,0.01,0.07123568337844366,0.06748569426967099,2.56,12,true,false,candidate,005748
19,0.05,12,3.0,0.02,0.07123569163895138,0.06748570708808244,2.56,12,true,false,candidate,005749
19,0.05,16,0.3,0.005,0.005563073689017983,0.005563073689017983,0.3,16,true,true,candidate,005750
19,0.05,16,0.3,0.01,0.005563073393004769,0.005563073393004769,0.3,16,true,true,candidate,005751
19,0.05,16,0.3,0.02,0.005563066616108836,0.005563066616108836,0.3,16,true,true,candidate,005752
19,0.05,16,0.5,0.005,0.013216757569763038,0.013216757569763038,0.5,16,true,true,candidate,005753
19,0.05,16,0.5,0.01,0.013216757074641983,0.013216757074641983,0.5,16,true,true,candidate,005754
19,0.05,16,0.5,0.02,0.013216745663982898,0.013216745663982898,0.5,16,true,true,candidate,005755
19,0.05,16,1.0,0.005,0.022901877809707427,0.022901877809707427,1.0,16,true,true,candidate,005756
19,0.05,16,1.0,0.01,0.022901877270924853,0.022901877270924853,1.0,16,true,true,candidate,005757
19,0.05,16,1.0,0.02,0.02290186155608831,0.02290186155608831,1.0,16,true,true,candidate,005758
19,0.05,16,3.0,0.005,0.06161539714711739,0.05510621427917273,2.45,16,true,false,candidate,005759
19,0.05,16,3.0,0.01,0.06161539597051213,0.05510621225033385,2.45,16,true,false,candidate,005760
19,0.05,16,3.0,0.02,0.06161135200724255,0.055106159309505465,2.44,16,true,false,candidate,005761
19,0.1,4,0.3,0.005,0.0010262573219996798,0.0010262573219996798,0.3,4,true,true,candidate,005762
19,0.1,4,0.3,0.01,0.0010262573230671592,0.0010262573230671592,0.3,4,true,true,candidate,005763
19,0.1,4,0.3,0.02,0.0010262573580982484,0.0010262573580982484,0.3,4,true,true,candidate,005764
19,0.1,4,0.5,0.005,0.0017824194779164641,0.0017824194779164641,0.5,4,true,true,candidate,005765
19,0.1,4,0.5,0.01,0.0017824194804370035,0.0017824194804370035,0.5,4,true,true,candidate,005766
19,0.1,4,0.5,0.02,0.0017824195506191969,0.0017824195506191969,0.5,4,true,true,candidate,005767
19,0.1,4,1.0,0.005,0.0020517268008874994,0.0013313312371874277,0.685,4,true,true,candidate,005768
19,0.1,4,1.0,0.01,0.0020516080563854904,0.0013313312466849416,0.68,4,true,true,candidate,005769
19,0.1,4,1.0,0.02,0.0020516081699609727,0.0013313314586200777,0.68,4,true,true,candidate,005770
19,0.1,4,3.0,0.005,0.02444091143012373,0.02410127696096776,2.9050000000000002,4,true,true,candidate,005771
19,0.1,4,3.0,0.01,0.024440378497762934,0.024101276998408368,2.91,4,true,true,candidate,005772
19,0.1,4,3.0,0.02,0.024439555554479304,0.024101277779415738,2.9,4,true,true,candidate,005773
19,0.1,6,0.3,0.005,0.002799732360692975,0.002799732360692975,0.3,6,true,true,candidate,005774
19,0.1,6,0.3,0.01,0.002799732354035634,0.002799732354035634,0.3,6,true,true,candidate,005775
19,0.1,6,0.3,0.02,0.0027997322822460595,0.0027997322822460595,0.3,6,true,true,candidate,005776
19,0.1,6,0.5,0.005,0.008041728179118525,0.008041728179118525,0.5,6,true,true,candidate,005777
19,0.1,6,0.5,0.01,0.008041728165529618,0.008041728165529618,0.5,6,true,true,candidate,005778
19,0.1,6,0.5,0.02,0.008041728004916761,0.008041728004916761,0.5,6,true,true,candidate,005779
19,0.1,6,1.0,0.005,0.02722025400336204,0.02722025400336204,1.0,6,true,true,candidate,005780
19,0.1,6,1.0,0.01,0.027220253977650384,0.027220253977650384,1.0,6,true,true,candidate,005781
19,0.1,6,1.0,0.02,0.027220253674125068,0.027220253674125068,1.0,6,true,true,candidate,005782
19,0.1,6,3.0,0.005,0.048704313508078925,0.028249448144611174,1.925,6,true,false,candidate,005783
19,0.1,6,3.0,0.01,0.048703930454646285,0.028249448240257664,1.92,6,true,false,candidate,005784
19,0.1,6,3.0,0.02,0.048703930790872665,0.028249450099914093,1.92,6,true,false,candidate,005785
19,0.1,8,0.3,0.005,0.00422037940535569,0.00422037940535569,0.3,8,true,true,candidate,005786
19,0.1,8,0.3,0.01,0.0042203793976383075,0.0042203793976383075,0.3,8,true,true,candidate,005787
19,0.1,8,0.3,0.02,0.004220379634012561,0.004220379634012561,0.3,8,true,true,candidate,005788
19,0.1,8,0.5,0.005,0.01360791679546125,0.01360791679546125,0.5,8,true,true,candidate,005789
19,0.1,8,0.5,0.01,0.013607916772802486,0.013607916772802486,0.5,8,true,true,candidate,005790
19,0.1,8,0.5,0.02,0.013607917004728631,0.013607917004728631,0.5,8,true,true,candidate,005791
19,0.1,8,1.0,0.005,0.03735469434866501,0.03735469434866501,1.0,8,true,false,candidate,005792
19,0.1,8,1.0,0.01,0.03735469436089334,0.03735469436089334,1.0,8,true,false,candidate,005793
19,0.1,8,1.0,0.02,0.0373546957192441,0.0373546957192441,1.0,8,true,false,candidate,005794
19,0.1,8,3.0,0.005,0.03856626337139679,0.025268962611130208,1.125,8,true,false,candidate,005795
19,0.1,8,3.0,0.01,0.0385646463736069,0.02526896297248138,1.12,8,true,false,candidate,005796
19,0.1,8,3.0,0.02,0.03856464835443352,0.025268972269111956,1.12,8,true,false,candidate,005797
19,0.1,12,0.3,0.005,0.004685284905924569,0.004685284905924569,0.3,4,true,true,candidate,005798
19,0.1,12,0.3,0.01,0.0046852849019227705,0.0046852849019227705,0.3,4,true,true,candidate,005799
19,0.1,12,0.3,0.02,0.00468528517843636,0.00468528517843636,0.3,4,true,true,candidate,005800
19,0.1,12,0.5,0.005,0.013600066048868431,0.013600066048868431,0.5,4,true,true,candidate,005801
19,0.1,12,0.5,0.01,0.013600066025299729,0.013600066025299729,0.5,4,true,true,candidate,005802
19,0.1,12,0.5,0.02,0.013600066212179795,0.013600066212179795,0.5,4,true,true,candidate,005803
19,0.1,12,1.0,0.005,0.043719237961426294,0.043719237961426294,1.0,5,true,false,candidate,005804
19,0.1,12,1.0,0.01,0.043719237962799085,0.043719237962799085,1.0,5,true,false,candidate,005805
19,0.1,12,1.0,0.02,0.043719239056820736,0.043719239056820736,1.0,5,true,false,candidate,005806
19,0.1,12,3.0,0.005,0.07123568304361227,0.06748569368671675,2.56,9,true,false,candidate,005807
19,0.1,12,3.0,0.01,0.07123568337844366,0.06748569426967099,2.56,9,true,false,candidate,005808
19,0.1,12,3.0,0.02,0.07123569163895138,0.06748570708808244,2.56,9,true,false,candidate,005809
19,0.1,16,0.3,0.005,0.005563073689017983,0.005563073689017983,0.3,3,false,true,candidate,005810
19,0.1,16,0.3,0.01,0.005563073393004769,0.005563073393004769,0.3,3,false,true,candidate,005811
19,0.1,16,0.3,0.02,0.005563066616108836,0.005563066616108836,0.3,3,false,true,candidate,005812
19,0.1,16,0.5,0.005,0.013216757569763038,0.013216757569763038,0.5,3,false,true,candidate,005813
19,0.1,16,0.5,0.01,0.013216757074641983,0.013216757074641983,0.5,3,false,true,candidate,005814
19,0.1,16,0.5,0.02,0.013216745663982898,0.013216745663982898,0.5,3,false,true,candidate,005815
19,0.1,16,1.0,0.005,0.022901877809707427,0.022901877809707427,1.0,7,true,true,candidate,005816
19,0.1,16,1.0,0.01,0.022901877270924853,0.022901877270924853,1.0,7,true,true,candidate,005817
19,0.1,16,1.0,0.02,0.02290186155608831,0.02290186155608831,1.0,7,true,true,candidate,005818
19,0.1,16,3.0,0.005,0.06161539714711739,0.05510621427917273,2.45,14,true,false,candidate,005819
19,0.1,16,3.0,0.01,0.06161539597051213,0.05510621225033385,2.45,14,true,false,candidate,005820
19,0.1,16,3.0,0.02,0.06161135200724255,0.055106159309505465,2.44,14,true,false,candidate,005821
19,0.15,4,0.3,0.005,0.0010262573219996798,0.0010262573219996798,0.3,4,true,true,candidate,005822
19,0.15,4,0.3,0.01,0.0010262573230671592,0.0010262573230671592,0.3,4,true,true,candidate,005823
19,0.15,4,0.3,0.02,0.0010262573580982484,0.0010262573580982484,0.3,4,true,true,candidate,005824
19,0.15,4,0.5,0.005,0.0017824194779164641,0.0017824194779164641,0.5,4,true,true,candidate,005825
19,0.15,4,0.5,0.01,0.0017824194804370035,0.0017824194804370035,0.5,4,true,true,candidate,005826
19,0.15,4,0.5,0.02,0.0017824195506191969,0.0017824195506191969,0.5,4,true,true,candidate,005827
19,0.15,4,1.0,0.005,0.0020517268008874994,0.0013313312371874277,0.685,4,true,true,candidate,005828
19,0.15,4,1.0,0.01,0.0020516080563854904,0.0013313312466849416,0.68,4,true,true,candidate,005829
19,0.15,4,1.0,0.02,0.0020516081699609727,0.0013313314586200777,0.68,4,true,true,candidate,005830
19,0.15,4,3.0,0.005,0.02444091143012373,0.02410127696096776,2.9050000000000002,4,true,true,candidate,005831
19,0.15,4,3.0,0.01,0.024440378497762934,0.024101276998408368,2.91,4,true,true,candidate,005832
19,0.15,4,3.0,0.02,0.024439555554479304,0.024101277779415738,2.9,4,true,true,candidate,005833
19,0.15,6,0.3,0.005,0.002799732360692975,0.002799732360692975,0.3,5,true,true,candidate,005834
19,0.15,6,0.3,0.01,0.002799732354035634,0.002799732354035634,0.3,5,true,true,candidate,005835
19,0.15,6,0.3,0.02,0.0027997322822460595,0.0027997322822460595,0.3,5,true,true,candidate,005836
19,0.15,6,0.5,0.005,0.008041728179118525,0.008041728179118525,0.5,5,true,true,candidate,005837
19,0.15,6,0.5,0.01,0.008041728165529618,0.008041728165529618,0.5,5,true,true,candidate,005838
19,0.15,6,0.5,0.02,0.008041728004916761,0.008041728004916761,0.5,5,true,true,candidate,005839
19,0.15,6,1.0,0.005,0.02722025400336204,0.02722025400336204,1.0,5,true,true,candidate,005840
19,0.15,6,1.0,0.01,0.027220253977650384,0.027220253977650384,1.0,5,true,true,candidate,005841
19,0.15,6,1.0,0.02,0.027220253674125068,0.027220253674125068,1.0,5,true,true,candidate,005842
19,0.15,6,3.0,0.005,0.048704313508078925,0.028249448144611174,1.925,6,true,false,candidate,005843
19,0.15,6,3.0,0.01,0.048703930454646285,0.028249448240257664,1.92,6,true,false,candidate,005844
19,0.15,6,3.0,0.02,0.048703930790872665,0.028249450099914093,1.92,6,true,false,candidate,005845
19,0.15,8,0.3,0.005,0.00422037940535569,0.00422037940535569,0.3,2,false,true,candidate,005846
19,0.15,8,0.3,0.01,0.0042203793976383075,0.0042203793976383075,0.3,2,false,true,candidate,005847
19,0.15,8,0.3,0.02,0.004220379634012561,0.004220379634012561,0.3,2,false,true,candidate,005848
19,0.15,8,0.5,0.005,0.01360791679546125,0.01360791679546125,0.5,2,false,true,candidate,005849
19,0.15,8,0.5,0.01,0.013607916772802486,0.013607916772802486,0.5,2,false,true,candidate,005850
19,0.15,8,0.5,0.02,0.013607917004728631,0.013607917004728631,0.5,2,false,true,candidate,005851
19,0.15,8,1.0,0.005,0.03735469434866501,0.03735469434866501,1.0,4,true,false,candidate,005852
19,0.15,8,1.0,0.01,0.03735469436089334,0.03735469436089334,1.0,4,true,false,candidate,005853
19,0.15,8,1.0,0.02,0.0373546957192441,0.0373546957192441,1.0,4,true,false,candidate,005854
19,0.15,8,3.0,0.005,0.03856626337139679,0.025268962611130208,1.125,6,true,false,candidate,005855
19,0.15,8,3.0,0.01,0.0385646463736069,0.02526896297248138,1.12,6,true,false,candidate,005856
19,0.15,8,3.0,0.02,0.03856464835443352,0.025268972269111956,1.12,6,true,false,candidate,005857
19,0.15,12,0.3,0.005,0.004685284905924569,0.004685284905924569,0.3,1,false,true,candidate,005858
19,0.15,12,0.3,0.01,0.0046852849019227705,0.0046852849019227705,0.3,1,false,true,candidate,005859
19,0.15,12,0.3,0.02,0.00468528517843636,0.00468528517843636,0.3,1,false,true,candidate,005860
19,0.15,12,0.5,0.005,0.013600066048868431,0.013600066048868431,0.5,2,false,true,candidate,005861
19,0.15,12,0.5,0.01,0.013600066025299729,0.013600066025299729,0.5,2,false,true,candidate,005862
19,0.15,12,0.5,0.02,0.013600066212179795,0.013600066212179795,0.5,2,false,true,candidate,005863
19,0.15,12,1.0,0.005,0.043719237961426294,0.043719237961426294,1.0,2,false,false,candidate,005864
19,0.15,12,1.0,0.01,0.043719237962799085,0.043719237962799085,1.0,2,false,false,candidate,005865
19,0.15,12,1.0,0.02,0.043719239056820736,0.043719239056820736,1.0,2,false,false,candidate,005866
19,0.15,12,3.0,0.005,0.07123568304361227,0.06748569368671675,2.56,7,true,false,candidate,005867
19,0.15,12,3.0,0.01,0.07123568337844366,0.06748569426967099,2.56,7,true,false,candidate,005868
19,0.15,12,3.0,0.02,0.07123569163895138,0.06748570708808244,2.56,7,true,false,candidate,005869
19,0.15,16,0.3,0.005,0.005563073689017983,0.005563073689017983,0.3,2,false,true,candidate,005870
19,0.15,16,0.3,0.01,0.005563073393004769,0.005563073393004769,0.3,2,false,true,candidate,005871
19,0.15,16,0.3,0.02,0.005563066616108836,0.005563066616108836,0.3,2,false,true,candidate,005872
19,0.15,16,0.5,0.005,0.013216757569763038,0.013216757569763038,0.5,2,false,true,candidate,005873
19,0.15,16,0.5,0.01,0.013216757074641983,0.013216757074641983,0.5,2,false,true,candidate,005874
19,0.15,16,0.5,0.02,0.013216745663982898,0.013216745663982898,0.5,2,false,true,candidate,005875
19,0.15,16,1.0,0.005,0.022901877809707427,0.022901877809707427,1.0,4,true,true,candidate,005876
19,0.15,16,1.0,0.01,0.022901877270924853,0.022901877270924853,1.0,4,true,true,candidate,005877
19,0.15,16,1.0,0.02,0.02290186155608831,0.02290186155608831,1.0,4,true,true,candidate,005878
19,0.15,16,3.0,0.005,0.06161539714711739,0.05510621427917273,2.45,12,true,false,candidate,005879
19,0.15,16,3.0,0.01,0.06161539597051213,0.05510621225033385,2.45,12,true,false,candidate,005880
19,0.15,16,3.0,0.02,0.06161135200724255,0.055106159309505465,2.44,12,true,false,candidate,005881
19,0.2,4,0.3,0.005,0.0010262573219996798,0.0010262573219996798,0.3,4,true,true,candidate,005882
19,0.2,4,0.3,0.01,0.0010262573230671592,0.0010262573230671592,0.3,4,true,true,candidate,005883
19,0.2,4,0.3,0.02,0.0010262573580982484,0.0010262573580982484,0.3,4,true,true,candidate,005884
19,0.2,4,0.5,0.005,0.0017824194779164641,0.0017824194779164641,0.5,4,true,true,candidate,005885
19,0.2,4,0.5,0.01,0.0017824194804370035,0.0017824194804370035,0.5,4,true,true,candidate,005886
19,0.2,4,0.5,0.02,0.0017824195506191969,0.0017824195506191969,0.5,4,true,true,candidate,005887
19,0.2,4,1.0,0.005,0.0020517268008874994,0.0013313312371874277,0.685,4,true,true,candidate,005888
19,0.2,4,1.0,0.01,0.0020516080563854904,0.0013313312466849416,0.68,4,true,true,candidate,005889
19,0.2,4,1.0,0.02,0.0020516081699609727,0.0013313314586200777,0.68,4,true,true,candidate,005890
19,0.2,4,3.0,0.005,0.02444091143012373,0.02410127696096776,2.9050000000000002,4,true,true,candidate,005891
19,0.2,4,3.0,0.01,0.024440378497762934,0.024101276998408368,2.91,4,true,true,candidate,005892
19,0.2,4,3.0,0.02,0.024439555554479304,0.024101277779415738,2.9,4,true,true,candidate,005893
19,0.2,6,0.3,0.005,0.002799732360692975,0.002799732360692975,0.3,2,false,true,candidate,005894
19,0.2,6,0.3,0.01,0.002799732354035634,0.002799732354035634,0.3,2,false,true,candidate,005895
19,0.2,6,0.3,0.02,0.0027997322822460595,0.0027997322822460595,0.3,2,false,true,candidate,005896
19,0.2,6,0.5,0.005,0.008041728179118525,0.008041728179118525,0.5,2,false,true,candidate,005897
19,0.2,6,0.5,0.01,0.008041728165529618,0.008041728165529618,0.5,2,false,true,candidate,005898
19,0.2,6,0.5,0.02,0.008041728004916761,0.008041728004916761,0.5,2,false,true,candidate,005899
19,0.2,6,1.0,0.005,0.02722025400336204,0.02722025400336204,1.0,2,false,true,candidate,005900
19,0.2,6,1.0,0.01,0.027220253977650384,0.027220253977650384,1.0,2,false,true,candidate,005901
19,0.2,6,1.0,0.02,0.027220253674125068,0.027220253674125068,1.0,2,false,true,candidate,005902
19,0.2,6,3.0,0.005,0.048704313508078925,0.028249448144611174,1.925,5,true,false,candidate,005903
19,0.2,6,3.0,0.01,0.048703930454646285,0.028249448240257664,1.92,5,true,false,candidate,005904
19,0.2,6,3.0,0.02,0.048703930790872665,0.028249450099914093,1.92,5,true,false,candidate,005905
19,0.2,8,0.3,0.005,0.00422037940535569,0.00422037940535569,0.3,1,false,true,candidate,005906
19,0.2,8,0.3,0.01,0.0042203793976383075,0.0042203793976383075,0.3,1,false,true,candidate,005907
19,0.2,8,0.3,0.02,0.004220379634012561,0.004220379634012561,0.3,1,false,true,candidate,005908
19,0.2,8,0.5,0.005,0.01360791679546125,0.01360791679546125,0.5,1,false,true,candidate,005909
19,0.2,8,0.5,0.01,0.013607916772802486,0.013607916772802486,0.5,1,false,true,candidate,005910
19,0.2,8,0.5,0.02,0.013607917004728631,0.013607917004728631,0.5,1,false,true,candidate,005911
19,0.2,8,1.0,0.005,0.03735469434866501,0.03735469434866501,1.0,2,false,false,candidate,005912
19,0.2,8,1.0,0.01,0.03735469436089334,0.03735469436089334,1.0,2,false,false,candidate,005913
19,0.2,8,1.0,0.02,0.0373546957192441,0.0373546957192441,1.0,2,false,false,candidate,005914
19,0.2,8,3.0,0.005,0.03856626337139679,0.025268962611130208,1.125,5,true,false,candidate,005915
19,0.2,8,3.0,0.01,0.0385646463736069,0.02526896297248138,1.12,5,true,false,candidate,005916
19,0.2,8,3.0,0.02,0.03856464835443352,0.025268972269111956,1.12,5,true,false,candidate,005917
19,0.2,12,0.3,0.005,0.004685284905924569,0.004685284905924569,0.3,1,false,true,candidate,005918
19,0.2,12,0.3,0.01,0.0046852849019227705,0.0046852849019227705,0.3,1,false,true,candidate,005919
19,0.2,12,0.3,0.02,0.00468528517843636,0.00468528517843636,0.3,1,false,true,candidate,005920
19,0.2,12,0.5,0.005,0.013600066048868431,0.013600066048868431,0.5,1,false,true,candidate,005921
19,0.2,12,0.5,0.01,0.013600066025299729,0.013600066025299729,0.5,1,false,true,candidate,005922
19,0.2,12,0.5,0.02,0.013600066212179795,0.013600066212179795,0.5,1,false,true,candidate,005923
19,0.2,12,1.0,0.005,0.043719237961426294,0.043719237961426294,1.0,2,false,false,candidate,005924
19,0.2,12,1.0,0.01,0.043719237962799085,0.043719237962799085,1.0,2,false,false,candidate,005925
19,0.2,12,1.0,0.02,0.043719239056820736,0.043719239056820736,1.0,2,false,false,candidate,005926
19,0.2,12,3.0,0.005,0.07123568304361227,0.06748569368671675,2.56,5,true,false,candidate,005927
19,0.2,12,3.0,0.01,0.07123568337844366,0.06748569426967099,2.56,5,true,false,candidate,005928
19,0.2,12,3.0,0.02,0.07123569163895138,0.06748570708808244,2.56,5,true,false,candidate,005929
19,0.2,16,0.3,0.005,0.005563073689017983,0.005563073689017983,0.3,0,false,true,candidate,005930
19,0.2,16,0.3,0.01,0.005563073393004769,0.005563073393004769,0.3,0,false,true,candidate,005931
19,0.2,16,0.3,0.02,0.005563066616108836,0.005563066616108836,0.3,0,false,true,candidate,005932
19,0.2,16,0.5,0.005,0.013216757569763038,0.013216757569763038,0.5,1,false,true,candidate,005933
19,0.2,16,0.5,0.01,0.013216757074641983,0.013216757074641983,0.5,1,false,true,candidate,005934
19,0.2,16,0.5,0.02,0.013216745663982898,0.013216745663982898,0.5,1,false,true,candidate,005935
19,0.2,16,1.0,0.005,0.022901877809707427,0.022901877809707427,1.0,1,false,true,candidate,005936
19,0.2,16,1.0,0.01,0.022901877270924853,0.022901877270924853,1.0,1,false,true,candidate,005937
19,0.2,16,1.0,0.02,0.02290186155608831,0.02290186155608831,1.0,1,false,true,candidate,005938
19,0.2,16,3.0,0.005,0.06161539714711739,0.05510621427917273,2.45,6,true,false,candidate,005939
19,0.2,16,3.0,0.01,0.06161539597051213,0.05510621225033385,2.45,6,true,false,candidate,005940
19,0.2,16,3.0,0.02,0.06161135200724255,0.055106159309505465,2.44,6,true,false,candidate,005941
19,0.25,4,0.3,0.005,0.0010262573219996798,0.0010262573219996798,0.3,3,false,true,candidate,005942
19,0.25,4,0.3,0.01,0.0010262573230671592,0.0010262573230671592,0.3,3,false,true,candidate,005943
19,0.25,4,0.3,0.02,0.0010262573580982484,0.0010262573580982484,0.3,3,false,true,candidate,005944
19,0.25,4,0.5,0.005,0.0017824194779164641,0.0017824194779164641,0.5,3,false,true,candidate,005945
19,0.25,4,0.5,0.01,0.0017824194804370035,0.0017824194804370035,0.5,3,false,true,candidate,005946
19,0.25,4,0.5,0.02,0.0017824195506191969,0.0017824195506191969,0.5,3,false,true,candidate,005947
19,0.25,4,1.0,0.005,0.0020517268008874994,0.0013313312371874277,0.685,3,false,true,candidate,005948
19,0.25,4,1.0,0.01,0.0020516080563854904,0.0013313312466849416,0.68,3,false,true,candidate,005949
19,0.25,4,1.0,0.02,0.0020516081699609727,0.0013313314586200777,0.68,3,false,true,candidate,005950
19,0.25,4,3.0,0.005,0.02444091143012373,0.02410127696096776,2.9050000000000002,4,true,true,candidate,005951
19,0.25,4,3.0,0.01,0.024440378497762934,0.024101276998408368,2.91,4,true,true,candidate,005952
19,0.25,4,3.0,0.02,0.024439555554479304,0.024101277779415738,2.9,4,true,true,candidate,005953
19,0.25,6,0.3,0.005,0.002799732360692975,0.002799732360692975,0.3,2,false,true,candidate,005954
19,0.25,6,0.3,0.01,0.002799732354035634,0.002799732354035634,0.3,2,false,true,candidate,005955
19,0.25,6,0.3,0.02,0.0027997322822460595,0.0027997322822460595,0.3,2,false,true,candidate,005956
19,0.25,6,0.5,0.005,0.008041728179118525,0.008041728179118525,0.5,2,false,true,candidate,005957
19,0.25,6,0.5,0.01,0.008041728165529618,0.008041728165529618,0.5,2,false,true,candidate,005958
19,0.25,6,0.5,0.02,0.008041728004916761,0.008041728004916761,0.5,2,false,true,candidate,005959
19,0.25,6,1.0,0.005,0.02722025400336204,0.02722025400336204,1.0,2,false,true,candidate,005960
19,0.25,6,1.0,0.01,0.027220253977650384,0.027220253977650384,1.0,2,false,true,candidate,005961
19,0.25,6,1.0,0.02,0.027220253674125068,0.027220253674125068,1.0,2,false,true,candidate,005962
19,0.25,6,3.0,0.005,0.048704313508078925,0.028249448144611174,1.925,4,true,false,candidate,005963
19,0.25,6,3.0,0.01,0.048703930454646285,0.028249448240257664,1.92,4,true,false,candidate,005964
19,0.25,6,3.0,0.02,0.048703930790872665,0.028249450099914093,1.92,4,true,false,candidate,005965
19,0.25,8,0.3,0.005,0.00422037940535569,0.00422037940535569,0.3,1,false,true,candidate,005966
19,0.25,8,0.3,0.01,0.0042203793976383075,0.0042203793976383075,0.3,1,false,true,candidate,005967
19,0.25,8,0.3,0.02,0.004220379634012561,0.004220379634012561,0.3,1,false,true,candidate,005968
19,0.25,8,0.5,0.005,0.01360791679546125,0.01360791679546125,0.5,1,false,true,candidate,005969
19,0.25,8,0.5,0.01,0.013607916772802486,0.013607916772802486,0.5,1,false,true,candidate,005970
19,0.25,8,0.5,0.02,0.013607917004728631,0.013607917004728631,0.5,1,false,true,candidate,005971
19,0.25,8,1.0,0.005,0.03735469434866501,0.03735469434866501,1.0,1,false,false,candidate,005972
19,0.25,8,1.0,0.01,0.03735469436089334,0.03735469436089334,1.0,1,false,false,candidate,005973
19,0.25,8,1.0,0.02,0.0373546957192441,0.0373546957192441,1.0,1,false,false,candidate,005974
19,0.25,8,3.0,0.005,0.03856626337139679,0.025268962611130208,1.125,5,true,false,candidate,005975
19,0.25,8,3.0,0.01,0.0385646463736069,0.02526896297248138,1.12,5,true,false,candidate,005976
19,0.25,8,3.0,0.02,0.03856464835443352,0.025268972269111956,1.12,5,true,false,candidate,005977
19,0.25,12,0.3,0.005,0.004685284905924569,0.004685284905924569,0.3,1,false,true,candidate,005978
19,0.25,12,0.3,0.01,0.0046852849019227705,0.0046852849019227705,0.3,1,false,true,candidate,005979
19,0.25,12,0.3,0.02,0.00468528517843636,0.00468528517843636,0.3,1,false,true,candidate,005980
19,0.25,12,0.5,0.005,0.013600066048868431,0.013600066048868431,0.5,1,false,true,candidate,005981
19,0.25,12,0.5,0.01,0.013600066025299729,0.013600066025299729,0.5,1,false,true,candidate,005982
19,0.25,12,0.5,0.02,0.013600066212179795,0.013600066212179795,0.5,1,false,true,candidate,005983
19,0.25,12,1.0,0.005,0.043719237961426294,0.043719237961426294,1.0,2,false,false,candidate,005984
19,0.25,12,1.0,0.01,0.043719237962799085,0.043719237962799085,1.0,2,false,false,candidate,005985
19,0.25,12,1.0,0.02,0.043719239056820736,0.043719239056820736,1.0,2,false,false,candidate,005986
19,0.25,12,3.0,0.005,0.07123568304361227,0.06748569368671675,2.56,5,true,false,candidate,005987
19,0.25,12,3.0,0.01,0.07123568337844366,0.06748569426967099,2.56,5,true,false,candidate,005988
19,0.25,12,3.0,0.02,0.07123569163895138,0.06748570708808244,2.56,5,true,false,candidate,005989
19,0.25,16,0.3,0.005,0.005563073689017983,0.005563073689017983,0.3,0,false,true,candidate,005990
19,0.25,16,0.3,0.01,0.005563073393004769,0.005563073393004769,0.3,0,false,true,candidate,005991
19,0.25,16,0.3,0.02,0.005563066616108836,0.005563066616108836,0.3,0,false,true,candidate,005992
19,0.25,16,0.5,0.005,0.013216757569763038,0.013216757569763038,0.5,1,false,true,candidate,005993
19,0.25,16,0.5,0.01,0.013216757074641983,0.013216757074641983,0.5,1,false,true,candidate,005994
19,0.25,16,0.5,0.02,0.013216745663982898,0.013216745663982898,0.5,1,false,true,candidate,005995
19,0.25,16,1.0,0.005,0.022901877809707427,0.022901877809707427,1.0,1,false,true,candidate,005996
19,0.25,16,1.0,0.01,0.022901877270924853,0.022901877270924853,1.0,1,false,true,candidate,005997
19,0.25,16,1.0,0.02,0.02290186155608831,0.02290186155608831,1.0,1,false,true,candidate,005998
19,0.25,16,3.0,0.005,0.06161539714711739,0.05510621427917273,2.45,4,true,false,candidate,005999
19,0.25,16,3.0,0.01,0.06161539597051213,0.05510621225033385,2.45,4,true,false,candidate,006000
19,0.25,16,3.0,0.02,0.06161135200724255,0.055106159309505465,2.44,4,true,false,candidate,006001
